,u,i,ts,label,idx
0,12,39,0.0,1,1
1,48,54,2635.0,1,2
2,69,60,4249.0,1,3
3,69,60,13362.0,1,4
4,33,84,16943.0,1,5
5,33,84,17283.0,1,6
6,33,84,18423.0,1,7
7,54,48,18442.0,1,8
8,54,48,18459.0,1,9
9,57,26,18846.0,1,11
10,57,24,18846.0,1,10
11,57,65,18846.0,1,12
12,48,54,20429.0,1,13
13,22,54,20508.0,1,14
14,57,26,22407.0,1,15
15,48,22,22792.0,1,16
16,54,48,22820.0,1,17
17,57,26,22937.0,1,18
18,5,38,24198.0,1,19
19,25,71,25129.0,1,20
20,69,30,26781.0,1,21
21,83,56,26988.0,1,22
22,60,22,28306.0,1,24
23,60,17,28306.0,1,23
24,57,26,29413.0,1,26
25,57,24,29413.0,1,25
26,57,65,29413.0,1,27
27,17,60,29929.0,1,28
28,17,22,29929.0,1,29
29,24,57,30142.0,1,30
30,22,54,31530.0,1,31
31,29,60,31931.0,1,32
32,57,26,31969.0,1,33
33,57,26,33378.0,1,34
34,69,30,35509.0,1,37
35,69,21,35509.0,1,36
36,69,66,35509.0,1,35
37,69,60,36272.0,1,38
38,65,54,68947.0,1,39
39,39,54,92562.0,1,40
40,39,64,92968.0,1,41
41,15,77,97258.0,1,42
42,61,56,98702.0,1,43
43,33,84,100886.0,1,44
44,38,5,101099.0,1,45
45,33,84,101266.0,1,46
46,54,65,102236.0,1,47
47,70,80,102737.0,1,48
48,66,5,106544.0,1,49
49,85,64,110945.0,1,50
50,24,54,112161.0,1,51
51,65,24,115393.0,1,52
52,69,60,115967.0,1,53
53,48,24,118759.0,1,54
54,60,21,127703.0,1,55
55,1,89,177248.0,1,56
56,54,67,181093.0,1,57
57,38,5,186611.0,1,58
58,15,77,187754.0,1,59
59,57,65,190698.0,1,62
60,57,26,190698.0,1,61
61,57,24,190698.0,1,60
62,57,35,190698.0,1,63
63,57,26,190960.0,1,65
64,57,24,190960.0,1,64
65,57,65,190960.0,1,66
66,23,21,191335.0,1,73
67,23,66,191335.0,1,72
68,23,59,191335.0,1,69
69,23,8,191335.0,1,68
70,23,6,191335.0,1,71
71,23,62,191335.0,1,70
72,23,60,191335.0,1,67
73,23,81,191335.0,1,75
74,23,69,191335.0,1,76
75,23,44,191335.0,1,74
76,23,88,191335.0,1,78
77,23,30,191335.0,1,77
78,24,65,191337.0,1,79
79,49,60,191360.0,1,80
80,69,60,192103.0,1,81
81,25,49,195694.0,1,82
82,65,35,195787.0,1,83
83,54,24,197408.0,1,84
84,54,17,198018.0,1,85
85,17,35,199476.0,1,86
86,87,56,201101.0,1,87
87,87,56,201948.0,1,88
88,54,17,202648.0,1,89
89,25,15,205462.0,1,90
90,15,25,207076.0,1,91
91,49,25,209770.0,1,92
92,24,65,210924.0,1,93
93,23,66,212536.0,1,96
94,23,69,212536.0,1,97
95,23,62,212536.0,1,95
96,23,59,212536.0,1,94
97,23,58,212536.0,1,98
98,66,5,212898.0,1,99
99,60,16,216287.0,1,102
100,60,69,216287.0,1,101
101,60,8,216287.0,1,100
102,54,48,267362.0,1,103
103,87,56,268377.0,1,104
104,85,2,268508.0,1,107
105,85,25,268508.0,1,105
106,85,35,268508.0,1,109
107,85,20,268508.0,1,108
108,85,64,268508.0,1,106
109,33,84,268897.0,1,110
110,33,4,268897.0,1,111
111,25,85,270278.0,1,112
112,48,54,273105.0,1,113
113,85,39,273277.0,1,114
114,85,39,273287.0,1,115
115,87,56,274651.0,1,116
116,48,25,282967.0,1,117
117,64,2,283896.0,1,118
118,64,20,283950.0,1,119
119,87,56,284018.0,1,120
120,20,2,286652.0,1,122
121,20,64,286652.0,1,121
122,20,64,286696.0,1,123
123,20,2,286696.0,1,124
124,54,49,289730.0,1,125
125,38,53,290078.0,1,126
126,38,5,290256.0,1,127
127,33,84,290424.0,1,128
128,33,4,290424.0,1,129
129,77,15,291241.0,1,130
130,87,56,294839.0,1,131
131,83,80,296102.0,1,132
132,83,82,298933.0,1,133
133,2,83,350813.0,1,134
134,88,60,353669.0,1,135
135,88,16,353669.0,1,136
136,2,64,353801.0,1,137
137,88,60,353862.0,1,138
138,88,16,353862.0,1,139
139,48,51,360808.0,1,140
140,55,80,361591.0,1,141
141,43,49,362538.0,1,144
142,43,67,362538.0,1,143
143,43,50,362538.0,1,146
144,43,55,362538.0,1,145
145,43,56,362538.0,1,142
146,43,80,362538.0,1,147
147,70,20,364015.0,1,148
148,54,17,364536.0,1,149
149,55,43,365123.0,1,150
150,80,25,367528.0,1,151
151,80,83,367694.0,1,152
152,13,55,368300.0,1,153
153,29,49,371780.0,1,154
154,49,43,377779.0,1,155
155,57,26,377978.0,1,158
156,57,80,377978.0,1,161
157,57,65,377978.0,1,159
158,57,24,377978.0,1,157
159,57,35,377978.0,1,160
160,57,8,377978.0,1,156
161,69,81,379254.0,1,162
162,35,88,385860.0,1,163
163,84,33,386499.0,1,164
164,84,54,387829.0,1,165
165,83,2,473523.0,1,166
166,88,16,566609.0,1,167
167,33,84,612748.0,1,168
168,50,43,614225.0,1,169
169,24,65,626142.0,1,170
170,17,61,629071.0,1,171
171,61,35,631578.0,1,172
172,48,54,634687.0,1,173
173,48,67,635080.0,1,174
174,83,25,637170.0,1,175
175,56,87,637468.0,1,176
176,25,83,640565.0,1,177
177,48,54,695857.0,1,178
178,48,24,695857.0,1,179
179,49,43,698337.0,1,180
180,48,54,707397.0,1,182
181,48,67,707397.0,1,181
182,87,56,707620.0,1,183
183,48,24,707635.0,1,184
184,24,48,710616.0,1,185
185,87,56,710647.0,1,186
186,87,56,712369.0,1,187
187,10,43,714643.0,1,188
188,69,23,715158.0,1,189
189,69,21,715158.0,1,191
190,69,35,715158.0,1,192
191,69,66,715158.0,1,190
192,69,30,715158.0,1,193
193,43,10,715412.0,1,194
194,49,67,718889.0,1,195
195,35,69,720095.0,1,196
196,87,33,722186.0,1,200
197,87,46,722186.0,1,199
198,87,23,722186.0,1,198
199,87,84,722186.0,1,197
200,49,43,723375.0,1,201
201,69,35,723708.0,1,202
202,49,43,723947.0,1,203
203,57,24,724697.0,1,204
204,67,49,733609.0,1,205
205,70,80,785628.0,1,206
206,70,80,785885.0,1,207
207,49,29,786164.0,1,208
208,70,80,786411.0,1,209
209,25,2,787273.0,1,210
210,35,83,787404.0,1,211
211,33,84,788612.0,1,212
212,55,80,792372.0,1,213
213,64,2,792967.0,1,214
214,54,65,793528.0,1,215
215,61,29,794282.0,1,216
216,80,55,795113.0,1,217
217,57,26,796843.0,1,219
218,57,24,796843.0,1,218
219,57,35,796843.0,1,221
220,57,65,796843.0,1,220
221,65,54,797605.0,1,222
222,87,2,801061.0,1,223
223,67,48,806123.0,1,224
224,83,2,806821.0,1,225
225,48,78,809185.0,1,226
226,29,60,809511.0,1,227
227,69,60,810121.0,1,228
228,38,69,810615.0,1,229
229,80,69,810774.0,1,230
230,80,70,812551.0,1,231
231,57,26,814007.0,1,233
232,57,24,814007.0,1,232
233,57,65,814007.0,1,234
234,24,57,814656.0,1,235
235,57,35,823281.0,1,239
236,57,65,823281.0,1,238
237,57,26,823281.0,1,237
238,57,24,823281.0,1,236
239,57,26,825845.0,1,240
240,15,25,871531.0,1,241
241,15,35,872714.0,1,243
242,15,25,872714.0,1,242
243,43,69,872934.0,1,244
244,69,30,875483.0,1,248
245,69,21,875483.0,1,247
246,69,66,875483.0,1,246
247,69,23,875483.0,1,245
248,49,43,876423.0,1,249
249,20,35,881192.0,1,254
250,20,64,881192.0,1,251
251,20,85,881192.0,1,252
252,20,2,881192.0,1,253
253,20,25,881192.0,1,250
254,43,49,882143.0,1,255
255,35,20,882527.0,1,256
256,55,69,883692.0,1,257
257,48,13,883852.0,1,258
258,20,35,883999.0,1,259
259,70,20,884725.0,1,260
260,17,49,885223.0,1,261
261,49,17,885637.0,1,262
262,83,56,887875.0,1,263
263,85,46,894080.0,1,264
264,48,54,896091.0,1,265
265,49,17,896966.0,1,266
266,83,64,898450.0,1,267
267,83,2,898450.0,1,268
268,83,20,898450.0,1,269
269,83,87,898450.0,1,270
270,83,2,898452.0,1,271
271,85,65,901458.0,1,272
272,17,49,901708.0,1,273
273,49,17,903301.0,1,274
274,57,24,909013.0,1,275
275,88,25,987860.0,1,276
276,54,48,1125221.0,1,277
277,2,64,1131797.0,1,278
278,77,61,1132637.0,1,279
279,60,15,1134666.0,1,280
280,88,60,1136545.0,1,281
281,15,60,1137083.0,1,282
282,61,57,1137200.0,1,283
283,57,61,1137290.0,1,284
284,60,88,1137323.0,1,285
285,48,24,1137457.0,1,286
286,43,56,1137727.0,1,287
287,43,67,1137727.0,1,288
288,43,50,1137727.0,1,291
289,43,80,1137727.0,1,292
290,43,55,1137727.0,1,290
291,43,49,1137727.0,1,289
292,54,61,1137917.0,1,293
293,48,24,1138231.0,1,294
294,5,66,1138386.0,1,295
295,83,56,1138758.0,1,296
296,83,2,1143090.0,1,297
297,49,43,1144279.0,1,298
298,25,35,1145660.0,1,299
299,77,61,1145779.0,1,300
300,57,24,1159558.0,1,301
301,83,87,1162137.0,1,302
302,54,17,1213000.0,1,303
303,85,31,1213519.0,1,304
304,87,56,1215555.0,1,305
305,25,17,1220893.0,1,306
306,60,17,1221262.0,1,307
307,54,65,1224815.0,1,308
308,43,10,1226134.0,1,309
309,54,17,1229350.0,1,310
310,85,46,1233201.0,1,311
311,65,50,1237701.0,1,313
312,65,24,1237701.0,1,312
313,77,61,1238129.0,1,314
314,60,54,1242059.0,1,315
315,49,43,1243644.0,1,316
316,83,87,1244032.0,1,317
317,57,65,1244951.0,1,320
318,57,24,1244951.0,1,318
319,57,35,1244951.0,1,321
320,57,26,1244951.0,1,319
321,58,12,1245595.0,1,324
322,58,84,1245595.0,1,322
323,58,23,1245595.0,1,323
324,58,66,1245739.0,1,325
325,55,25,1246736.0,1,326
326,60,88,1247646.0,1,327
327,83,25,1248248.0,1,328
328,60,88,1248592.0,1,329
329,60,88,1248653.0,1,330
330,5,66,1249975.0,1,331
331,80,13,1255027.0,1,332
332,25,83,1259054.0,1,333
333,58,85,1260190.0,1,335
334,58,39,1260190.0,1,334
335,52,62,1301975.0,1,336
336,38,5,1308239.0,1,337
337,48,54,1308775.0,1,338
338,38,5,1309751.0,1,339
339,17,16,1315732.0,1,342
340,17,5,1315732.0,1,341
341,17,32,1315732.0,1,340
342,67,49,1316343.0,1,343
343,49,48,1316436.0,1,348
344,49,54,1316436.0,1,346
345,49,52,1316436.0,1,347
346,49,32,1316436.0,1,344
347,49,67,1316436.0,1,345
348,43,50,1324206.0,1,352
349,43,55,1324206.0,1,351
350,43,67,1324206.0,1,350
351,43,56,1324206.0,1,349
352,70,20,1325757.0,1,353
353,61,56,1326627.0,1,354
354,67,43,1327100.0,1,355
355,80,43,1328112.0,1,356
356,25,20,1331495.0,1,357
357,32,80,1331851.0,1,358
358,46,85,1332878.0,1,359
359,80,55,1336697.0,1,360
360,55,80,1343943.0,1,361
361,5,17,1347918.0,1,362
362,87,83,1386631.0,1,363
363,48,54,1387159.0,1,364
364,39,12,1388868.0,1,365
365,43,56,1390562.0,1,366
366,43,55,1390562.0,1,367
367,43,50,1390562.0,1,368
368,70,20,1390921.0,1,369
369,70,24,1391696.0,1,370
370,24,70,1392149.0,1,371
371,50,43,1392412.0,1,372
372,49,60,1392510.0,1,373
373,48,78,1394142.0,1,374
374,55,43,1394543.0,1,375
375,15,86,1395644.0,1,377
376,15,25,1395644.0,1,376
377,43,67,1398218.0,1,379
378,43,80,1398218.0,1,383
379,43,50,1398218.0,1,382
380,43,55,1398218.0,1,381
381,43,56,1398218.0,1,378
382,43,49,1398218.0,1,380
383,49,43,1398775.0,1,384
384,77,61,1402621.0,1,385
385,43,67,1403281.0,1,387
386,43,80,1403281.0,1,391
387,43,50,1403281.0,1,390
388,43,55,1403281.0,1,389
389,43,56,1403281.0,1,386
390,43,49,1403281.0,1,388
391,55,80,1405845.0,1,392
392,49,67,1406130.0,1,393
393,57,80,1407293.0,1,397
394,57,26,1407293.0,1,395
395,57,65,1407293.0,1,396
396,57,24,1407293.0,1,394
397,43,55,1411415.0,1,398
398,43,30,1411602.0,1,399
399,80,25,1411893.0,1,400
400,25,3,1411912.0,1,401
401,29,49,1416919.0,1,402
402,80,25,1416936.0,1,403
403,43,49,1417638.0,1,404
404,57,26,1418563.0,1,405
405,49,43,1420723.0,1,406
406,46,65,1426765.0,1,407
407,23,58,1435183.0,1,408
408,58,23,1466934.0,1,409
409,48,54,1473833.0,1,410
410,54,48,1477566.0,1,411
411,67,48,1478147.0,1,412
412,65,24,1480408.0,1,413
413,48,24,1480490.0,1,415
414,48,54,1480490.0,1,414
415,24,65,1480537.0,1,416
416,87,56,1480701.0,1,417
417,38,5,1482082.0,1,418
418,54,48,1482160.0,1,419
419,43,49,1483113.0,1,420
420,5,67,1483133.0,1,421
421,23,58,1483363.0,1,422
422,38,5,1485078.0,1,423
423,29,49,1486648.0,1,424
424,55,49,1487927.0,1,425
425,49,55,1489325.0,1,426
426,70,20,1489806.0,1,427
427,70,20,1489810.0,1,428
428,70,20,1489853.0,1,429
429,61,56,1490229.0,1,430
430,54,17,1490260.0,1,431
431,54,50,1490260.0,1,432
432,83,82,1490659.0,1,433
433,2,88,1490960.0,1,434
434,80,70,1497275.0,1,435
435,65,46,1497797.0,1,436
436,55,80,1498969.0,1,437
437,80,55,1499407.0,1,438
438,35,15,1501182.0,1,439
439,57,65,1503909.0,1,441
440,57,24,1503909.0,1,440
441,88,60,1730244.0,1,442
442,54,48,1730784.0,1,443
443,20,70,1732320.0,1,444
444,49,67,1734149.0,1,445
445,49,67,1734325.0,1,446
446,77,61,1736818.0,1,447
447,32,17,1737801.0,1,448
448,38,5,1739986.0,1,449
449,88,60,1743928.0,1,450
450,57,80,1744884.0,1,456
451,57,65,1744884.0,1,454
452,57,26,1744884.0,1,453
453,57,24,1744884.0,1,452
454,57,87,1744884.0,1,455
455,57,46,1744884.0,1,451
456,57,24,1745004.0,1,458
457,57,26,1745004.0,1,459
458,57,80,1745004.0,1,462
459,57,87,1745004.0,1,461
460,57,65,1745004.0,1,460
461,57,46,1745004.0,1,457
462,38,5,1746465.0,1,463
463,17,88,1746669.0,1,464
464,17,88,1749870.0,1,465
465,33,84,1751847.0,1,466
466,29,49,1752135.0,1,467
467,25,78,1754212.0,1,468
468,78,25,1754394.0,1,469
469,48,54,1757588.0,1,470
470,54,48,1759817.0,1,471
471,88,60,1761241.0,1,472
472,51,26,1762998.0,1,473
473,88,60,1764538.0,1,474
474,88,60,1764636.0,1,475
475,88,60,1766111.0,1,476
476,5,46,1771134.0,1,477
477,77,88,1822170.0,1,478
478,33,84,1824367.0,1,479
479,33,84,1824636.0,1,480
480,2,58,1829072.0,1,481
481,2,58,1829089.0,1,482
482,2,58,1829107.0,1,483
483,49,29,1832017.0,1,484
484,38,5,1832289.0,1,485
485,88,77,1832301.0,1,486
486,38,5,1832439.0,1,487
487,9,66,1832680.0,1,488
488,9,18,1832736.0,1,489
489,83,2,1834309.0,1,490
490,83,87,1834309.0,1,491
491,49,67,1840870.0,1,492
492,49,54,1840870.0,1,493
493,54,67,1840941.0,1,494
494,54,49,1840941.0,1,495
495,17,61,1841300.0,1,496
496,49,67,1842019.0,1,497
497,77,16,1843241.0,1,498
498,54,48,1844077.0,1,503
499,54,67,1844077.0,1,500
500,54,52,1844077.0,1,501
501,54,49,1844077.0,1,502
502,54,32,1844077.0,1,499
503,88,60,1845097.0,1,504
504,83,5,1845131.0,1,505
505,77,88,1846785.0,1,506
506,33,84,1849943.0,1,507
507,17,64,1850407.0,1,508
508,80,70,1858075.0,1,509
509,65,54,1875582.0,1,510
510,88,60,1903728.0,1,511
511,88,16,1903728.0,1,512
512,88,60,1903869.0,1,513
513,88,17,1903869.0,1,514
514,88,16,1903869.0,1,515
515,77,88,1907343.0,1,516
516,29,49,1917577.0,1,517
517,88,60,1920287.0,1,518
518,88,16,1920287.0,1,519
519,25,88,1925619.0,1,520
520,88,60,1926359.0,1,521
521,88,16,1926359.0,1,522
522,48,67,1929782.0,1,523
523,65,54,1930503.0,1,524
524,80,55,1931054.0,1,525
525,43,49,1932100.0,1,526
526,52,57,1934129.0,1,527
527,80,57,1934788.0,1,528
528,49,54,1937503.0,1,529
529,54,49,1937840.0,1,530
530,25,88,1939550.0,1,531
531,54,24,1939936.0,1,532
532,83,35,1941715.0,1,533
533,88,17,1941989.0,1,535
534,88,60,1941989.0,1,534
535,88,16,1941989.0,1,536
536,88,17,1944433.0,1,538
537,88,60,1944433.0,1,537
538,57,65,1945068.0,1,541
539,57,26,1945068.0,1,540
540,57,24,1945068.0,1,539
541,88,17,1963836.0,1,542
542,88,16,1963836.0,1,543
543,88,17,1991153.0,1,544
544,88,25,1991153.0,1,545
545,39,12,1996213.0,1,546
546,24,54,1998446.0,1,547
547,80,55,1998537.0,1,548
548,63,54,1999050.0,1,549
549,38,5,1999634.0,1,550
550,57,26,2000627.0,1,552
551,57,24,2000627.0,1,551
552,57,65,2000627.0,1,553
553,25,20,2003463.0,1,554
554,25,88,2003463.0,1,555
555,88,60,2010877.0,1,556
556,88,16,2010877.0,1,558
557,88,17,2010877.0,1,557
558,54,65,2011957.0,1,559
559,88,60,2012597.0,1,560
560,88,17,2012597.0,1,561
561,83,2,2013395.0,1,562
562,5,83,2013799.0,1,563
563,77,61,2016209.0,1,564
564,55,12,2023310.0,1,565
565,57,24,2023326.0,1,566
566,57,65,2023326.0,1,567
567,88,60,2031777.0,1,568
568,88,16,2031777.0,1,570
569,88,17,2031777.0,1,569
570,48,65,2077289.0,1,571
571,54,17,2077424.0,1,572
572,54,67,2077424.0,1,573
573,12,55,2083596.0,1,574
574,49,43,2085240.0,1,575
575,38,5,2088473.0,1,576
576,54,65,2094080.0,1,578
577,54,67,2094080.0,1,577
578,43,56,2096041.0,1,579
579,43,80,2096041.0,1,584
580,43,67,2096041.0,1,580
581,43,49,2096041.0,1,581
582,43,55,2096041.0,1,582
583,43,50,2096041.0,1,583
584,48,24,2098287.0,1,585
585,48,54,2101110.0,1,586
586,48,65,2101110.0,1,587
587,77,61,2103033.0,1,588
588,43,55,2106459.0,1,589
589,83,2,2206150.0,1,590
590,83,2,2207859.0,1,591
591,17,60,2316255.0,1,592
592,17,25,2316255.0,1,593
593,70,20,2335782.0,1,594
594,5,38,2339833.0,1,595
595,77,61,2343855.0,1,596
596,77,61,2344120.0,1,597
597,38,5,2348750.0,1,598
598,54,65,2348933.0,1,599
599,20,70,2349537.0,1,600
600,77,25,2350554.0,1,601
601,83,56,2351358.0,1,602
602,25,17,2357585.0,1,603
603,88,25,2357930.0,1,604
604,88,25,2358984.0,1,605
605,88,25,2359025.0,1,606
606,83,56,2364799.0,1,607
607,77,25,2365962.0,1,608
608,88,25,2375330.0,1,609
609,88,25,2389187.0,1,610
610,25,60,2395954.0,1,611
611,25,17,2395954.0,1,612
612,17,25,2401494.0,1,613
613,20,70,2425661.0,1,614
614,46,19,2426937.0,1,615
615,48,24,2431251.0,1,616
616,38,5,2432982.0,1,617
617,38,5,2433035.0,1,618
618,48,24,2433136.0,1,619
619,25,88,2433149.0,1,620
620,88,25,2434899.0,1,621
621,65,48,2440567.0,1,622
622,49,43,2441788.0,1,623
623,43,49,2441830.0,1,624
624,49,43,2443490.0,1,625
625,24,65,2449343.0,1,626
626,12,86,2472169.0,1,627
627,12,78,2474342.0,1,628
628,12,39,2479865.0,1,629
629,77,61,2511836.0,1,630
630,39,12,2512530.0,1,631
631,57,65,2528488.0,1,632
632,52,57,2531687.0,1,633
633,48,24,2531899.0,1,634
634,24,65,2532127.0,1,635
635,12,39,2532387.0,1,636
636,52,57,2532581.0,1,637
637,70,55,2532861.0,1,638
638,85,31,2533126.0,1,640
639,85,64,2533126.0,1,639
640,70,20,2533855.0,1,641
641,70,20,2534049.0,1,642
642,78,12,2539152.0,1,643
643,57,65,2554851.0,1,644
644,88,54,2594813.0,1,645
645,54,88,2597409.0,1,646
646,54,65,2601899.0,1,648
647,54,67,2601899.0,1,647
648,70,20,2602687.0,1,649
649,70,20,2603130.0,1,650
650,20,70,2603311.0,1,651
651,43,60,2607544.0,1,652
652,24,48,2609632.0,1,653
653,57,24,2609651.0,1,654
654,24,58,2612603.0,1,655
655,55,32,2614977.0,1,656
656,57,65,2617248.0,1,657
657,24,26,2617313.0,1,658
658,49,43,2617485.0,1,659
659,43,55,2619546.0,1,664
660,43,70,2619546.0,1,663
661,43,67,2619546.0,1,661
662,43,49,2619546.0,1,662
663,43,50,2619546.0,1,665
664,43,80,2619546.0,1,666
665,43,56,2619546.0,1,660
666,49,43,2620482.0,1,667
667,50,43,2620762.0,1,668
668,48,43,2621934.0,1,669
669,48,65,2622928.0,1,671
670,48,54,2622928.0,1,670
671,80,55,2622955.0,1,672
672,61,56,2623512.0,1,673
673,58,24,2627717.0,1,674
674,57,65,2627957.0,1,675
675,60,17,2629167.0,1,676
676,49,43,2630122.0,1,677
677,49,43,2630333.0,1,678
678,88,60,2681272.0,1,679
679,70,43,2682433.0,1,680
680,70,20,2682487.0,1,681
681,70,20,2682596.0,1,682
682,39,80,2682600.0,1,683
683,39,80,2682735.0,1,684
684,48,24,2687607.0,1,685
685,58,68,2690670.0,1,686
686,58,21,2690981.0,1,687
687,58,81,2691143.0,1,688
688,58,64,2691316.0,1,689
689,21,44,2691596.0,1,694
690,21,66,2691596.0,1,693
691,21,6,2691596.0,1,692
692,21,81,2691596.0,1,695
693,21,88,2691596.0,1,697
694,21,30,2691596.0,1,696
695,21,60,2691596.0,1,690
696,21,62,2691596.0,1,691
697,12,78,2691820.0,1,698
698,87,83,2692574.0,1,699
699,78,12,2694023.0,1,700
700,77,43,2694666.0,1,701
701,54,67,2696018.0,1,702
702,54,65,2696018.0,1,703
703,84,33,2702597.0,1,704
704,70,20,2702807.0,1,705
705,70,20,2702810.0,1,706
706,70,20,2702966.0,1,707
707,33,84,2702986.0,1,708
708,49,43,2704773.0,1,709
709,43,77,2707435.0,1,710
710,49,43,2708610.0,1,711
711,49,43,2717296.0,1,712
712,88,25,2765001.0,1,713
713,64,58,2945579.0,1,714
714,23,58,2948306.0,1,715
715,60,16,2956513.0,1,718
716,60,69,2956513.0,1,717
717,60,8,2956513.0,1,716
718,48,24,2960130.0,1,719
719,66,71,2961246.0,1,720
720,66,71,2961247.0,1,721
721,66,71,2961248.0,1,722
722,5,64,2962138.0,1,723
723,83,56,2964222.0,1,724
724,83,2,2964222.0,1,725
725,29,60,2968119.0,1,726
726,66,88,2968664.0,1,733
727,66,62,2968664.0,1,728
728,66,30,2968664.0,1,732
729,66,81,2968664.0,1,731
730,66,44,2968664.0,1,730
731,66,6,2968664.0,1,729
732,66,60,2968664.0,1,727
733,49,80,2974469.0,1,734
734,49,43,2977610.0,1,735
735,54,48,3024785.0,1,736
736,43,48,3031395.0,1,737
737,39,12,3032515.0,1,738
738,49,64,3036164.0,1,739
739,50,43,3041403.0,1,740
740,48,54,3042770.0,1,741
741,88,25,3048544.0,1,742
742,88,25,3048599.0,1,743
743,17,60,3052480.0,1,744
744,23,62,3057138.0,1,748
745,23,69,3057138.0,1,754
746,23,59,3057138.0,1,747
747,23,81,3057138.0,1,753
748,23,60,3057138.0,1,745
749,23,66,3057138.0,1,750
750,23,6,3057138.0,1,749
751,23,8,3057138.0,1,746
752,23,30,3057138.0,1,755
753,23,44,3057138.0,1,752
754,23,21,3057138.0,1,751
755,23,88,3057138.0,1,756
756,49,54,3058569.0,1,757
757,17,60,3059550.0,1,758
758,25,78,3060628.0,1,759
759,33,84,3062744.0,1,760
760,83,2,3069560.0,1,762
761,83,87,3069560.0,1,763
762,83,56,3069560.0,1,761
763,60,16,3121510.0,1,767
764,60,17,3121510.0,1,764
765,60,67,3121510.0,1,765
766,60,54,3121510.0,1,766
767,85,88,3121743.0,1,768
768,70,80,3122036.0,1,769
769,80,70,3123747.0,1,770
770,77,60,3123888.0,1,771
771,77,60,3124913.0,1,772
772,60,77,3128186.0,1,773
773,30,69,3129761.0,1,774
774,21,55,3130045.0,1,775
775,87,56,3130459.0,1,776
776,88,60,3136316.0,1,777
777,77,61,3139425.0,1,778
778,5,38,3142506.0,1,779
779,77,61,3142522.0,1,780
780,38,5,3142909.0,1,781
781,25,5,3148331.0,1,782
782,5,25,3154760.0,1,783
783,77,61,3204621.0,1,784
784,54,52,3206111.0,1,785
785,60,66,3208295.0,1,786
786,29,60,3213440.0,1,787
787,44,22,3216827.0,1,788
788,83,82,3219489.0,1,789
789,83,64,3220193.0,1,790
790,87,56,3225759.0,1,791
791,49,78,3230194.0,1,792
792,83,56,3231832.0,1,793
793,56,83,3231935.0,1,794
794,54,48,3287440.0,1,795
795,48,54,3291552.0,1,796
796,56,87,3293233.0,1,797
797,87,56,3294045.0,1,798
798,85,87,3296944.0,1,799
799,63,18,3301150.0,1,800
800,52,54,3301235.0,1,801
801,62,66,3303479.0,1,803
802,62,23,3303479.0,1,802
803,33,84,3307668.0,1,804
804,83,56,3310075.0,1,805
805,64,17,3312411.0,1,806
806,22,44,3312457.0,1,807
807,64,17,3313224.0,1,808
808,83,2,3320279.0,1,809
809,1,70,3633883.0,1,810
810,80,25,3638361.0,1,811
811,38,5,3639580.0,1,812
812,48,54,3641405.0,1,813
813,88,84,3651152.0,1,814
814,64,85,3654352.0,1,815
815,87,85,3656409.0,1,816
816,57,67,3656595.0,1,817
817,85,64,3656937.0,1,818
818,49,54,3657080.0,1,819
819,54,22,3658331.0,1,820
820,50,57,3658525.0,1,821
821,60,30,3660528.0,1,822
822,17,64,3662794.0,1,823
823,60,29,3665782.0,1,824
824,87,56,3666189.0,1,825
825,87,83,3666189.0,1,827
826,87,2,3666189.0,1,826
827,83,2,3668650.0,1,828
828,4,67,3683960.0,1,829
829,30,66,3723960.0,1,830
830,12,39,3725316.0,1,831
831,38,5,3730060.0,1,832
832,39,12,3730717.0,1,833
833,19,46,3734958.0,1,834
834,19,37,3734958.0,1,838
835,19,53,3734958.0,1,835
836,19,38,3734958.0,1,836
837,19,26,3734958.0,1,837
838,12,30,3737415.0,1,839
839,44,49,3741347.0,1,840
840,15,16,3744095.0,1,841
841,85,46,3744498.0,1,842
842,55,64,3747280.0,1,843
843,55,50,3747280.0,1,844
844,48,54,3748125.0,1,845
845,25,88,3753446.0,1,846
846,88,9,3759605.0,1,847
847,26,65,3768752.0,1,848
848,26,57,3770694.0,1,852
849,26,65,3770694.0,1,851
850,26,24,3770694.0,1,850
851,26,46,3770694.0,1,849
852,4,16,3772092.0,1,853
853,48,54,3805468.0,1,854
854,39,12,3807799.0,1,855
855,49,60,3808270.0,1,856
856,54,48,3811554.0,1,857
857,60,29,3814595.0,1,858
858,54,48,3817250.0,1,859
859,48,54,3818537.0,1,860
860,83,2,3818744.0,1,861
861,57,67,3819441.0,1,862
862,57,52,3819441.0,1,863
863,12,39,3819505.0,1,864
864,48,54,3821255.0,1,865
865,65,24,3822221.0,1,867
866,65,46,3822221.0,1,866
867,65,26,3822221.0,1,868
868,39,12,3822243.0,1,869
869,57,26,3822416.0,1,871
870,57,24,3822416.0,1,870
871,48,24,3825060.0,1,874
872,48,3,3825060.0,1,872
873,48,67,3825060.0,1,873
874,32,80,3825152.0,1,875
875,57,26,3825784.0,1,876
876,57,26,3825849.0,1,877
877,87,21,3826583.0,1,878
878,54,48,3827485.0,1,879
879,3,48,3827790.0,1,880
880,25,88,3827879.0,1,881
881,84,88,3828947.0,1,882
882,85,66,3830045.0,1,883
883,85,66,3830065.0,1,884
884,85,66,3830092.0,1,885
885,54,48,3830359.0,1,886
886,20,10,3831260.0,1,887
887,64,17,3832711.0,1,888
888,24,48,3832896.0,1,889
889,48,24,3833389.0,1,890
890,87,2,3834497.0,1,891
891,87,83,3834497.0,1,892
892,64,17,3835858.0,1,893
893,88,17,3840960.0,1,895
894,88,16,3840960.0,1,896
895,88,60,3840960.0,1,894
896,23,44,3842818.0,1,904
897,23,69,3842818.0,1,906
898,23,66,3842818.0,1,902
899,23,60,3842818.0,1,897
900,23,59,3842818.0,1,899
901,23,88,3842818.0,1,908
902,23,81,3842818.0,1,905
903,23,30,3842818.0,1,907
904,23,62,3842818.0,1,900
905,23,6,3842818.0,1,901
906,23,21,3842818.0,1,903
907,23,8,3842818.0,1,898
908,70,20,3890493.0,1,909
909,70,20,3890495.0,1,910
910,5,38,3903183.0,1,911
911,38,5,3903348.0,1,912
912,49,60,3906421.0,1,913
913,5,38,3906630.0,1,914
914,19,37,3907499.0,1,919
915,19,46,3907499.0,1,915
916,19,26,3907499.0,1,918
917,19,38,3907499.0,1,917
918,19,53,3907499.0,1,916
919,65,24,3908368.0,1,920
920,15,88,3908684.0,1,921
921,55,25,3911018.0,1,922
922,55,80,3911080.0,1,923
923,25,55,3911485.0,1,924
924,70,20,3913784.0,1,925
925,80,70,3916114.0,1,926
926,17,10,3917781.0,1,927
927,54,65,3918264.0,1,928
928,49,44,3918977.0,1,929
929,38,5,3919430.0,1,930
930,23,66,3922760.0,1,931
931,48,65,3922969.0,1,932
932,43,49,3927278.0,1,933
933,54,65,3975000.0,1,934
934,32,65,3978864.0,1,935
935,3,65,3980165.0,1,936
936,54,65,3980322.0,1,937
937,54,17,3980533.0,1,938
938,48,24,3980779.0,1,939
939,71,66,3983460.0,1,940
940,67,65,3984029.0,1,941
941,71,66,3984216.0,1,942
942,67,54,3984518.0,1,943
943,33,84,3985409.0,1,944
944,20,70,3985660.0,1,945
945,52,65,3987428.0,1,946
946,54,67,3988420.0,1,947
947,80,55,3988484.0,1,948
948,18,65,3988522.0,1,949
949,70,20,3988850.0,1,950
950,12,39,3988970.0,1,951
951,12,55,3989052.0,1,952
952,24,65,3989378.0,1,953
953,24,65,3989579.0,1,954
954,43,49,3989770.0,1,957
955,43,80,3989770.0,1,960
956,43,56,3989770.0,1,955
957,43,67,3989770.0,1,956
958,43,50,3989770.0,1,959
959,43,55,3989770.0,1,958
960,70,20,3989845.0,1,961
961,22,54,3990870.0,1,962
962,60,22,3994960.0,1,963
963,52,84,3995641.0,1,964
964,84,65,3996451.0,1,965
965,39,12,3997467.0,1,966
966,49,60,3998487.0,1,967
967,19,9,3999206.0,1,968
968,51,38,4005011.0,1,969
969,5,38,4005728.0,1,970
970,49,80,4006034.0,1,972
971,49,55,4006034.0,1,971
972,60,16,4006569.0,1,974
973,60,38,4006569.0,1,973
974,46,66,4010761.0,1,975
975,17,32,4118265.0,1,976
976,17,5,4118265.0,1,977
977,5,38,4163634.0,1,978
978,5,38,4168117.0,1,979
979,38,5,4181976.0,1,980
980,38,5,4181998.0,1,981
981,38,54,4198348.0,1,982
982,38,54,4198424.0,1,983
983,38,54,4198595.0,1,984
984,12,39,4236719.0,1,985
985,54,60,4240179.0,1,986
986,54,67,4240987.0,1,987
987,85,64,4245835.0,1,988
988,60,16,4245959.0,1,991
989,60,54,4245959.0,1,989
990,60,38,4245959.0,1,990
991,65,24,4246820.0,1,992
992,65,24,4246874.0,1,993
993,87,83,4247721.0,1,994
994,35,43,4247806.0,1,995
995,50,52,4249900.0,1,996
996,87,83,4251521.0,1,997
997,87,83,4251562.0,1,998
998,57,52,4253809.0,1,999
999,88,25,4254365.0,1,1000
1000,88,60,4255085.0,1,1001
1001,88,16,4255085.0,1,1002
1002,88,15,4255490.0,1,1003
1003,88,15,4255628.0,1,1004
1004,50,67,4256694.0,1,1005
1005,52,57,4257467.0,1,1006
1006,38,5,4258890.0,1,1007
1007,15,88,4259089.0,1,1008
1008,15,33,4259243.0,1,1009
1009,38,60,4259822.0,1,1010
1010,33,84,4260374.0,1,1011
1011,60,38,4261319.0,1,1012
1012,60,38,4262327.0,1,1013
1013,60,54,4262929.0,1,1014
1014,84,52,4264020.0,1,1015
1015,52,84,4266304.0,1,1016
1016,85,46,4267370.0,1,1017
1017,54,65,4324617.0,1,1018
1018,49,48,4327046.0,1,1023
1019,49,54,4327046.0,1,1021
1020,49,52,4327046.0,1,1022
1021,49,67,4327046.0,1,1020
1022,49,32,4327046.0,1,1019
1023,3,15,4327510.0,1,1024
1024,71,66,4328826.0,1,1025
1025,80,55,4330220.0,1,1026
1026,38,5,4332158.0,1,1027
1027,49,17,4332287.0,1,1028
1028,55,25,4332996.0,1,1029
1029,49,55,4334668.0,1,1030
1030,49,60,4335965.0,1,1031
1031,24,57,4338620.0,1,1035
1032,24,26,4338620.0,1,1033
1033,24,65,4338620.0,1,1034
1034,24,46,4338620.0,1,1032
1035,55,49,4340038.0,1,1036
1036,55,80,4340116.0,1,1037
1037,55,84,4342666.0,1,1038
1038,55,18,4342666.0,1,1040
1039,55,63,4342666.0,1,1039
1040,49,55,4343578.0,1,1041
1041,54,67,4347672.0,1,1042
1042,54,48,4347672.0,1,1044
1043,54,65,4347672.0,1,1043
1044,35,56,4348264.0,1,1045
1045,56,35,4348669.0,1,1046
1046,54,65,4350855.0,1,1047
1047,88,61,4352003.0,1,1048
1048,80,55,4366117.0,1,1049
1049,80,57,4410488.0,1,1050
1050,19,53,4411739.0,1,1052
1051,19,26,4411739.0,1,1054
1052,19,46,4411739.0,1,1051
1053,19,38,4411739.0,1,1053
1054,19,37,4411739.0,1,1055
1055,19,5,4412266.0,1,1056
1056,64,2,4413344.0,1,1057
1057,83,2,4415560.0,1,1058
1058,23,58,4417698.0,1,1059
1059,50,67,4417764.0,1,1060
1060,26,24,4418580.0,1,1062
1061,26,65,4418580.0,1,1063
1062,26,46,4418580.0,1,1061
1063,26,57,4418775.0,1,1064
1064,44,15,4419199.0,1,1065
1065,44,33,4419199.0,1,1066
1066,44,14,4419199.0,1,1067
1067,24,65,4419410.0,1,1070
1068,24,46,4419410.0,1,1068
1069,24,26,4419410.0,1,1069
1070,24,57,4419410.0,1,1071
1071,57,26,4420171.0,1,1072
1072,25,12,4421087.0,1,1073
1073,15,33,4426239.0,1,1074
1074,65,26,4426254.0,1,1075
1075,66,69,4427275.0,1,1077
1076,66,71,4427275.0,1,1076
1077,66,71,4427279.0,1,1078
1078,66,88,4427282.0,1,1088
1079,66,30,4427282.0,1,1087
1080,66,62,4427282.0,1,1082
1081,66,44,4427282.0,1,1085
1082,66,21,4427282.0,1,1084
1083,66,81,4427282.0,1,1086
1084,66,60,4427282.0,1,1079
1085,66,8,4427282.0,1,1080
1086,66,6,4427282.0,1,1083
1087,66,59,4427282.0,1,1081
1088,66,71,4427286.0,1,1089
1089,5,19,4428855.0,1,1090
1090,85,35,4430262.0,1,1091
1091,70,20,4430774.0,1,1092
1092,70,20,4430776.0,1,1093
1093,70,20,4430824.0,1,1094
1094,70,20,4430826.0,1,1095
1095,70,20,4430852.0,1,1096
1096,70,20,4430854.0,1,1097
1097,70,20,4430914.0,1,1098
1098,70,20,4430917.0,1,1099
1099,70,20,4431007.0,1,1100
1100,70,20,4431054.0,1,1101
1101,70,20,4431088.0,1,1102
1102,70,20,4431142.0,1,1103
1103,70,20,4431142.0,1,1105
1104,70,20,4431142.0,1,1104
1105,70,20,4431153.0,1,1106
1106,70,20,4431155.0,1,1107
1107,70,20,4431177.0,1,1108
1108,70,20,4431179.0,1,1109
1109,35,85,4433857.0,1,1110
1110,85,64,4438498.0,1,1111
1111,35,15,4440641.0,1,1112
1112,49,54,4444548.0,1,1113
1113,85,25,4444984.0,1,1115
1114,85,20,4444984.0,1,1119
1115,85,35,4444984.0,1,1120
1116,85,17,4444984.0,1,1114
1117,85,64,4444984.0,1,1116
1118,85,2,4444984.0,1,1118
1119,85,10,4444984.0,1,1117
1120,2,61,4455382.0,1,1121
1121,87,63,4495824.0,1,1122
1122,35,85,4501644.0,1,1123
1123,61,2,4502793.0,1,1124
1124,43,15,4505509.0,1,1125
1125,85,24,4506116.0,1,1126
1126,5,32,4506896.0,1,1127
1127,5,38,4506896.0,1,1128
1128,63,65,4510735.0,1,1129
1129,63,24,4510837.0,1,1130
1130,19,46,4518889.0,1,1131
1131,19,37,4518889.0,1,1135
1132,19,26,4518889.0,1,1134
1133,19,53,4518889.0,1,1132
1134,19,38,4518889.0,1,1133
1135,71,66,4525081.0,1,1136
1136,65,24,4525420.0,1,1137
1137,71,9,4525592.0,1,1138
1138,83,2,4528084.0,1,1139
1139,33,15,4532903.0,1,1140
1140,25,85,4533534.0,1,1141
1141,83,85,4540011.0,1,1142
1142,48,85,4582346.0,1,1143
1143,87,85,4586596.0,1,1144
1144,62,88,4589097.0,1,1145
1145,83,85,4591000.0,1,1146
1146,83,2,4593071.0,1,1147
1147,38,5,4594237.0,1,1148
1148,65,24,4598019.0,1,1149
1149,65,24,4598025.0,1,1150
1150,65,24,4598029.0,1,1151
1151,65,24,4598033.0,1,1152
1152,24,65,4598037.0,1,1153
1153,65,24,4598038.0,1,1154
1154,65,24,4598043.0,1,1155
1155,83,85,4599200.0,1,1156
1156,48,54,4600716.0,1,1157
1157,24,65,4602726.0,1,1158
1158,55,80,4604527.0,1,1161
1159,55,50,4604527.0,1,1160
1160,55,70,4604527.0,1,1159
1161,15,56,4608246.0,1,1162
1162,20,70,4677863.0,1,1163
1163,83,85,4796164.0,1,1164
1164,88,17,4838910.0,1,1166
1165,88,60,4838910.0,1,1165
1166,88,16,4838910.0,1,1167
1167,70,20,4840737.0,1,1168
1168,77,49,4846133.0,1,1170
1169,77,60,4846133.0,1,1169
1170,49,77,4846642.0,1,1171
1171,83,85,4848237.0,1,1172
1172,23,44,4849027.0,1,1180
1173,23,81,4849027.0,1,1181
1174,23,66,4849027.0,1,1178
1175,23,8,4849027.0,1,1174
1176,23,60,4849027.0,1,1173
1177,23,21,4849027.0,1,1179
1178,23,6,4849027.0,1,1177
1179,23,69,4849027.0,1,1182
1180,23,59,4849027.0,1,1175
1181,23,62,4849027.0,1,1176
1182,23,88,4849027.0,1,1184
1183,23,30,4849027.0,1,1183
1184,67,43,4849103.0,1,1185
1185,23,69,4849256.0,1,1195
1186,23,60,4849256.0,1,1186
1187,23,44,4849256.0,1,1193
1188,23,8,4849256.0,1,1187
1189,23,66,4849256.0,1,1191
1190,23,59,4849256.0,1,1188
1191,23,6,4849256.0,1,1190
1192,23,21,4849256.0,1,1192
1193,23,30,4849256.0,1,1196
1194,23,81,4849256.0,1,1194
1195,23,88,4849256.0,1,1197
1196,23,62,4849256.0,1,1189
1197,60,77,4849574.0,1,1198
1198,77,49,4849872.0,1,1199
1199,43,67,4851641.0,1,1200
1200,85,10,4859385.0,1,1201
1201,49,52,4859756.0,1,1205
1202,49,32,4859756.0,1,1202
1203,49,48,4859756.0,1,1206
1204,49,54,4859756.0,1,1204
1205,49,67,4859756.0,1,1203
1206,71,66,4860976.0,1,1207
1207,71,66,4861040.0,1,1208
1208,24,65,4861113.0,1,1209
1209,71,66,4861199.0,1,1210
1210,71,66,4861462.0,1,1211
1211,85,25,4861900.0,1,1212
1212,48,49,4864304.0,1,1213
1213,48,16,4864304.0,1,1214
1214,43,49,4864479.0,1,1217
1215,43,56,4864479.0,1,1215
1216,43,55,4864479.0,1,1219
1217,43,67,4864479.0,1,1216
1218,43,70,4864479.0,1,1218
1219,43,50,4864479.0,1,1220
1220,43,80,4864479.0,1,1221
1221,80,43,4866532.0,1,1222
1222,57,26,4869413.0,1,1223
1223,26,57,4870191.0,1,1224
1224,57,26,4870796.0,1,1225
1225,26,57,4870948.0,1,1226
1226,25,85,4871402.0,1,1227
1227,57,26,4872133.0,1,1228
1228,85,25,4877585.0,1,1230
1229,85,35,4877585.0,1,1233
1230,85,17,4877585.0,1,1229
1231,85,20,4877585.0,1,1232
1232,85,10,4877585.0,1,1231
1233,32,55,4885904.0,1,1234
1234,70,43,4926942.0,1,1235
1235,58,66,4928764.0,1,1236
1236,26,49,4932605.0,1,1237
1237,80,55,4933185.0,1,1238
1238,29,60,4934187.0,1,1239
1239,26,49,4934767.0,1,1240
1240,67,54,4935605.0,1,1241
1241,66,58,4936371.0,1,1242
1242,83,56,4938895.0,1,1243
1243,15,86,4941199.0,1,1244
1244,46,85,4946082.0,1,1245
1245,65,54,4946582.0,1,1246
1246,30,60,4949362.0,1,1247
1247,49,55,4956563.0,1,1248
1248,55,49,4956933.0,1,1249
1249,58,66,4957495.0,1,1250
1250,84,52,4961182.0,1,1251
1251,84,52,4961293.0,1,1252
1252,84,52,4961406.0,1,1253
1253,25,78,4970069.0,1,1254
1254,88,61,5010851.0,1,1255
1255,26,24,5015198.0,1,1256
1256,26,57,5015198.0,1,1258
1257,26,65,5015198.0,1,1257
1258,24,65,5022586.0,1,1259
1259,86,15,5022758.0,1,1260
1260,35,56,5025503.0,1,1261
1261,70,20,5028798.0,1,1262
1262,55,80,5030150.0,1,1263
1263,33,15,5030973.0,1,1264
1264,57,65,5031571.0,1,1268
1265,57,46,5031571.0,1,1265
1266,57,26,5031571.0,1,1267
1267,57,24,5031571.0,1,1266
1268,44,60,5033268.0,1,1269
1269,57,80,5034075.0,1,1270
1270,80,57,5037211.0,1,1271
1271,52,37,5037655.0,1,1272
1272,70,20,5038272.0,1,1273
1273,70,20,5038273.0,1,1274
1274,24,65,5038369.0,1,1275
1275,71,9,5043911.0,1,1276
1276,71,30,5043911.0,1,1277
1277,71,66,5044019.0,1,1278
1278,71,30,5044074.0,1,1280
1279,71,9,5044074.0,1,1279
1280,71,66,5044117.0,1,1282
1281,71,30,5044117.0,1,1283
1282,71,9,5044117.0,1,1281
1283,71,66,5071555.0,1,1285
1284,71,9,5071555.0,1,1284
1285,32,25,5106201.0,1,1286
1286,51,26,5110790.0,1,1287
1287,67,60,5111094.0,1,1288
1288,20,70,5113737.0,1,1289
1289,70,20,5115018.0,1,1290
1290,70,20,5115034.0,1,1291
1291,57,26,5116406.0,1,1293
1292,57,65,5116406.0,1,1294
1293,57,24,5116406.0,1,1292
1294,26,57,5116708.0,1,1295
1295,57,26,5116964.0,1,1296
1296,26,57,5117191.0,1,1297
1297,25,88,5117532.0,1,1298
1298,26,57,5117773.0,1,1299
1299,15,86,5118111.0,1,1300
1300,57,26,5118237.0,1,1301
1301,57,26,5118557.0,1,1302
1302,35,56,5118730.0,1,1303
1303,35,15,5119213.0,1,1304
1304,35,17,5119285.0,1,1305
1305,35,25,5119285.0,1,1306
1306,66,58,5120040.0,1,1307
1307,15,35,5120794.0,1,1308
1308,35,15,5121230.0,1,1309
1309,25,85,5125897.0,1,1310
1310,87,35,5130653.0,1,1311
1311,57,35,5130865.0,1,1315
1312,57,26,5130865.0,1,1313
1313,57,24,5130865.0,1,1312
1314,57,65,5130865.0,1,1314
1315,83,50,5131589.0,1,1322
1316,83,65,5131589.0,1,1321
1317,83,86,5131589.0,1,1325
1318,83,25,5131589.0,1,1317
1319,83,62,5131589.0,1,1318
1320,83,46,5131589.0,1,1319
1321,83,24,5131589.0,1,1320
1322,83,9,5131589.0,1,1316
1323,83,63,5131589.0,1,1324
1324,83,37,5131589.0,1,1323
1325,58,66,5133373.0,1,1326
1326,80,55,5136815.0,1,1327
1327,25,88,5144178.0,1,1328
1328,55,80,5157619.0,1,1329
1329,80,55,5193126.0,1,1330
1330,70,20,5199118.0,1,1331
1331,25,88,5199574.0,1,1332
1332,55,80,5202062.0,1,1333
1333,37,60,5205140.0,1,1334
1334,5,46,5214694.0,1,1335
1335,5,24,5214996.0,1,1336
1336,5,58,5215443.0,1,1337
1337,5,64,5215824.0,1,1338
1338,5,53,5216078.0,1,1339
1339,5,32,5217327.0,1,1340
1340,5,56,5217534.0,1,1341
1341,24,5,5217585.0,1,1342
1342,5,87,5217964.0,1,1343
1343,5,2,5218258.0,1,1344
1344,5,13,5218575.0,1,1345
1345,58,5,5224929.0,1,1346
1346,32,5,5400378.0,1,1347
1347,87,5,5446601.0,1,1348
1348,30,60,5451906.0,1,1349
1349,80,55,5454442.0,1,1350
1350,77,16,5454470.0,1,1351
1351,77,16,5454490.0,1,1352
1352,43,55,5454927.0,1,1357
1353,43,50,5454927.0,1,1358
1354,43,67,5454927.0,1,1354
1355,43,49,5454927.0,1,1355
1356,43,56,5454927.0,1,1353
1357,43,70,5454927.0,1,1356
1358,43,80,5454927.0,1,1359
1359,55,80,5455426.0,1,1360
1360,43,37,5455846.0,1,1362
1361,43,3,5455846.0,1,1361
1362,87,46,5455976.0,1,1363
1363,87,83,5456191.0,1,1364
1364,17,60,5459735.0,1,1365
1365,25,17,5462225.0,1,1366
1366,17,60,5462769.0,1,1367
1367,10,17,5465135.0,1,1368
1368,57,65,5465291.0,1,1369
1369,30,55,5465500.0,1,1370
1370,17,54,5465793.0,1,1371
1371,65,57,5465986.0,1,1372
1372,67,32,5467985.0,1,1373
1373,23,30,5468749.0,1,1374
1374,78,37,5469167.0,1,1375
1375,88,16,5469934.0,1,1376
1376,32,67,5470214.0,1,1377
1377,77,88,5471633.0,1,1378
1378,88,25,5471884.0,1,1379
1379,88,16,5472240.0,1,1380
1380,88,35,5474103.0,1,1381
1381,38,32,5474490.0,1,1382
1382,57,26,5475200.0,1,1383
1383,26,57,5477767.0,1,1384
1384,57,26,5477916.0,1,1385
1385,61,60,5534953.0,1,1386
1386,23,58,5540206.0,1,1389
1387,23,30,5540206.0,1,1390
1388,23,46,5540206.0,1,1387
1389,23,10,5540206.0,1,1388
1390,88,3,5542759.0,1,1391
1391,88,54,5542869.0,1,1392
1392,3,88,5545123.0,1,1393
1393,80,25,5545270.0,1,1394
1394,61,17,5545687.0,1,1395
1395,54,88,5545937.0,1,1396
1396,71,66,5546376.0,1,1397
1397,71,66,5546501.0,1,1399
1398,71,30,5546501.0,1,1400
1399,71,9,5546501.0,1,1398
1400,71,30,5547116.0,1,1402
1401,71,66,5547116.0,1,1401
1402,71,30,5547128.0,1,1404
1403,71,66,5547128.0,1,1403
1404,71,66,5547271.0,1,1405
1405,49,60,5548983.0,1,1406
1406,88,61,5550695.0,1,1407
1407,23,62,5550770.0,1,1408
1408,88,78,5550802.0,1,1409
1409,88,84,5550917.0,1,1410
1410,80,55,5551109.0,1,1411
1411,88,15,5551417.0,1,1412
1412,88,86,5551552.0,1,1413
1413,88,39,5551890.0,1,1414
1414,88,25,5552561.0,1,1415
1415,25,67,5553963.0,1,1416
1416,61,88,5554741.0,1,1417
1417,67,25,5555067.0,1,1418
1418,88,66,5555240.0,1,1419
1419,88,9,5555617.0,1,1420
1420,49,85,5555950.0,1,1421
1421,87,39,5556000.0,1,1422
1422,49,83,5556043.0,1,1423
1423,61,56,5556197.0,1,1424
1424,49,23,5556397.0,1,1425
1425,49,29,5556634.0,1,1426
1426,49,63,5556706.0,1,1427
1427,49,18,5556814.0,1,1428
1428,49,71,5556862.0,1,1429
1429,49,66,5556921.0,1,1430
1430,55,49,5558609.0,1,1431
1431,55,25,5558629.0,1,1432
1432,49,55,5559923.0,1,1433
1433,25,49,5563527.0,1,1434
1434,25,55,5563527.0,1,1435
1435,46,23,5568233.0,1,1436
1436,48,65,5620349.0,1,1437
1437,49,60,5625314.0,1,1438
1438,35,26,5626264.0,1,1439
1439,26,35,5627089.0,1,1440
1440,15,88,5628833.0,1,1441
1441,39,88,5634659.0,1,1442
1442,20,25,5640642.0,1,1444
1443,20,35,5640642.0,1,1449
1444,20,10,5640642.0,1,1446
1445,20,85,5640642.0,1,1447
1446,20,17,5640642.0,1,1443
1447,20,64,5640642.0,1,1445
1448,20,2,5640642.0,1,1448
1449,23,39,5643857.0,1,1450
1450,23,46,5643969.0,1,1451
1451,25,88,5645054.0,1,1452
1452,88,16,6241308.0,1,1461
1453,88,60,6241308.0,1,1460
1454,88,25,6407005.0,1,1462
1455,83,2,6577670.0,1,1463
1456,26,51,6579714.0,1,1464
1457,83,85,6581855.0,1,1465
1458,83,56,6581856.0,1,1466
1459,83,2,6583084.0,1,1467
1460,83,2,6583737.0,1,1468
1461,85,5,6586783.0,1,1469
1462,5,38,6587166.0,1,1470
1463,48,65,6587556.0,1,1471
1464,24,65,6589888.0,1,1472
1465,13,5,6590781.0,1,1473
1466,48,54,6591243.0,1,1475
1467,48,60,6591243.0,1,1474
1468,54,49,6591343.0,1,1476
1469,5,85,6592351.0,1,1477
1470,5,13,6592571.0,1,1478
1471,85,5,6592932.0,1,1479
1472,58,30,6593593.0,1,1482
1473,58,12,6593593.0,1,1481
1474,58,39,6593593.0,1,1480
1475,5,85,6593768.0,1,1483
1476,60,48,6594784.0,1,1484
1477,5,85,6595699.0,1,1485
1478,48,60,6596072.0,1,1486
1479,48,54,6596072.0,1,1487
1480,54,49,6596184.0,1,1488
1481,60,30,6597433.0,1,1489
1482,49,54,6597493.0,1,1490
1483,88,60,6597528.0,1,1491
1484,88,16,6597528.0,1,1492
1485,77,60,6599728.0,1,1493
1486,60,16,6602268.0,1,1494
1487,88,25,6663488.0,1,1495
1488,56,5,6670260.0,1,1496
1489,5,53,6670407.0,1,1497
1490,83,56,6670456.0,1,1498
1491,5,46,6670574.0,1,1500
1492,5,64,6670574.0,1,1499
1493,56,83,6670612.0,1,1501
1494,5,85,6670825.0,1,1502
1495,83,56,6671902.0,1,1503
1496,62,6,6672652.0,1,1507
1497,62,21,6672652.0,1,1510
1498,62,66,6672652.0,1,1508
1499,62,49,6672652.0,1,1509
1500,62,23,6672652.0,1,1505
1501,62,8,6672652.0,1,1506
1502,62,60,6672652.0,1,1504
1503,62,44,6672652.0,1,1511
1504,62,69,6672652.0,1,1513
1505,62,30,6672652.0,1,1514
1506,62,88,6672652.0,1,1515
1507,62,81,6672652.0,1,1512
1508,43,80,6674520.0,1,1516
1509,49,52,6674694.0,1,1518
1510,49,32,6674694.0,1,1517
1511,49,48,6674694.0,1,1519
1512,49,52,6674739.0,1,1521
1513,49,48,6674739.0,1,1522
1514,49,32,6674739.0,1,1520
1515,49,32,6674750.0,1,1523
1516,49,52,6674750.0,1,1524
1517,49,48,6674750.0,1,1525
1518,49,67,6675011.0,1,1526
1519,49,16,6675953.0,1,1527
1520,13,5,6676846.0,1,1528
1521,49,60,6680671.0,1,1529
1522,22,88,6682142.0,1,1530
1523,88,16,6685974.0,1,1533
1524,88,17,6685974.0,1,1532
1525,88,60,6685974.0,1,1531
1526,17,25,6686335.0,1,1534
1527,38,5,6686921.0,1,1535
1528,5,13,6687617.0,1,1536
1529,80,43,6689319.0,1,1541
1530,80,49,6689319.0,1,1539
1531,80,70,6689319.0,1,1540
1532,80,56,6689319.0,1,1537
1533,80,67,6689319.0,1,1538
1534,80,50,6689319.0,1,1543
1535,80,55,6689319.0,1,1542
1536,80,70,6691131.0,1,1544
1537,32,25,6709371.0,1,1545
1538,88,15,6744834.0,1,1546
1539,88,60,6744948.0,1,1547
1540,85,5,6746129.0,1,1548
1541,25,15,6748450.0,1,1549
1542,15,88,6748624.0,1,1550
1543,80,56,6749202.0,1,1551
1544,80,70,6749202.0,1,1554
1545,80,50,6749202.0,1,1557
1546,80,55,6749202.0,1,1556
1547,80,43,6749202.0,1,1555
1548,80,67,6749202.0,1,1552
1549,80,49,6749202.0,1,1553
1550,83,56,6750000.0,1,1558
1551,88,60,6753935.0,1,1559
1552,5,2,6756988.0,1,1560
1553,88,25,6757759.0,1,1561
1554,48,54,6758598.0,1,1562
1555,60,17,6764974.0,1,1563
1556,22,88,6765685.0,1,1564
1557,83,56,6767988.0,1,1565
1558,64,17,6768978.0,1,1566
1559,66,71,6769596.0,1,1567
1560,5,38,6769636.0,1,1568
1561,19,26,6770315.0,1,1569
1562,80,55,6772593.0,1,1570
1563,48,54,6772858.0,1,1571
1564,4,16,6831251.0,1,1572
1565,35,25,6837142.0,1,1573
1566,2,5,6840073.0,1,1574
1567,48,54,6841152.0,1,1575
1568,38,5,6841330.0,1,1576
1569,80,43,6841343.0,1,1577
1570,85,83,6843881.0,1,1578
1571,85,31,6844045.0,1,1579
1572,5,38,6844657.0,1,1580
1573,77,4,6845016.0,1,1581
1574,5,2,6849075.0,1,1582
1575,33,84,6850697.0,1,1583
1576,54,60,6851087.0,1,1584
1577,35,46,6860901.0,1,1585
1578,35,26,6860901.0,1,1586
1579,15,33,6867595.0,1,1587
1580,49,54,6921206.0,1,1588
1581,2,64,6926532.0,1,1589
1582,67,32,6929896.0,1,1590
1583,77,61,6930051.0,1,1591
1584,17,64,6930103.0,1,1592
1585,12,60,6933240.0,1,1593
1586,37,5,6934527.0,1,1600
1587,37,27,6934527.0,1,1601
1588,37,38,6934527.0,1,1598
1589,37,46,6934527.0,1,1595
1590,37,19,6934527.0,1,1594
1591,37,53,6934527.0,1,1596
1592,37,51,6934527.0,1,1597
1593,37,26,6934527.0,1,1599
1594,88,25,6935841.0,1,1602
1595,63,18,6936484.0,1,1603
1596,49,52,6936730.0,1,1607
1597,49,32,6936730.0,1,1604
1598,49,67,6936730.0,1,1605
1599,49,54,6936730.0,1,1606
1600,49,48,6936730.0,1,1608
1601,48,24,6937969.0,1,1610
1602,48,54,6937969.0,1,1609
1603,24,48,6938065.0,1,1611
1604,88,60,6938158.0,1,1612
1605,64,17,6938554.0,1,1613
1606,22,4,6939748.0,1,1614
1607,87,83,6942794.0,1,1615
1608,33,26,6943456.0,1,1616
1609,5,37,6944111.0,1,1617
1610,60,21,6946145.0,1,1626
1611,60,66,6946145.0,1,1624
1612,60,71,6946145.0,1,1630
1613,60,44,6946145.0,1,1628
1614,60,68,6946145.0,1,1627
1615,60,49,6946145.0,1,1625
1616,60,29,6946145.0,1,1629
1617,60,59,6946145.0,1,1620
1618,60,6,6946145.0,1,1623
1619,60,23,6946145.0,1,1618
1620,60,8,6946145.0,1,1619
1621,60,62,6946145.0,1,1622
1622,60,72,6946145.0,1,1621
1623,60,30,6946145.0,1,1631
1624,5,49,6953261.0,1,1632
1625,15,35,7028231.0,1,1633
1626,83,56,7040258.0,1,1634
1627,26,27,7176277.0,1,1637
1628,26,35,7176277.0,1,1638
1629,26,57,7176277.0,1,1639
1630,26,24,7176277.0,1,1636
1631,26,46,7176277.0,1,1635
1632,26,35,7176368.0,1,1640
1633,80,25,7180183.0,1,1641
1634,67,43,7183785.0,1,1642
1635,54,67,7183817.0,1,1643
1636,30,60,7184041.0,1,1644
1637,87,83,7186930.0,1,1645
1638,43,67,7187500.0,1,1646
1639,25,68,7189231.0,1,1647
1640,30,13,7191169.0,1,1648
1641,60,17,7191966.0,1,1649
1642,77,60,7195851.0,1,1650
1643,67,43,7199706.0,1,1651
1644,60,30,7202920.0,1,1652
1645,60,62,7203125.0,1,1653
1646,60,67,7205521.0,1,1654
1647,87,84,7206326.0,1,1655
1648,24,87,7210233.0,1,1656
1649,55,80,7210507.0,1,1657
1650,54,48,7261926.0,1,1658
1651,66,71,7263157.0,1,1659
1652,30,81,7264962.0,1,1671
1653,30,68,7264962.0,1,1669
1654,30,21,7264962.0,1,1668
1655,30,49,7264962.0,1,1667
1656,30,44,7264962.0,1,1670
1657,30,8,7264962.0,1,1662
1658,30,60,7264962.0,1,1660
1659,30,23,7264962.0,1,1661
1660,30,66,7264962.0,1,1666
1661,30,6,7264962.0,1,1665
1662,30,62,7264962.0,1,1664
1663,30,72,7264962.0,1,1663
1664,30,71,7264962.0,1,1672
1665,30,69,7264962.0,1,1673
1666,67,54,7266246.0,1,1674
1667,80,55,7272799.0,1,1675
1668,25,80,7272920.0,1,1676
1669,24,21,7273813.0,1,1677
1670,49,70,7283164.0,1,1678
1671,23,30,7288792.0,1,1680
1672,23,58,7288792.0,1,1679
1673,54,48,7349504.0,1,1685
1674,54,52,7349504.0,1,1683
1675,54,49,7349504.0,1,1684
1676,54,67,7349504.0,1,1682
1677,54,32,7349504.0,1,1681
1678,54,52,7350735.0,1,1688
1679,54,49,7350735.0,1,1689
1680,54,48,7350735.0,1,1690
1681,54,67,7350735.0,1,1687
1682,54,32,7350735.0,1,1686
1683,85,31,7351892.0,1,1691
1684,52,54,7352395.0,1,1692
1685,49,54,7353305.0,1,1693
1686,80,55,7356263.0,1,1694
1687,48,54,7358310.0,1,1696
1688,48,60,7358310.0,1,1695
1689,60,62,7361777.0,1,1698
1690,60,23,7361777.0,1,1697
1691,83,87,7362411.0,1,1699
1692,87,83,7362915.0,1,1700
1693,24,56,7363798.0,1,1701
1694,54,24,7364215.0,1,1702
1695,56,24,7364427.0,1,1703
1696,83,2,7365373.0,1,1704
1697,23,10,7366741.0,1,1705
1698,49,54,7367393.0,1,1706
1699,80,50,7370147.0,1,1713
1700,80,43,7370147.0,1,1711
1701,80,56,7370147.0,1,1707
1702,80,67,7370147.0,1,1708
1703,80,49,7370147.0,1,1709
1704,80,70,7370147.0,1,1710
1705,80,55,7370147.0,1,1712
1706,39,12,7370861.0,1,1714
1707,67,48,7374702.0,1,1715
1708,30,60,7375297.0,1,1716
1709,56,43,7375677.0,1,1717
1710,29,60,7375778.0,1,1718
1711,60,88,7376816.0,1,1719
1712,60,25,7376915.0,1,1720
1713,57,26,7379018.0,1,1722
1714,57,24,7379018.0,1,1721
1715,60,12,7379351.0,1,1723
1716,48,54,7379619.0,1,1724
1717,60,16,7380137.0,1,1725
1718,54,48,7381840.0,1,1726
1719,48,25,7436036.0,1,1727
1720,20,70,7437429.0,1,1728
1721,80,39,7439512.0,1,1729
1722,55,25,7440884.0,1,1730
1723,25,48,7446617.0,1,1731
1724,48,25,7447331.0,1,1732
1725,84,52,7450161.0,1,1733
1726,39,60,7454988.0,1,1734
1727,55,80,7455833.0,1,1735
1728,60,54,7461541.0,1,1736
1729,12,60,7462704.0,1,1737
1730,54,60,7462901.0,1,1738
1731,80,55,7463079.0,1,1739
1732,77,16,7463157.0,1,1740
1733,33,84,7464667.0,1,1741
1734,80,49,7465727.0,1,1742
1735,25,60,7465863.0,1,1743
1736,49,80,7466228.0,1,1744
1737,48,54,7468821.0,1,1745
1738,55,80,7489583.0,1,1746
1739,54,37,7518427.0,1,1752
1740,54,78,7518427.0,1,1747
1741,54,52,7518427.0,1,1750
1742,54,22,7518427.0,1,1748
1743,54,53,7518427.0,1,1749
1744,54,44,7518427.0,1,1751
1745,26,27,7520113.0,1,1755
1746,26,46,7520113.0,1,1753
1747,26,57,7520113.0,1,1757
1748,26,24,7520113.0,1,1754
1749,26,35,7520113.0,1,1756
1750,54,48,7523577.0,1,1758
1751,57,26,7524124.0,1,1759
1752,26,57,7524358.0,1,1760
1753,57,26,7524598.0,1,1761
1754,80,55,7524783.0,1,1762
1755,26,57,7524810.0,1,1763
1756,57,26,7524959.0,1,1764
1757,26,57,7525175.0,1,1765
1758,57,26,7525287.0,1,1766
1759,48,54,7525629.0,1,1767
1760,49,54,7526707.0,1,1768
1761,3,78,7530269.0,1,1769
1762,60,43,7535008.0,1,1770
1763,17,25,7535520.0,1,1771
1764,83,56,7541666.0,1,1772
1765,85,64,7541718.0,1,1773
1766,85,2,7541718.0,1,1774
1767,43,49,7543318.0,1,1775
1768,25,64,7546487.0,1,1776
1769,25,64,7546532.0,1,1777
1770,25,78,7547132.0,1,1778
1771,66,71,7547921.0,1,1780
1772,66,9,7547921.0,1,1779
1773,66,9,7547922.0,1,1781
1774,66,71,7547922.0,1,1782
1775,66,9,7547923.0,1,1783
1776,66,71,7547923.0,1,1784
1777,60,25,7552195.0,1,1786
1778,60,17,7552195.0,1,1785
1779,25,64,7552389.0,1,1787
1780,25,17,7558930.0,1,1788
1781,64,17,7568078.0,1,1789
1782,64,17,7568696.0,1,1790
1783,54,48,7778167.0,1,1791
1784,54,52,7780576.0,1,1794
1785,54,67,7780576.0,1,1793
1786,54,49,7780576.0,1,1795
1787,54,32,7780576.0,1,1792
1788,54,48,7780576.0,1,1796
1789,48,54,7780851.0,1,1797
1790,54,49,7781788.0,1,1798
1791,48,43,7783001.0,1,1799
1792,83,56,7786653.0,1,1800
1793,83,87,7786653.0,1,1801
1794,49,54,7789367.0,1,1802
1795,60,16,7789663.0,1,1803
1796,80,43,7793002.0,1,1808
1797,80,70,7793002.0,1,1807
1798,80,49,7793002.0,1,1806
1799,80,55,7793002.0,1,1809
1800,80,67,7793002.0,1,1805
1801,80,56,7793002.0,1,1804
1802,80,50,7793002.0,1,1810
1803,15,12,7793361.0,1,1811
1804,57,24,7794582.0,1,1812
1805,57,26,7794582.0,1,1813
1806,57,35,7794582.0,1,1814
1807,60,16,7794776.0,1,1815
1808,83,85,7795444.0,1,1816
1809,33,84,7795713.0,1,1817
1810,54,49,7797239.0,1,1818
1811,80,25,7797569.0,1,1819
1812,25,64,7799774.0,1,1820
1813,43,56,7800242.0,1,1821
1814,21,30,7800549.0,1,1822
1815,56,43,7802789.0,1,1823
1816,67,54,7802858.0,1,1824
1817,43,63,7805338.0,1,1825
1818,64,17,7805510.0,1,1826
1819,30,60,7808388.0,1,1827
1820,80,25,7809370.0,1,1828
1821,21,49,7810131.0,1,1829
1822,87,84,7810195.0,1,1830
1823,87,46,7810285.0,1,1831
1824,23,60,7812927.0,1,1832
1825,55,32,7827301.0,1,1833
1826,55,32,7827331.0,1,1834
1827,48,12,7867715.0,1,1835
1828,37,53,7870527.0,1,1836
1829,53,37,7870642.0,1,1837
1830,24,35,7871137.0,1,1840
1831,24,26,7871137.0,1,1839
1832,24,57,7871137.0,1,1841
1833,24,46,7871137.0,1,1838
1834,67,49,7872025.0,1,1842
1835,49,67,7872695.0,1,1843
1836,49,67,7873018.0,1,1844
1837,49,67,7873450.0,1,1845
1838,48,54,7873943.0,1,1846
1839,50,52,7876259.0,1,1847
1840,49,5,7876624.0,1,1848
1841,49,58,7877686.0,1,1852
1842,49,32,7877686.0,1,1850
1843,49,87,7877686.0,1,1851
1844,49,56,7877686.0,1,1849
1845,32,49,7878855.0,1,1853
1846,20,70,7880874.0,1,1854
1847,85,29,7881014.0,1,1855
1848,49,54,7884585.0,1,1856
1849,53,37,7885512.0,1,1857
1850,49,60,7886375.0,1,1858
1851,46,55,7886971.0,1,1859
1852,49,43,7887236.0,1,1860
1853,49,43,7887887.0,1,1861
1854,49,54,7888440.0,1,1862
1855,49,67,7890068.0,1,1863
1856,64,17,7890725.0,1,1864
1857,55,80,7891915.0,1,1865
1858,64,17,7892071.0,1,1866
1859,55,80,7892099.0,1,1867
1860,24,35,7892486.0,1,1868
1861,50,24,7893284.0,1,1869
1862,64,17,7893544.0,1,1870
1863,35,24,7893694.0,1,1871
1864,67,49,7893810.0,1,1872
1865,55,32,7894455.0,1,1873
1866,39,2,7895007.0,1,1874
1867,49,56,7895497.0,1,1875
1868,24,35,7895649.0,1,1876
1869,50,24,7896429.0,1,1877
1870,83,87,7898248.0,1,1878
1871,26,57,7901087.0,1,1879
1872,57,26,7901237.0,1,1880
1873,26,57,7901339.0,1,1881
1874,57,26,7901666.0,1,1882
1875,26,57,7902385.0,1,1883
1876,26,57,7902473.0,1,1884
1877,57,26,7902787.0,1,1885
1878,26,57,7904372.0,1,1886
1879,57,26,7904583.0,1,1887
1880,26,57,7904704.0,1,1888
1881,57,26,7904888.0,1,1889
1882,56,49,7956433.0,1,1890
1883,49,16,7960579.0,1,1891
1884,24,54,7960785.0,1,1892
1885,48,24,7962251.0,1,1893
1886,21,60,7962979.0,1,1894
1887,77,16,7965435.0,1,1895
1888,24,54,7965870.0,1,1896
1889,61,43,7967390.0,1,1897
1890,48,54,7967892.0,1,1898
1891,54,49,7969871.0,1,1899
1892,44,12,7978810.0,1,1900
1893,44,60,7979625.0,1,1901
1894,43,61,7979789.0,1,1902
1895,87,49,7984812.0,1,1903
1896,49,87,7985519.0,1,1904
1897,55,5,7994235.0,1,1905
1898,60,17,8041704.0,1,1906
1899,39,80,8043339.0,1,1907
1900,39,12,8044179.0,1,1909
1901,39,13,8044179.0,1,1908
1902,48,61,8050328.0,1,1910
1903,85,61,8050848.0,1,1911
1904,56,87,8051133.0,1,1912
1905,26,35,8051940.0,1,1913
1906,26,35,8052126.0,1,1914
1907,54,48,8055657.0,1,1915
1908,24,35,8056998.0,1,1916
1909,24,35,8057317.0,1,1917
1910,87,56,8061567.0,1,1918
1911,60,17,8063736.0,1,1919
1912,30,60,8064499.0,1,1920
1913,29,49,8064913.0,1,1921
1914,49,78,8066172.0,1,1922
1915,83,56,8069176.0,1,1923
1916,71,9,8075007.0,1,1924
1917,71,30,8075007.0,1,1926
1918,71,66,8075007.0,1,1925
1919,71,9,8075146.0,1,1927
1920,71,66,8075146.0,1,1928
1921,60,13,8079013.0,1,1929
1922,60,21,8079271.0,1,1930
1923,83,56,8133797.0,1,1931
1924,26,57,8136229.0,1,1936
1925,26,27,8136229.0,1,1934
1926,26,35,8136229.0,1,1935
1927,26,24,8136229.0,1,1933
1928,26,46,8136229.0,1,1932
1929,52,57,8136784.0,1,1937
1930,49,54,8138113.0,1,1938
1931,49,54,8138158.0,1,1939
1932,52,57,8141203.0,1,1940
1933,49,43,8146855.0,1,1941
1934,87,49,8148247.0,1,1942
1935,49,54,8148578.0,1,1943
1936,23,57,8149090.0,1,1944
1937,57,23,8149791.0,1,1945
1938,49,43,8150819.0,1,1946
1939,57,27,8152605.0,1,1947
1940,25,17,8155630.0,1,1948
1941,23,25,8156438.0,1,1949
1942,17,25,8157138.0,1,1950
1943,49,5,8160303.0,1,1951
1944,54,50,8383401.0,1,1952
1945,56,54,8392915.0,1,1953
1946,52,57,8398932.0,1,1954
1947,25,78,8400451.0,1,1955
1948,57,52,8400783.0,1,1956
1949,48,40,8404215.0,1,1957
1950,60,16,8404566.0,1,1958
1951,43,56,8408586.0,1,1959
1952,23,60,8411482.0,1,1960
1953,35,20,8413253.0,1,1965
1954,35,85,8413253.0,1,1963
1955,35,2,8413253.0,1,1964
1956,35,64,8413253.0,1,1962
1957,35,25,8413253.0,1,1961
1958,25,78,8420401.0,1,1966
1959,83,56,8421286.0,1,1967
1960,48,57,8473011.0,1,1968
1961,54,63,8475552.0,1,1969
1962,33,46,8477231.0,1,1970
1963,67,49,8477506.0,1,1971
1964,62,23,8478386.0,1,1972
1965,25,23,8478610.0,1,1973
1966,80,25,8478882.0,1,1974
1967,57,48,8479407.0,1,1975
1968,52,57,8480852.0,1,1976
1969,52,60,8480922.0,1,1977
1970,60,52,8485785.0,1,1978
1971,80,39,8486064.0,1,1979
1972,54,65,8486445.0,1,1980
1973,48,54,8486455.0,1,1981
1974,60,17,8487954.0,1,1982
1975,17,64,8488285.0,1,1983
1976,48,25,8488713.0,1,1984
1977,87,25,8488761.0,1,1985
1978,25,87,8491718.0,1,1986
1979,23,25,8495001.0,1,1987
1980,23,25,8495109.0,1,1988
1981,25,23,8498344.0,1,1989
1982,23,25,8498679.0,1,1990
1983,39,80,8499389.0,1,1991
1984,15,16,8502477.0,1,1992
1985,83,56,8507096.0,1,1993
1986,77,15,8561757.0,1,1994
1987,67,48,8562085.0,1,1995
1988,54,52,8566869.0,1,1996
1989,39,12,8567698.0,1,1997
1990,35,33,8568384.0,1,1998
1991,88,60,8568535.0,1,1999
1992,43,49,8571472.0,1,2000
1993,87,2,8573494.0,1,2001
1994,87,83,8573494.0,1,2002
1995,87,83,8573754.0,1,2003
1996,80,70,8574432.0,1,2004
1997,57,24,8575552.0,1,2005
1998,57,65,8575552.0,1,2007
1999,57,26,8575552.0,1,2006
2000,65,24,8576441.0,1,2008
2001,70,43,8579747.0,1,2009
2002,70,43,8579796.0,1,2010
2003,48,54,8582101.0,1,2011
2004,26,57,8583657.0,1,2012
2005,50,18,8586010.0,1,2013
2006,54,48,8587454.0,1,2014
2007,48,24,8587676.0,1,2015
2008,83,56,8593890.0,1,2016
2009,43,3,8645285.0,1,2017
2010,43,56,8645417.0,1,2018
2011,48,54,8649190.0,1,2019
2012,35,26,8649845.0,1,2021
2013,35,46,8649845.0,1,2020
2014,35,65,8649845.0,1,2022
2015,87,56,8650304.0,1,2023
2016,56,83,8651155.0,1,2024
2017,83,2,8651376.0,1,2025
2018,50,65,8651863.0,1,2026
2019,57,46,8652553.0,1,2027
2020,57,65,8652553.0,1,2030
2021,57,26,8652553.0,1,2029
2022,57,35,8652553.0,1,2031
2023,57,24,8652553.0,1,2028
2024,80,70,8652990.0,1,2032
2025,57,52,8653046.0,1,2033
2026,66,71,8654048.0,1,2034
2027,54,3,8654669.0,1,2035
2028,62,52,8656544.0,1,2036
2029,52,62,8657116.0,1,2037
2030,48,24,8658210.0,1,2038
2031,24,48,8658425.0,1,2039
2032,67,25,8661659.0,1,2040
2033,35,17,8662934.0,1,2041
2034,24,65,8664509.0,1,2042
2035,65,24,8664888.0,1,2043
2036,2,35,8666292.0,1,2044
2037,57,24,8670215.0,1,2046
2038,57,46,8670215.0,1,2045
2039,57,65,8670215.0,1,2048
2040,57,35,8670215.0,1,2049
2041,57,26,8670215.0,1,2047
2042,65,24,8671505.0,1,2050
2043,29,60,8673573.0,1,2051
2044,23,60,8673661.0,1,2052
2045,23,58,8675073.0,1,2053
2046,24,65,8676607.0,1,2054
2047,30,12,8677001.0,1,2055
2048,84,65,8677435.0,1,2056
2049,83,35,8683272.0,1,2057
2050,83,35,8683280.0,1,2058
2051,35,26,8683535.0,1,2059
2052,60,29,8683887.0,1,2060
2053,54,3,8727476.0,1,2061
2054,48,57,8733955.0,1,2062
2055,26,25,8734699.0,1,2063
2056,37,56,8735952.0,1,2064
2057,12,39,8739629.0,1,2065
2058,57,48,8740318.0,1,2066
2059,54,48,8743855.0,1,2067
2060,17,61,8744778.0,1,2068
2061,25,26,8744784.0,1,2069
2062,87,56,8744937.0,1,2070
2063,30,60,8747245.0,1,2071
2064,35,26,8748738.0,1,2072
2065,24,26,8748891.0,1,2073
2066,23,35,8754996.0,1,2074
2067,66,71,8755591.0,1,2075
2068,66,71,8755630.0,1,2076
2069,66,71,8755669.0,1,2077
2070,43,40,8755742.0,1,2078
2071,48,50,8756475.0,1,2079
2072,64,17,8756748.0,1,2080
2073,50,48,8757765.0,1,2081
2074,71,9,8757802.0,1,2082
2075,71,66,8757802.0,1,2083
2076,71,66,8758530.0,1,2084
2077,71,30,8758530.0,1,2085
2078,66,71,8758802.0,1,2086
2079,71,66,8758956.0,1,2087
2080,71,30,8758956.0,1,2088
2081,71,66,8759045.0,1,2089
2082,66,71,8759261.0,1,2090
2083,71,9,8759311.0,1,2091
2084,71,66,8759311.0,1,2092
2085,85,83,8761025.0,1,2093
2086,83,85,8761922.0,1,2094
2087,83,85,8765511.0,1,2095
2088,9,18,8987959.0,1,2096
2089,9,66,8988629.0,1,2097
2090,9,71,8988640.0,1,2098
2091,2,25,8990673.0,1,2099
2092,2,35,8990673.0,1,2102
2093,2,85,8990673.0,1,2101
2094,2,64,8990673.0,1,2100
2095,70,43,8994490.0,1,2103
2096,43,70,8994785.0,1,2104
2097,35,23,8995482.0,1,2105
2098,80,23,8996778.0,1,2106
2099,80,62,8996778.0,1,2107
2100,56,83,8998094.0,1,2108
2101,15,16,8998566.0,1,2109
2102,35,25,8998872.0,1,2110
2103,35,64,8998872.0,1,2111
2104,24,54,9002674.0,1,2112
2105,44,2,9003920.0,1,2113
2106,54,48,9007380.0,1,2114
2107,2,44,9008877.0,1,2115
2108,48,54,9009831.0,1,2116
2109,5,38,9014234.0,1,2117
2110,83,56,9016961.0,1,2118
2111,54,49,9016994.0,1,2119
2112,83,56,9017103.0,1,2120
2113,43,12,9017849.0,1,2121
2114,48,12,9017910.0,1,2122
2115,50,12,9018176.0,1,2123
2116,35,12,9018954.0,1,2124
2117,38,5,9019164.0,1,2125
2118,39,12,9019771.0,1,2126
2119,23,12,9020192.0,1,2127
2120,23,62,9020468.0,1,2128
2121,51,26,9022923.0,1,2129
2122,5,38,9031731.0,1,2130
2123,5,49,9031742.0,1,2131
2124,43,40,9078879.0,1,2132
2125,43,40,9078890.0,1,2133
2126,43,70,9079323.0,1,2134
2127,43,56,9081075.0,1,2135
2128,54,15,9083967.0,1,2136
2129,44,12,9084498.0,1,2137
2130,20,2,9085278.0,1,2143
2131,20,35,9085278.0,1,2144
2132,20,10,9085278.0,1,2141
2133,20,85,9085278.0,1,2142
2134,20,25,9085278.0,1,2139
2135,20,64,9085278.0,1,2140
2136,20,17,9085278.0,1,2138
2137,12,43,9085877.0,1,2145
2138,62,29,9086238.0,1,2146
2139,12,48,9086620.0,1,2147
2140,12,50,9086727.0,1,2148
2141,12,35,9086738.0,1,2149
2142,12,23,9086802.0,1,2150
2143,12,44,9086851.0,1,2151
2144,35,22,9091771.0,1,2152
2145,83,2,9094130.0,1,2153
2146,43,39,9096282.0,1,2154
2147,80,25,9096571.0,1,2155
2148,23,39,9096598.0,1,2156
2149,80,12,9097440.0,1,2157
2150,87,39,9098455.0,1,2158
2151,39,43,9099112.0,1,2159
2152,25,12,9099825.0,1,2160
2153,39,37,9100706.0,1,2161
2154,39,80,9100706.0,1,2162
2155,15,54,9100956.0,1,2163
2156,15,35,9102076.0,1,2164
2157,33,84,9102386.0,1,2165
2158,12,61,9103419.0,1,2166
2159,38,5,9108587.0,1,2167
2160,29,2,9165189.0,1,2168
2161,43,49,9168065.0,1,2169
2162,43,56,9168065.0,1,2171
2163,43,80,9168065.0,1,2170
2164,43,70,9168065.0,1,2173
2165,43,50,9168065.0,1,2174
2166,43,67,9168065.0,1,2172
2167,83,56,9170181.0,1,2175
2168,61,12,9171300.0,1,2176
2169,23,2,9171686.0,1,2177
2170,30,63,9172240.0,1,2178
2171,67,43,9173612.0,1,2179
2172,35,64,9175062.0,1,2181
2173,35,25,9175062.0,1,2180
2174,5,55,9175754.0,1,2182
2175,60,17,9176713.0,1,2183
2176,22,12,9179160.0,1,2184
2177,15,14,9183510.0,1,2186
2178,15,33,9183510.0,1,2185
2179,83,56,9188044.0,1,2187
2180,15,44,9188387.0,1,2188
2181,43,49,9189423.0,1,2189
2182,62,23,9190388.0,1,2190
2183,83,23,9203016.0,1,2191
2184,23,10,9204591.0,1,2192
2185,23,58,9204591.0,1,2193
2186,23,30,9204591.0,1,2194
2187,23,60,9209523.0,1,2195
2188,64,20,9251330.0,1,2196
2189,23,62,9251744.0,1,2197
2190,62,2,9252118.0,1,2198
2191,54,15,9252183.0,1,2199
2192,80,39,9254213.0,1,2200
2193,26,51,9255517.0,1,2201
2194,77,61,9262878.0,1,2202
2195,56,83,9263784.0,1,2203
2196,43,49,9267226.0,1,2204
2197,26,35,9269671.0,1,2207
2198,26,46,9269671.0,1,2205
2199,26,27,9269671.0,1,2206
2200,77,61,9269737.0,1,2208
2201,25,35,9275053.0,1,2209
2202,85,2,9283430.0,1,2210
2203,33,84,9340764.0,1,2211
2204,33,4,9340764.0,1,2212
2205,12,48,9342139.0,1,2213
2206,54,24,9343556.0,1,2214
2207,80,70,9343927.0,1,2215
2208,80,43,9343927.0,1,2216
2209,60,30,9347363.0,1,2217
2210,60,30,9347917.0,1,2218
2211,24,54,9350305.0,1,2219
2212,54,24,9350800.0,1,2220
2213,48,54,9353507.0,1,2221
2214,17,61,9354359.0,1,2222
2215,52,62,9357211.0,1,2223
2216,77,16,9358734.0,1,2224
2217,23,60,9358921.0,1,2225
2218,17,60,9360730.0,1,2226
2219,17,64,9360872.0,1,2227
2220,33,84,9597581.0,1,2228
2221,54,49,9597725.0,1,2229
2222,30,60,9599636.0,1,2230
2223,54,49,9599770.0,1,2231
2224,23,60,9609376.0,1,2232
2225,54,48,9613495.0,1,2233
2226,52,57,9618665.0,1,2234
2227,2,85,9622192.0,1,2235
2228,49,12,9623706.0,1,2236
2229,50,65,9625291.0,1,2237
2230,57,24,9632419.0,1,2238
2231,57,26,9632419.0,1,2239
2232,57,35,9632419.0,1,2240
2233,23,55,9634330.0,1,2241
2234,16,70,9681317.0,1,2242
2235,17,64,9682840.0,1,2243
2236,17,2,9682846.0,1,2244
2237,20,17,9683863.0,1,2245
2238,77,60,9684477.0,1,2246
2239,51,26,9688222.0,1,2247
2240,46,2,9688466.0,1,2248
2241,85,2,9689841.0,1,2249
2242,83,2,9689907.0,1,2250
2243,12,49,9690610.0,1,2251
2244,83,56,9691225.0,1,2252
2245,23,62,9692588.0,1,2253
2246,35,17,9693737.0,1,2254
2247,57,26,9697632.0,1,2255
2248,57,46,9697705.0,1,2256
2249,57,24,9697705.0,1,2257
2250,57,26,9697705.0,1,2258
2251,62,23,9702699.0,1,2259
2252,49,43,9702707.0,1,2260
2253,49,54,9704570.0,1,2261
2254,54,67,9705297.0,1,2262
2255,54,67,9705657.0,1,2263
2256,57,80,9709927.0,1,2266
2257,57,26,9709927.0,1,2265
2258,57,24,9709927.0,1,2264
2259,49,56,9710168.0,1,2267
2260,84,88,9717773.0,1,2268
2261,80,70,9718635.0,1,2269
2262,67,54,9767886.0,1,2270
2263,35,39,9771126.0,1,2271
2264,62,12,9771150.0,1,2272
2265,49,67,9773415.0,1,2273
2266,49,16,9775561.0,1,2274
2267,48,54,9776514.0,1,2275
2268,57,52,9777093.0,1,2276
2269,48,25,9778487.0,1,2277
2270,77,49,9778707.0,1,2278
2271,49,77,9778884.0,1,2279
2272,25,48,9780059.0,1,2280
2273,48,25,9780780.0,1,2281
2274,57,46,9781492.0,1,2282
2275,57,26,9781492.0,1,2284
2276,57,24,9781492.0,1,2283
2277,54,60,9781517.0,1,2285
2278,54,48,9781590.0,1,2286
2279,48,54,9783508.0,1,2287
2280,24,26,9784996.0,1,2289
2281,24,46,9784996.0,1,2288
2282,24,35,9784996.0,1,2290
2283,24,57,9784996.0,1,2291
2284,25,48,9786138.0,1,2292
2285,15,16,9786268.0,1,2293
2286,54,48,9786726.0,1,2294
2287,24,50,9787898.0,1,2295
2288,25,48,9788338.0,1,2296
2289,49,56,9789157.0,1,2297
2290,52,57,9793715.0,1,2298
2291,80,49,9793833.0,1,2299
2292,64,17,9794540.0,1,2300
2293,80,25,9795197.0,1,2301
2294,43,49,9796420.0,1,2302
2295,64,17,9796988.0,1,2303
2296,43,17,9799451.0,1,2304
2297,83,2,9805902.0,1,2305
2298,12,48,9858007.0,1,2306
2299,52,57,9858493.0,1,2307
2300,85,46,9858981.0,1,2308
2301,20,25,9860081.0,1,2309
2302,48,12,9860105.0,1,2310
2303,48,54,9860266.0,1,2311
2304,20,25,9860369.0,1,2312
2305,12,48,9861361.0,1,2313
2306,54,48,9861963.0,1,2314
2307,52,62,9863761.0,1,2315
2308,62,52,9867627.0,1,2316
2309,52,62,9869058.0,1,2317
2310,62,52,9869759.0,1,2318
2311,25,35,9871203.0,1,2319
2312,71,66,9873366.0,1,2321
2313,71,30,9873366.0,1,2322
2314,71,9,9873366.0,1,2320
2315,71,66,9873544.0,1,2323
2316,71,30,9873746.0,1,2326
2317,71,9,9873746.0,1,2324
2318,71,23,9873746.0,1,2325
2319,71,30,9874069.0,1,2328
2320,71,66,9874069.0,1,2327
2321,71,66,9874870.0,1,2330
2322,71,9,9874870.0,1,2329
2323,71,30,9874870.0,1,2331
2324,71,9,9875015.0,1,2332
2325,71,66,9875015.0,1,2333
2326,71,30,9875058.0,1,2334
2327,71,87,9875301.0,1,2335
2328,87,83,9875938.0,1,2336
2329,20,2,9879177.0,1,2337
2330,10,18,9882266.0,1,2338
2331,80,25,9882967.0,1,2339
2332,84,52,9887683.0,1,2340
2333,48,12,9890538.0,1,2341
2334,49,43,9943644.0,1,2342
2335,60,54,9943916.0,1,2343
2336,62,23,9946731.0,1,2344
2337,84,88,9947266.0,1,2345
2338,48,12,9948413.0,1,2346
2339,25,49,9948462.0,1,2347
2340,49,25,9949038.0,1,2348
2341,12,48,9949119.0,1,2349
2342,54,60,9949866.0,1,2350
2343,12,60,9952547.0,1,2351
2344,35,58,9954627.0,1,2355
2345,35,23,9954627.0,1,2352
2346,35,21,9954627.0,1,2353
2347,35,30,9954627.0,1,2356
2348,35,87,9954627.0,1,2354
2349,52,84,9954655.0,1,2357
2350,48,61,9955823.0,1,2358
2351,87,35,9956938.0,1,2359
2352,52,84,9957455.0,1,2360
2353,85,17,9958116.0,1,2361
2354,85,37,9958314.0,1,2362
2355,83,56,9958496.0,1,2363
2356,85,30,9959692.0,1,2365
2357,85,25,9959692.0,1,2364
2358,25,44,9961032.0,1,2366
2359,19,63,9961655.0,1,2367
2360,30,35,9962739.0,1,2368
2361,49,54,9963073.0,1,2369
2362,39,2,9963419.0,1,2370
2363,83,85,9966109.0,1,2371
2364,49,86,9966842.0,1,2372
2365,2,39,9974826.0,1,2373
2366,35,49,10199775.0,1,2374
2367,39,2,10201309.0,1,2375
2368,67,54,10201703.0,1,2376
2369,83,87,10201897.0,1,2377
2370,49,80,10208115.0,1,2378
2371,15,16,10208774.0,1,2379
2372,38,5,10210748.0,1,2380
2373,64,17,10216787.0,1,2381
2374,51,27,10217628.0,1,2385
2375,51,26,10217628.0,1,2384
2376,51,37,10217628.0,1,2386
2377,51,46,10217628.0,1,2382
2378,51,38,10217628.0,1,2383
2379,61,56,10218435.0,1,2387
2380,24,83,10220460.0,1,2388
2381,77,16,10227539.0,1,2389
2382,83,87,10230216.0,1,2390
2383,71,9,10295676.0,1,2391
2384,71,66,10295676.0,1,2392
2385,71,30,10296133.0,1,2395
2386,71,66,10296133.0,1,2394
2387,71,9,10296133.0,1,2393
2388,71,30,10296367.0,1,2398
2389,71,9,10296367.0,1,2396
2390,71,66,10296367.0,1,2397
2391,71,30,10296432.0,1,2401
2392,71,66,10296432.0,1,2400
2393,71,9,10296432.0,1,2399
2394,19,71,10297451.0,1,2402
2395,71,66,10297700.0,1,2403
2396,77,60,10298147.0,1,2404
2397,77,86,10298147.0,1,2405
2398,87,83,10299410.0,1,2406
2399,17,64,10299435.0,1,2407
2400,5,38,10299679.0,1,2408
2401,86,16,10303808.0,1,2409
2402,77,86,10305296.0,1,2410
2403,25,80,10311214.0,1,2411
2404,49,43,10312823.0,1,2412
2405,51,26,10317128.0,1,2413
2406,84,52,10317286.0,1,2414
2407,70,20,10372309.0,1,2415
2408,52,57,10374646.0,1,2416
2409,35,10,10380237.0,1,2417
2410,35,18,10380302.0,1,2421
2411,35,63,10380302.0,1,2420
2412,35,23,10380302.0,1,2418
2413,35,58,10380302.0,1,2419
2414,35,46,10380411.0,1,2422
2415,35,26,10380411.0,1,2423
2416,86,16,10384217.0,1,2424
2417,26,35,10384617.0,1,2425
2418,5,38,10386040.0,1,2426
2419,20,35,10392296.0,1,2427
2420,70,20,10395536.0,1,2428
2421,24,57,10397788.0,1,2429
2422,25,24,10399324.0,1,2430
2423,85,83,10409648.0,1,2431
2424,35,20,10462139.0,1,2432
2425,87,83,10466563.0,1,2433
2426,83,2,10469226.0,1,2434
2427,56,83,10470689.0,1,2435
2428,15,44,10471405.0,1,2436
2429,15,14,10471405.0,1,2437
2430,48,25,10471431.0,1,2438
2431,37,85,10478605.0,1,2439
2432,29,62,10478806.0,1,2440
2433,57,24,10480858.0,1,2442
2434,57,46,10480858.0,1,2441
2435,57,35,10480858.0,1,2444
2436,57,26,10480858.0,1,2443
2437,57,24,10490009.0,1,2445
2438,71,30,10492249.0,1,2447
2439,71,66,10492249.0,1,2446
2440,88,15,10545306.0,1,2448
2441,88,16,10546191.0,1,2449
2442,49,30,10549534.0,1,2450
2443,49,87,10549615.0,1,2451
2444,77,16,10549764.0,1,2452
2445,49,23,10549944.0,1,2453
2446,49,21,10549987.0,1,2454
2447,49,58,10550037.0,1,2455
2448,49,35,10550178.0,1,2456
2449,35,49,10551092.0,1,2457
2450,48,24,10554793.0,1,2458
2451,30,67,10557394.0,1,2459
2452,88,79,10558510.0,1,2460
2453,83,2,10559702.0,1,2461
2454,2,83,10559840.0,1,2462
2455,24,50,10560302.0,1,2463
2456,83,2,10560418.0,1,2464
2457,15,88,10560579.0,1,2465
2458,67,30,10562074.0,1,2466
2459,17,25,10565335.0,1,2467
2460,71,44,10566371.0,1,2475
2461,71,30,10566371.0,1,2477
2462,71,9,10566371.0,1,2468
2463,71,21,10566371.0,1,2474
2464,71,81,10566371.0,1,2476
2465,71,66,10566371.0,1,2473
2466,71,88,10566371.0,1,2478
2467,71,60,10566371.0,1,2469
2468,71,23,10566371.0,1,2470
2469,71,8,10566371.0,1,2471
2470,71,62,10566371.0,1,2472
2471,49,78,10569592.0,1,2479
2472,49,64,10570164.0,1,2480
2473,49,86,10571453.0,1,2481
2474,2,19,10575986.0,1,2482
2475,80,2,10586921.0,1,2483
2476,33,84,10664901.0,1,2484
2477,85,46,10804806.0,1,2485
2478,19,2,10808564.0,1,2486
2479,49,54,10813812.0,1,2488
2480,49,67,10813812.0,1,2487
2481,15,12,10814024.0,1,2489
2482,62,49,10815677.0,1,2495
2483,62,30,10815677.0,1,2500
2484,62,69,10815677.0,1,2499
2485,62,6,10815677.0,1,2493
2486,62,44,10815677.0,1,2497
2487,62,81,10815677.0,1,2498
2488,62,21,10815677.0,1,2496
2489,62,60,10815677.0,1,2490
2490,62,8,10815677.0,1,2492
2491,62,66,10815677.0,1,2494
2492,62,23,10815677.0,1,2491
2493,62,88,10815677.0,1,2501
2494,64,2,10817787.0,1,2502
2495,50,43,10822444.0,1,2503
2496,80,25,10828554.0,1,2504
2497,35,26,10829414.0,1,2505
2498,1,2,10829988.0,1,2506
2499,1,64,10830015.0,1,2507
2500,26,35,10833681.0,1,2508
2501,35,87,10835421.0,1,2511
2502,35,21,10835421.0,1,2510
2503,35,30,10835421.0,1,2513
2504,35,58,10835421.0,1,2512
2505,35,23,10835421.0,1,2509
2506,87,35,10836480.0,1,2514
2507,85,83,10836796.0,1,2515
2508,85,31,10837290.0,1,2517
2509,85,64,10837290.0,1,2516
2510,85,2,10837290.0,1,2518
2511,15,17,10839683.0,1,2519
2512,15,25,10839683.0,1,2520
2513,15,35,10839869.0,1,2521
2514,25,77,10841415.0,1,2522
2515,30,23,10899274.0,1,2523
2516,30,35,10899274.0,1,2526
2517,30,58,10899274.0,1,2527
2518,30,21,10899274.0,1,2524
2519,30,87,10899274.0,1,2525
2520,54,67,10900326.0,1,2528
2521,87,30,10900916.0,1,2529
2522,87,30,10900980.0,1,2530
2523,23,46,10902078.0,1,2531
2524,35,15,10902866.0,1,2532
2525,23,62,10903231.0,1,2533
2526,54,67,10905058.0,1,2534
2527,22,29,10905303.0,1,2535
2528,22,29,10905697.0,1,2536
2529,22,29,10906878.0,1,2537
2530,31,68,10908297.0,1,2538
2531,31,68,10908337.0,1,2539
2532,67,54,10915185.0,1,2540
2533,25,85,10918863.0,1,2541
2534,84,52,10920233.0,1,2542
2535,48,54,10921853.0,1,2543
2536,48,67,10922149.0,1,2544
2537,46,23,10929244.0,1,2545
2538,26,24,10977627.0,1,2547
2539,26,35,10977627.0,1,2548
2540,26,57,10977627.0,1,2549
2541,26,46,10977627.0,1,2546
2542,54,48,10979866.0,1,2550
2543,67,54,10984581.0,1,2551
2544,29,62,10984846.0,1,2552
2545,48,54,10986524.0,1,2553
2546,54,48,10987784.0,1,2554
2547,56,50,10987803.0,1,2555
2548,71,66,10987903.0,1,2556
2549,71,30,10987903.0,1,2557
2550,48,54,10988038.0,1,2558
2551,52,57,10991295.0,1,2559
2552,52,57,10991755.0,1,2560
2553,43,54,10993281.0,1,2561
2554,52,57,10993417.0,1,2562
2555,33,84,10997531.0,1,2563
2556,85,46,10998668.0,1,2564
2557,85,53,10998668.0,1,2565
2558,85,25,11006583.0,1,2566
2559,57,52,11015948.0,1,2567
2560,1,64,11063372.0,1,2568
2561,1,70,11063453.0,1,2569
2562,80,39,11072452.0,1,2570
2563,39,80,11072594.0,1,2571
2564,61,68,11078431.0,1,2574
2565,61,37,11078431.0,1,2575
2566,61,77,11078431.0,1,2576
2567,61,31,11078431.0,1,2573
2568,61,56,11078431.0,1,2572
2569,61,77,11078608.0,1,2581
2570,61,68,11078608.0,1,2579
2571,61,31,11078608.0,1,2578
2572,61,37,11078608.0,1,2580
2573,61,56,11078608.0,1,2577
2574,48,43,11088795.0,1,2582
2575,46,23,11089255.0,1,2583
2576,52,57,11165494.0,1,2585
2577,52,50,11165494.0,1,2584
2578,80,32,11176997.0,1,2586
2579,80,41,11177153.0,1,2587
2580,80,76,11185989.0,1,2588
2581,9,66,11580275.0,1,2589
2582,9,71,11580275.0,1,2590
2583,54,48,11580719.0,1,2591
2584,18,9,11581556.0,1,2592
2585,54,48,11583277.0,1,2593
2586,43,56,11590986.0,1,2594
2587,22,4,11591710.0,1,2595
2588,30,60,11594853.0,1,2596
2589,54,49,11601470.0,1,2597
2590,71,9,11602578.0,1,2598
2591,87,49,11603152.0,1,2599
2592,43,49,11605456.0,1,2600
2593,49,43,11608697.0,1,2601
2594,26,85,11615050.0,1,2602
2595,29,60,11617177.0,1,2603
2596,26,27,11617798.0,1,2606
2597,26,19,11617798.0,1,2604
2598,26,46,11617798.0,1,2605
2599,19,26,11667820.0,1,2607
2600,35,2,11675367.0,1,2608
2601,2,35,11677382.0,1,2609
2602,83,39,11678341.0,1,2610
2603,83,56,11678377.0,1,2611
2604,39,83,11678575.0,1,2612
2605,30,60,11679298.0,1,2613
2606,77,60,11685296.0,1,2614
2607,67,49,11689885.0,1,2615
2608,17,64,11692306.0,1,2616
2609,12,61,11725501.0,1,2617
2610,12,39,11725633.0,1,2618
2611,2,19,11756749.0,1,2619
2612,43,49,11757744.0,1,2620
2613,54,32,11758821.0,1,2621
2614,83,2,11759225.0,1,2622
2615,23,81,11759373.0,1,2631
2616,23,69,11759373.0,1,2632
2617,23,21,11759373.0,1,2629
2618,23,66,11759373.0,1,2628
2619,23,60,11759373.0,1,2623
2620,23,44,11759373.0,1,2630
2621,23,59,11759373.0,1,2625
2622,23,8,11759373.0,1,2624
2623,23,6,11759373.0,1,2627
2624,23,62,11759373.0,1,2626
2625,23,30,11759373.0,1,2633
2626,23,88,11759373.0,1,2634
2627,54,60,11761468.0,1,2635
2628,32,54,11763472.0,1,2636
2629,15,35,11766324.0,1,2637
2630,44,66,11766628.0,1,2638
2631,49,77,11770541.0,1,2639
2632,48,54,11773251.0,1,2640
2633,35,15,11774566.0,1,2641
2634,77,49,11775931.0,1,2642
2635,83,56,11776383.0,1,2643
2636,49,43,11776436.0,1,2644
2637,83,56,11776458.0,1,2645
2638,88,61,11776796.0,1,2646
2639,56,49,11777281.0,1,2647
2640,54,32,11779441.0,1,2648
2641,54,52,11779441.0,1,2649
2642,54,48,11779441.0,1,2650
2643,48,54,11779762.0,1,2651
2644,60,62,11780370.0,1,2652
2645,52,84,11780769.0,1,2653
2646,52,57,11780769.0,1,2655
2647,52,18,11780769.0,1,2656
2648,52,50,11780769.0,1,2654
2649,83,87,11780816.0,1,2657
2650,57,52,11781465.0,1,2658
2651,50,52,11783054.0,1,2659
2652,85,30,11783651.0,1,2660
2653,85,30,11783764.0,1,2661
2654,30,60,11784516.0,1,2662
2655,33,84,11786717.0,1,2663
2656,32,61,11849910.0,1,2664
2657,57,61,11850042.0,1,2665
2658,29,61,11850125.0,1,2666
2659,21,66,11850326.0,1,2667
2660,9,61,11851040.0,1,2668
2661,52,61,11854577.0,1,2669
2662,57,61,11854737.0,1,2670
2663,70,20,11857119.0,1,2671
2664,2,19,11857719.0,1,2672
2665,2,64,11857719.0,1,2673
2666,30,67,11862532.0,1,2674
2667,84,52,11866321.0,1,2675
2668,49,43,11869694.0,1,2676
2669,48,54,11870712.0,1,2677
2670,60,49,11930681.0,1,2678
2671,77,60,11930776.0,1,2679
2672,60,67,11931023.0,1,2681
2673,60,17,11931023.0,1,2680
2674,60,16,11931023.0,1,2683
2675,60,54,11931023.0,1,2682
2676,58,71,11934376.0,1,2684
2677,54,67,11939007.0,1,2685
2678,60,17,11942010.0,1,2686
2679,15,35,11942176.0,1,2687
2680,10,61,11942576.0,1,2688
2681,67,54,11943203.0,1,2689
2682,3,54,11943948.0,1,2690
2683,71,66,11948440.0,1,2691
2684,71,9,11949208.0,1,2692
2685,71,30,11949208.0,1,2693
2686,71,58,11949299.0,1,2694
2687,71,63,11949338.0,1,2695
2688,35,15,11953617.0,1,2696
2689,35,17,11955339.0,1,2697
2690,43,56,11964198.0,1,2698
2691,8,60,12113716.0,1,2699
2692,26,24,12186259.0,1,2701
2693,26,57,12186259.0,1,2703
2694,26,46,12186259.0,1,2700
2695,26,27,12186259.0,1,2702
2696,54,67,12189554.0,1,2704
2697,67,54,12192065.0,1,2705
2698,32,54,12203582.0,1,2706
2699,17,60,12204271.0,1,2707
2700,57,18,12209017.0,1,2710
2701,57,50,12209017.0,1,2709
2702,57,84,12209017.0,1,2708
2703,48,54,12216176.0,1,2711
2704,35,25,12217258.0,1,2712
2705,49,60,12220706.0,1,2713
2706,60,49,12221428.0,1,2714
2707,36,60,12222392.0,1,2715
2708,17,60,12223802.0,1,2716
2709,85,30,12274080.0,1,2717
2710,83,2,12278193.0,1,2718
2711,57,24,12282338.0,1,2720
2712,57,26,12282338.0,1,2721
2713,57,46,12282338.0,1,2719
2714,57,35,12282338.0,1,2723
2715,57,65,12282338.0,1,2722
2716,57,26,12283275.0,1,2724
2717,2,83,12284995.0,1,2725
2718,80,25,12289925.0,1,2726
2719,1,71,12294234.0,1,2727
2720,20,17,12295134.0,1,2728
2721,58,60,12297649.0,1,2729
2722,60,30,12311709.0,1,2730
2723,48,54,12359034.0,1,2732
2724,48,60,12359034.0,1,2731
2725,30,60,12361843.0,1,2733
2726,15,35,12365240.0,1,2736
2727,15,17,12365240.0,1,2734
2728,15,25,12365240.0,1,2735
2729,71,9,12366877.0,1,2737
2730,71,66,12366877.0,1,2738
2731,71,30,12367032.0,1,2741
2732,71,63,12367032.0,1,2742
2733,71,66,12367032.0,1,2739
2734,71,58,12367032.0,1,2740
2735,49,43,12370336.0,1,2743
2736,35,15,12375798.0,1,2744
2737,26,46,12375933.0,1,2745
2738,26,24,12375933.0,1,2746
2739,26,27,12375933.0,1,2747
2740,26,57,12375933.0,1,2748
2741,48,54,12377301.0,1,2749
2742,60,25,12382145.0,1,2750
2743,12,58,12387479.0,1,2751
2744,25,60,12396228.0,1,2752
2745,52,54,12451190.0,1,2753
2746,43,49,12458919.0,1,2754
2747,60,25,12460035.0,1,2755
2748,54,67,12462165.0,1,2756
2749,88,39,12463416.0,1,2757
2750,39,88,12463537.0,1,2758
2751,35,61,12463761.0,1,2759
2752,67,54,12464105.0,1,2760
2753,54,60,12467889.0,1,2761
2754,49,87,12468573.0,1,2762
2755,52,57,12469689.0,1,2763
2756,48,54,12470006.0,1,2764
2757,48,24,12470006.0,1,2765
2758,52,54,12470368.0,1,2766
2759,54,52,12470576.0,1,2767
2760,43,56,12471489.0,1,2768
2761,23,87,12473072.0,1,2770
2762,23,58,12473072.0,1,2772
2763,23,21,12473072.0,1,2769
2764,23,35,12473072.0,1,2771
2765,23,30,12473072.0,1,2773
2766,52,54,12473140.0,1,2774
2767,52,57,12473421.0,1,2775
2768,49,13,12473551.0,1,2776
2769,13,49,12475067.0,1,2777
2770,77,60,12535905.0,1,2778
2771,43,49,12538538.0,1,2779
2772,49,48,12538565.0,1,2780
2773,60,16,12538575.0,1,2781
2774,49,23,12538830.0,1,2782
2775,64,20,12539086.0,1,2783
2776,49,12,12541124.0,1,2786
2777,49,85,12541124.0,1,2785
2778,49,80,12541124.0,1,2787
2779,49,13,12541124.0,1,2784
2780,57,46,12541382.0,1,2788
2781,57,24,12541382.0,1,2789
2782,57,65,12541382.0,1,2791
2783,57,26,12541382.0,1,2790
2784,87,30,12543694.0,1,2792
2785,60,16,12547179.0,1,2793
2786,54,67,12547619.0,1,2794
2787,49,25,12551960.0,1,2795
2788,49,60,12552570.0,1,2796
2789,80,25,12556732.0,1,2797
2790,53,60,12559003.0,1,2798
2791,33,84,12562525.0,1,2799
2792,33,84,12562887.0,1,2800
2793,25,49,12566466.0,1,2801
2794,71,66,12645791.0,1,2803
2795,71,9,12645791.0,1,2802
2796,83,2,12791537.0,1,2804
2797,19,14,12791736.0,1,2805
2798,15,14,12801980.0,1,2807
2799,15,44,12801980.0,1,2806
2800,1,2,12810342.0,1,2808
2801,70,1,12810618.0,1,2810
2802,70,20,12810618.0,1,2809
2803,70,1,12810643.0,1,2812
2804,70,20,12810643.0,1,2811
2805,70,20,12810666.0,1,2813
2806,70,1,12810666.0,1,2814
2807,70,20,12810681.0,1,2815
2808,70,1,12810681.0,1,2816
2809,70,20,12810713.0,1,2817
2810,70,1,12810713.0,1,2818
2811,70,1,12810747.0,1,2820
2812,70,20,12810747.0,1,2819
2813,83,39,12812368.0,1,2821
2814,60,17,12815564.0,1,2822
2815,60,54,12815564.0,1,2824
2816,60,16,12815564.0,1,2825
2817,60,67,12815564.0,1,2823
2818,21,30,12816620.0,1,2826
2819,57,26,12817059.0,1,2827
2820,80,70,12817526.0,1,2828
2821,51,26,12825100.0,1,2829
2822,51,39,12825267.0,1,2830
2823,25,16,12827921.0,1,2831
2824,39,51,12878100.0,1,2832
2825,77,25,12880756.0,1,2833
2826,77,60,12881708.0,1,2834
2827,33,84,12883016.0,1,2835
2828,60,16,12884139.0,1,2836
2829,61,67,12884686.0,1,2837
2830,77,60,12886886.0,1,2838
2831,70,80,12889783.0,1,2839
2832,80,70,12891034.0,1,2840
2833,80,70,12891111.0,1,2841
2834,44,30,12891881.0,1,2842
2835,44,30,12892834.0,1,2843
2836,25,17,12894149.0,1,2844
2837,21,30,12898184.0,1,2845
2838,23,30,12899585.0,1,2846
2839,78,39,12900992.0,1,2847
2840,49,16,12907117.0,1,2848
2841,30,60,12907418.0,1,2849
2842,49,50,12913519.0,1,2850
2843,60,30,12917801.0,1,2851
2844,60,17,12919386.0,1,2852
2845,60,54,12919386.0,1,2854
2846,60,67,12919386.0,1,2853
2847,60,16,12919386.0,1,2855
2848,43,49,12966497.0,1,2856
2849,43,50,12966497.0,1,2860
2850,43,56,12966497.0,1,2858
2851,43,80,12966497.0,1,2857
2852,43,67,12966497.0,1,2859
2853,57,26,12971371.0,1,2863
2854,57,46,12971371.0,1,2861
2855,57,65,12971371.0,1,2864
2856,57,24,12971371.0,1,2862
2857,50,49,12973424.0,1,2865
2858,49,50,12974026.0,1,2866
2859,49,54,12974181.0,1,2867
2860,26,46,12977992.0,1,2869
2861,26,19,12977992.0,1,2868
2862,26,27,12977992.0,1,2870
2863,25,78,12982171.0,1,2871
2864,49,70,12987523.0,1,2872
2865,77,52,12989015.0,1,2873
2866,80,57,12990132.0,1,2874
2867,52,77,12992052.0,1,2875
2868,49,54,12992056.0,1,2876
2869,77,52,12994395.0,1,2877
2870,69,30,13051989.0,1,2878
2871,69,60,13052631.0,1,2879
2872,60,69,13055562.0,1,2880
2873,52,84,13060746.0,1,2881
2874,52,57,13060746.0,1,2883
2875,52,50,13060746.0,1,2882
2876,52,18,13060746.0,1,2884
2877,66,88,13061360.0,1,2885
2878,84,52,13061728.0,1,2886
2879,57,52,13062960.0,1,2887
2880,50,52,13064239.0,1,2888
2881,15,35,13066136.0,1,2889
2882,26,27,13068112.0,1,2890
2883,49,70,13068346.0,1,2891
2884,35,17,13076027.0,1,2892
2885,18,52,13077227.0,1,2893
2886,49,80,13079171.0,1,2894
2887,43,49,13079946.0,1,2895
2888,43,61,13140977.0,1,2896
2889,54,67,13151239.0,1,2897
2890,54,49,13151239.0,1,2898
2891,54,49,13152224.0,1,2899
2892,56,43,13152423.0,1,2900
2893,49,54,13155444.0,1,2901
2894,71,66,13156373.0,1,2903
2895,71,9,13156373.0,1,2902
2896,71,30,13156373.0,1,2905
2897,71,58,13156373.0,1,2904
2898,71,66,13156620.0,1,2908
2899,71,58,13156620.0,1,2909
2900,71,30,13156620.0,1,2910
2901,71,23,13156620.0,1,2907
2902,71,9,13156620.0,1,2906
2903,71,66,13156871.0,1,2912
2904,71,1,13156871.0,1,2913
2905,71,9,13156871.0,1,2911
2906,83,56,13157084.0,1,2914
2907,61,56,13157139.0,1,2915
2908,56,83,13160741.0,1,2916
2909,52,62,13161531.0,1,2917
2910,82,1,13163019.0,1,2918
2911,82,1,13163307.0,1,2919
2912,49,50,13163982.0,1,2920
2913,50,49,13165468.0,1,2921
2914,67,54,13350854.0,1,2922
2915,54,67,13394339.0,1,2923
2916,80,25,13406880.0,1,2924
2917,52,57,13410878.0,1,2925
2918,39,24,13424883.0,1,2926
2919,84,18,13425167.0,1,2927
2920,9,18,13425404.0,1,2928
2921,24,39,13425614.0,1,2929
2922,17,60,13435484.0,1,2930
2923,54,25,13483941.0,1,2931
2924,51,26,13484592.0,1,2932
2925,77,61,13487811.0,1,2933
2926,25,54,13488532.0,1,2934
2927,87,83,13488807.0,1,2935
2928,83,85,13488995.0,1,2936
2929,83,2,13488995.0,1,2937
2930,39,24,13490270.0,1,2938
2931,48,54,13493529.0,1,2939
2932,54,23,13495827.0,1,2940
2933,48,54,13496030.0,1,2941
2934,77,61,13498999.0,1,2942
2935,66,71,13500042.0,1,2943
2936,25,80,13505998.0,1,2944
2937,71,1,13508781.0,1,2947
2938,71,66,13508781.0,1,2946
2939,71,9,13508781.0,1,2945
2940,71,30,13508941.0,1,2948
2941,30,58,13509496.0,1,2950
2942,30,39,13509496.0,1,2949
2943,71,30,13509630.0,1,2952
2944,71,9,13509630.0,1,2951
2945,71,9,13509771.0,1,2953
2946,71,66,13509771.0,1,2954
2947,63,84,13512562.0,1,2955
2948,64,17,13513082.0,1,2956
2949,83,56,13514592.0,1,2957
2950,56,83,13515299.0,1,2958
2951,24,39,13516185.0,1,2959
2952,15,17,13522535.0,1,2960
2953,15,25,13522535.0,1,2961
2954,15,35,13522535.0,1,2962
2955,1,71,13570821.0,1,2963
2956,60,48,13572915.0,1,2965
2957,60,16,13572915.0,1,2966
2958,60,54,13572915.0,1,2964
2959,13,12,13573115.0,1,2967
2960,25,15,13574437.0,1,2968
2961,57,26,13574932.0,1,2971
2962,57,24,13574932.0,1,2970
2963,57,46,13574932.0,1,2969
2964,57,65,13574932.0,1,2972
2965,57,35,13574932.0,1,2973
2966,83,2,13578841.0,1,2974
2967,70,43,13578944.0,1,2975
2968,25,80,13581783.0,1,2976
2969,49,43,13584251.0,1,2977
2970,25,80,13586953.0,1,2978
2971,48,24,13591333.0,1,2979
2972,52,57,13594206.0,1,2980
2973,24,48,13594669.0,1,2981
2974,77,49,13595999.0,1,2982
2975,52,57,13597486.0,1,2983
2976,49,43,13601570.0,1,2984
2977,10,58,13655300.0,1,2986
2978,10,9,13655300.0,1,2985
2979,48,30,13668538.0,1,2988
2980,48,12,13668538.0,1,2987
2981,54,78,13668959.0,1,2989
2982,70,20,13669393.0,1,2990
2983,70,1,13669393.0,1,2991
2984,30,48,13669577.0,1,2992
2985,70,20,13669590.0,1,2993
2986,70,1,13669590.0,1,2994
2987,71,58,13671811.0,1,2997
2988,71,1,13671811.0,1,2996
2989,71,66,13671811.0,1,2995
2990,71,23,13672101.0,1,2999
2991,71,66,13672101.0,1,3000
2992,71,9,13672101.0,1,2998
2993,71,58,13672101.0,1,3002
2994,71,1,13672101.0,1,3001
2995,71,1,13672212.0,1,3004
2996,71,66,13672212.0,1,3003
2997,71,66,13672694.0,1,3005
2998,71,1,13672694.0,1,3006
2999,57,52,13672873.0,1,3007
3000,12,48,13677461.0,1,3008
3001,12,13,13677788.0,1,3009
3002,18,19,13681390.0,1,3010
3003,9,18,13681475.0,1,3011
3004,9,18,13681524.0,1,3012
3005,22,37,13682805.0,1,3013
3006,2,85,13682931.0,1,3014
3007,64,17,13691757.0,1,3015
3008,17,64,13692846.0,1,3016
3009,50,80,13698596.0,1,3017
3010,38,5,13706448.0,1,3018
3011,39,24,13743425.0,1,3019
3012,78,54,13744820.0,1,3020
3013,24,39,13746634.0,1,3021
3014,67,49,13747123.0,1,3022
3015,67,54,13747123.0,1,3023
3016,77,25,13750015.0,1,3024
3017,17,61,13752180.0,1,3025
3018,64,17,13752650.0,1,3026
3019,12,49,13755847.0,1,3027
3020,29,60,13756650.0,1,3028
3021,17,49,13758354.0,1,3029
3022,24,46,13758835.0,1,3030
3023,24,26,13758835.0,1,3031
3024,24,57,13758835.0,1,3032
3025,49,12,13759023.0,1,3033
3026,49,17,13759280.0,1,3034
3027,5,17,13764306.0,1,3035
3028,17,5,13768847.0,1,3036
3029,52,5,13768980.0,1,3037
3030,52,67,13770183.0,1,3038
3031,25,80,13776673.0,1,3039
3032,43,49,13840591.0,1,3040
3033,60,49,14002877.0,1,3041
3034,30,60,14007220.0,1,3042
3035,38,5,14007461.0,1,3043
3036,23,60,14007812.0,1,3044
3037,60,30,14009861.0,1,3045
3038,49,43,14011452.0,1,3047
3039,49,56,14011452.0,1,3046
3040,19,14,14013074.0,1,3048
3041,25,60,14013259.0,1,3049
3042,37,5,14014949.0,1,3053
3043,37,38,14014949.0,1,3051
3044,37,26,14014949.0,1,3052
3045,37,53,14014949.0,1,3050
3046,21,60,14015064.0,1,3054
3047,37,19,14017889.0,1,3055
3048,37,46,14017889.0,1,3056
3049,85,17,14019837.0,1,3057
3050,1,82,14025675.0,1,3058
3051,1,82,14025756.0,1,3059
3052,82,1,14025971.0,1,3060
3053,71,9,14027504.0,1,3061
3054,71,66,14027504.0,1,3062
3055,71,9,14027722.0,1,3063
3056,71,66,14027722.0,1,3064
3057,2,83,14032679.0,1,3065
3058,9,18,14086968.0,1,3066
3059,26,24,14089467.0,1,3067
3060,12,58,14090775.0,1,3123
3061,26,24,14090854.0,1,3125
3062,26,57,14090854.0,1,3127
3063,26,46,14090854.0,1,3124
3064,26,27,14090854.0,1,3126
3065,26,24,14090940.0,1,3129
3066,26,27,14090940.0,1,3130
3067,26,46,14090940.0,1,3128
3068,26,57,14090940.0,1,3131
3069,15,54,14091144.0,1,3132
3070,20,17,14092023.0,1,3068
3071,61,38,14093631.0,1,3133
3072,35,23,14094090.0,1,3134
3073,88,60,14095599.0,1,3135
3074,10,16,14095672.0,1,3069
3075,15,33,14096188.0,1,3070
3076,15,14,14096188.0,1,3071
3077,35,15,14097361.0,1,3072
3078,23,35,14097363.0,1,3136
3079,77,61,14098374.0,1,3073
3080,25,80,14098693.0,1,3137
3081,48,54,14099517.0,1,3138
3082,1,39,14100158.0,1,3074
3083,12,58,14100433.0,1,3139
3084,54,48,14100454.0,1,3140
3085,30,60,14102232.0,1,3141
3086,77,10,14104061.0,1,3075
3087,67,54,14105727.0,1,3142
3088,2,64,14105860.0,1,3076
3089,26,27,14106023.0,1,3077
3090,26,27,14106169.0,1,3078
3091,49,43,14106619.0,1,3143
3092,33,84,14108431.0,1,3079
3093,33,84,14108936.0,1,3080
3094,33,4,14108936.0,1,3081
3095,57,26,14108985.0,1,3084
3096,57,46,14108985.0,1,3082
3097,57,24,14108985.0,1,3083
3098,15,35,14109115.0,1,3085
3099,33,84,14109313.0,1,3086
3100,15,16,14110141.0,1,3144
3101,57,24,14111869.0,1,3145
3102,24,57,14112623.0,1,3146
3103,49,46,14112730.0,1,3087
3104,48,54,14114026.0,1,3147
3105,43,49,14115030.0,1,3148
3106,64,17,14115479.0,1,3149
3107,26,57,14128531.0,1,3088
3108,35,15,14137472.0,1,3089
3109,35,15,14137504.0,1,3090
3110,4,22,14140534.0,1,3091
3111,67,25,14174660.0,1,3150
3112,1,82,14175173.0,1,3092
3113,1,39,14175205.0,1,3093
3114,48,13,14175209.0,1,3094
3115,1,89,14175276.0,1,3095
3116,67,49,14176893.0,1,3151
3117,2,39,14177385.0,1,3096
3118,39,2,14178347.0,1,3097
3119,48,54,14178858.0,1,3098
3120,54,48,14178960.0,1,3099
3121,20,25,14179871.0,1,3152
3122,48,54,14180461.0,1,3100
3123,83,56,14180805.0,1,3101
3124,83,87,14180805.0,1,3102
3125,48,54,14181319.0,1,3153
3126,54,48,14181958.0,1,3103
3127,48,54,14181967.0,1,3104
3128,49,43,14182116.0,1,3154
3129,43,49,14182925.0,1,3155
3130,66,9,14184672.0,1,3156
3131,25,60,14185798.0,1,3157
3132,49,43,14186614.0,1,3158
3133,84,52,14186808.0,1,3159
3134,30,44,14186951.0,1,3105
3135,71,66,14187186.0,1,3106
3136,71,9,14187451.0,1,3107
3137,71,66,14187574.0,1,3109
3138,71,9,14187574.0,1,3108
3139,71,66,14187624.0,1,3111
3140,71,9,14187624.0,1,3110
3141,71,1,14187624.0,1,3112
3142,54,48,14187731.0,1,3113
3143,17,64,14188043.0,1,3160
3144,60,16,14188745.0,1,3114
3145,52,84,14189971.0,1,3161
3146,21,60,14191471.0,1,3162
3147,49,15,14191873.0,1,3163
3148,24,26,14192733.0,1,3164
3149,49,54,14193070.0,1,3165
3150,70,85,14193307.0,1,3166
3151,43,67,14193614.0,1,3167
3152,67,44,14194877.0,1,3168
3153,83,20,14197644.0,1,3169
3154,67,20,14197735.0,1,3170
3155,77,17,14201160.0,1,3171
3156,49,54,14202256.0,1,3172
3157,35,15,14202845.0,1,3115
3158,49,67,14202889.0,1,3116
3159,35,15,14203267.0,1,3117
3160,38,5,14205302.0,1,3118
3161,5,38,14207278.0,1,3119
3162,71,1,14207643.0,1,3173
3163,71,30,14207878.0,1,3175
3164,71,66,14207878.0,1,3174
3165,64,17,14208014.0,1,3176
3166,64,17,14208961.0,1,3177
3167,64,17,14209600.0,1,3178
3168,38,5,14212681.0,1,3120
3169,5,38,14212886.0,1,3121
3170,1,64,14214218.0,1,3179
3171,5,38,14216745.0,1,3122
3172,65,24,14221845.0,1,3180
3173,82,1,14430480.0,1,3181
3174,82,1,14430623.0,1,3182
3175,48,54,14431298.0,1,3183
3176,48,63,14432766.0,1,3184
3177,1,71,14433570.0,1,3185
3178,1,71,14433714.0,1,3186
3179,1,82,14433736.0,1,3187
3180,1,82,14433751.0,1,3188
3181,1,82,14433792.0,1,3189
3182,46,26,14438857.0,1,3190
3183,15,16,14441620.0,1,3192
3184,15,14,14441620.0,1,3191
3185,77,60,14441903.0,1,3193
3186,80,25,14442286.0,1,3194
3187,15,33,14442478.0,1,3195
3188,21,60,14445757.0,1,3196
3189,1,82,14446465.0,1,3197
3190,77,15,14448565.0,1,3198
3191,54,48,14449694.0,1,3199
3192,30,60,14450804.0,1,3200
3193,54,49,14452537.0,1,3201
3194,54,49,14453282.0,1,3202
3195,49,54,14454816.0,1,3203
3196,29,60,14457665.0,1,3204
3197,71,1,14459043.0,1,3205
3198,71,30,14459043.0,1,3207
3199,71,58,14459043.0,1,3206
3200,71,58,14459240.0,1,3210
3201,71,66,14459240.0,1,3209
3202,71,9,14459240.0,1,3208
3203,71,9,14460420.0,1,3211
3204,71,1,14460420.0,1,3213
3205,71,66,14460420.0,1,3212
3206,17,20,14460745.0,1,3214
3207,29,60,14461797.0,1,3215
3208,29,81,14461797.0,1,3225
3209,29,88,14461797.0,1,3227
3210,29,30,14461797.0,1,3226
3211,29,59,14461797.0,1,3218
3212,29,21,14461797.0,1,3223
3213,29,44,14461797.0,1,3224
3214,29,8,14461797.0,1,3217
3215,29,23,14461797.0,1,3216
3216,29,49,14461797.0,1,3222
3217,29,62,14461797.0,1,3219
3218,29,6,14461797.0,1,3220
3219,29,66,14461797.0,1,3221
3220,85,46,14464181.0,1,3228
3221,85,31,14464181.0,1,3229
3222,85,87,14464241.0,1,3231
3223,85,83,14464241.0,1,3230
3224,1,64,14525638.0,1,3232
3225,70,1,14530650.0,1,3234
3226,70,20,14530650.0,1,3233
3227,61,56,14532342.0,1,3235
3228,87,83,14533222.0,1,3236
3229,60,30,14536235.0,1,3237
3230,1,64,14537964.0,1,3238
3231,1,71,14538513.0,1,3239
3232,1,2,14538617.0,1,3240
3233,1,70,14538695.0,1,3241
3234,30,67,14538916.0,1,3242
3235,71,9,14544301.0,1,3243
3236,71,1,14544301.0,1,3244
3237,71,18,14544301.0,1,3245
3238,71,66,14544670.0,1,3246
3239,43,49,14552854.0,1,3247
3240,66,69,14616954.0,1,3248
3241,4,22,14617023.0,1,3249
3242,48,24,14617077.0,1,3250
3243,9,60,14618251.0,1,3251
3244,56,83,14623522.0,1,3252
3245,54,67,14626993.0,1,3253
3246,60,17,14628110.0,1,3254
3247,60,22,14628144.0,1,3255
3248,46,49,14628608.0,1,3256
3249,66,69,14631975.0,1,3257
3250,60,29,14632514.0,1,3258
3251,17,25,14633102.0,1,3259
3252,17,35,14633102.0,1,3260
3253,54,67,14634772.0,1,3261
3254,83,56,14635629.0,1,3262
3255,24,48,14637365.0,1,3263
3256,57,35,14637418.0,1,3267
3257,57,80,14637418.0,1,3268
3258,57,46,14637418.0,1,3264
3259,57,26,14637418.0,1,3266
3260,57,24,14637418.0,1,3265
3261,57,24,14637491.0,1,3270
3262,57,46,14637491.0,1,3269
3263,57,80,14637491.0,1,3273
3264,57,35,14637491.0,1,3272
3265,57,26,14637491.0,1,3271
3266,18,84,14638768.0,1,3274
3267,22,4,14639087.0,1,3275
3268,48,24,14644014.0,1,3276
3269,60,17,14646634.0,1,3277
3270,67,32,14692433.0,1,3278
3271,1,71,14692447.0,1,3279
3272,1,39,14692470.0,1,3280
3273,1,82,14692555.0,1,3281
3274,1,39,14692566.0,1,3282
3275,1,71,14692578.0,1,3283
3276,1,82,14692921.0,1,3284
3277,1,71,14692938.0,1,3285
3278,1,71,14693364.0,1,3286
3279,35,23,14694632.0,1,3287
3280,58,60,14700101.0,1,3288
3281,54,49,14705899.0,1,3289
3282,1,71,14708078.0,1,3290
3283,1,82,14708090.0,1,3291
3284,1,39,14708101.0,1,3292
3285,61,17,14709928.0,1,3293
3286,61,56,14710408.0,1,3294
3287,77,61,14714142.0,1,3295
3288,43,83,14715146.0,1,3296
3289,49,67,14715783.0,1,3298
3290,49,54,14715783.0,1,3297
3291,60,21,14719065.0,1,3299
3292,71,58,14720871.0,1,3302
3293,71,9,14720871.0,1,3300
3294,71,66,14720871.0,1,3301
3295,71,66,14720936.0,1,3304
3296,71,58,14720936.0,1,3305
3297,71,9,14720936.0,1,3303
3298,71,58,14721132.0,1,3307
3299,71,1,14721132.0,1,3306
3300,71,1,14721142.0,1,3308
3301,71,58,14721221.0,1,3312
3302,71,1,14721221.0,1,3311
3303,71,9,14721221.0,1,3309
3304,71,66,14721221.0,1,3310
3305,71,9,14721615.0,1,3313
3306,71,1,14721615.0,1,3315
3307,71,66,14721615.0,1,3314
3308,71,58,14721854.0,1,3318
3309,71,9,14721854.0,1,3316
3310,71,66,14721854.0,1,3317
3311,71,66,14721966.0,1,3320
3312,71,9,14721966.0,1,3319
3313,71,66,14722052.0,1,3322
3314,71,58,14722052.0,1,3323
3315,71,9,14722052.0,1,3321
3316,71,58,14722342.0,1,3326
3317,71,18,14722342.0,1,3327
3318,71,66,14722342.0,1,3325
3319,71,9,14722342.0,1,3324
3320,71,1,14722668.0,1,3330
3321,71,9,14722668.0,1,3328
3322,71,18,14722668.0,1,3332
3323,71,58,14722668.0,1,3331
3324,71,66,14722668.0,1,3329
3325,83,43,14725156.0,1,3333
3326,22,4,14726748.0,1,3334
3327,82,1,14775970.0,1,3335
3328,33,15,14785660.0,1,3336
3329,48,24,14787603.0,1,3337
3330,33,35,14789294.0,1,3338
3331,84,52,14791551.0,1,3339
3332,84,52,14791571.0,1,3340
3333,84,52,14791596.0,1,3341
3334,21,60,14792226.0,1,3342
3335,21,60,14795637.0,1,3343
3336,19,18,14797512.0,1,3344
3337,60,61,14798378.0,1,3345
3338,49,54,14798724.0,1,3346
3339,33,84,14801133.0,1,3347
3340,33,4,14801133.0,1,3348
3341,71,9,14801318.0,1,3349
3342,71,58,14801318.0,1,3351
3343,71,18,14801318.0,1,3352
3344,71,66,14801318.0,1,3350
3345,71,88,14801761.0,1,3364
3346,71,81,14801761.0,1,3361
3347,71,58,14801761.0,1,3362
3348,71,44,14801761.0,1,3360
3349,71,21,14801761.0,1,3359
3350,71,23,14801761.0,1,3355
3351,71,30,14801761.0,1,3363
3352,71,8,14801761.0,1,3356
3353,71,62,14801761.0,1,3357
3354,71,60,14801761.0,1,3354
3355,71,9,14801761.0,1,3353
3356,71,66,14801761.0,1,3358
3357,67,54,14804722.0,1,3365
3358,49,86,14805435.0,1,3366
3359,22,4,14807588.0,1,3367
3360,10,17,14809869.0,1,3368
3361,80,70,14810026.0,1,3369
3362,4,22,15066517.0,1,3370
3363,5,38,15069246.0,1,3371
3364,82,1,15121517.0,1,3372
3365,54,3,15122184.0,1,3373
3366,48,63,15124079.0,1,3374
3367,48,54,15124409.0,1,3375
3368,54,63,15125136.0,1,3376
3369,1,71,15131647.0,1,3377
3370,1,39,15131666.0,1,3378
3371,1,82,15131853.0,1,3379
3372,54,67,15135006.0,1,3380
3373,15,14,15135207.0,1,3382
3374,15,44,15135207.0,1,3381
3375,60,21,15137787.0,1,3383
3376,56,43,15140157.0,1,3384
3377,23,58,15141634.0,1,3385
3378,5,38,15145751.0,1,3386
3379,26,46,15147278.0,1,3387
3380,12,30,15149396.0,1,3388
3381,46,26,15153017.0,1,3389
3382,22,4,15153596.0,1,3390
3383,48,24,15153715.0,1,3391
3384,80,50,15155455.0,1,3392
3385,26,46,15156536.0,1,3393
3386,49,54,15159103.0,1,3394
3387,4,22,15162584.0,1,3395
3388,57,46,15218917.0,1,3396
3389,57,26,15218917.0,1,3398
3390,57,24,15218917.0,1,3397
3391,48,24,15226274.0,1,3399
3392,5,2,15226601.0,1,3400
3393,5,53,15226709.0,1,3401
3394,5,22,15226922.0,1,3402
3395,5,35,15226986.0,1,3403
3396,5,26,15227144.0,1,3404
3397,5,12,15227253.0,1,3405
3398,3,44,15228465.0,1,3406
3399,5,84,15228926.0,1,3407
3400,48,84,15230361.0,1,3408
3401,48,24,15230361.0,1,3409
3402,9,18,15230846.0,1,3410
3403,56,49,15234388.0,1,3411
3404,17,20,15235130.0,1,3412
3405,39,24,15236853.0,1,3414
3406,39,23,15236853.0,1,3413
3407,54,24,15240627.0,1,3415
3408,22,4,15243891.0,1,3416
3409,23,66,15250945.0,1,3422
3410,23,44,15250945.0,1,3424
3411,23,21,15250945.0,1,3423
3412,23,30,15250945.0,1,3427
3413,23,69,15250945.0,1,3426
3414,23,88,15250945.0,1,3428
3415,23,8,15250945.0,1,3418
3416,23,6,15250945.0,1,3421
3417,23,59,15250945.0,1,3419
3418,23,60,15250945.0,1,3417
3419,23,62,15250945.0,1,3420
3420,23,81,15250945.0,1,3425
3421,67,49,15298813.0,1,3429
3422,39,12,15300972.0,1,3430
3423,26,61,15301476.0,1,3431
3424,35,5,15303233.0,1,3432
3425,48,24,15305300.0,1,3433
3426,54,49,15305422.0,1,3434
3427,54,78,15305688.0,1,3435
3428,49,17,15306317.0,1,3436
3429,49,17,15306517.0,1,3437
3430,49,67,15306691.0,1,3438
3431,24,48,15307776.0,1,3439
3432,24,48,15307865.0,1,3440
3433,49,54,15308038.0,1,3441
3434,52,61,15309717.0,1,3442
3435,5,35,15309885.0,1,3443
3436,15,44,15310003.0,1,3444
3437,26,19,15310408.0,1,3445
3438,49,43,15310410.0,1,3446
3439,35,57,15310739.0,1,3447
3440,35,25,15310925.0,1,3448
3441,57,35,15317294.0,1,3449
3442,48,54,15318914.0,1,3450
3443,67,54,15319548.0,1,3451
3444,49,70,15320780.0,1,3452
3445,48,54,15321612.0,1,3453
3446,12,49,15326491.0,1,3454
3447,4,22,15326522.0,1,3455
3448,84,5,15327287.0,1,3456
3449,12,5,15328878.0,1,3457
3450,17,25,15329557.0,1,3458
3451,17,20,15329730.0,1,3459
3452,5,12,15349030.0,1,3460
3453,5,84,15349037.0,1,3461
3454,1,71,15383363.0,1,3462
3455,48,13,15383866.0,1,3463
3456,20,17,15387206.0,1,3464
3457,25,17,15388519.0,1,3465
3458,63,61,15389416.0,1,3466
3459,46,61,15390612.0,1,3467
3460,20,35,15391320.0,1,3475
3461,20,10,15391320.0,1,3472
3462,20,85,15391320.0,1,3473
3463,20,2,15391320.0,1,3474
3464,20,64,15391320.0,1,3471
3465,20,89,15391320.0,1,3468
3466,20,17,15391320.0,1,3469
3467,20,25,15391320.0,1,3470
3468,12,5,15391931.0,1,3476
3469,35,24,15395289.0,1,3477
3470,35,46,15395311.0,1,3478
3471,35,20,15395435.0,1,3479
3472,56,43,15396646.0,1,3480
3473,88,61,15396717.0,1,3481
3474,18,61,15397297.0,1,3482
3475,15,35,15399280.0,1,3483
3476,5,84,15399584.0,1,3484
3477,5,4,15399978.0,1,3485
3478,13,61,15401110.0,1,3486
3479,19,61,15402495.0,1,3487
3480,19,66,15407701.0,1,3488
3481,49,54,15411033.0,1,3489
3482,71,1,15412871.0,1,3490
3483,71,18,15413145.0,1,3494
3484,71,9,15413145.0,1,3491
3485,71,1,15413145.0,1,3493
3486,71,66,15413145.0,1,3492
3487,71,9,15413221.0,1,3495
3488,71,18,15413221.0,1,3498
3489,71,66,15413221.0,1,3496
3490,71,1,15413221.0,1,3497
3491,71,9,15413345.0,1,3499
3492,71,1,15413345.0,1,3501
3493,71,66,15413345.0,1,3500
3494,71,18,15413562.0,1,3504
3495,71,9,15413562.0,1,3502
3496,71,66,15413562.0,1,3503
3497,25,88,15413695.0,1,3505
3498,71,66,15413922.0,1,3507
3499,71,9,15413922.0,1,3506
3500,71,18,15413922.0,1,3509
3501,71,1,15413922.0,1,3508
3502,71,9,15414371.0,1,3510
3503,71,1,15414371.0,1,3512
3504,71,18,15414371.0,1,3513
3505,71,66,15414371.0,1,3511
3506,71,66,15415387.0,1,3515
3507,71,1,15415387.0,1,3516
3508,71,9,15415387.0,1,3514
3509,71,18,15415387.0,1,3517
3510,35,15,15416710.0,1,3518
3511,35,15,15416818.0,1,3519
3512,15,35,15420979.0,1,3520
3513,88,25,15482268.0,1,3521
3514,54,48,15642378.0,1,3522
3515,67,49,15647012.0,1,3523
3516,35,85,15648283.0,1,3524
3517,29,60,15649422.0,1,3525
3518,23,58,15650938.0,1,3526
3519,85,35,15651215.0,1,3527
3520,60,54,15651404.0,1,3528
3521,77,88,15653871.0,1,3529
3522,77,88,15654027.0,1,3530
3523,26,5,15654203.0,1,3531
3524,54,32,15654969.0,1,3533
3525,54,52,15654969.0,1,3534
3526,54,48,15654969.0,1,3536
3527,54,49,15654969.0,1,3535
3528,54,67,15654969.0,1,3532
3529,52,54,15657438.0,1,3537
3530,5,26,15657714.0,1,3538
3531,84,5,15657876.0,1,3539
3532,54,52,15658077.0,1,3540
3533,49,67,15658635.0,1,3541
3534,35,60,15659351.0,1,3542
3535,54,24,15660359.0,1,3543
3536,35,24,15660875.0,1,3544
3537,5,84,15661822.0,1,3545
3538,5,62,15662158.0,1,3546
3539,32,54,15663721.0,1,3547
3540,1,2,15666627.0,1,3548
3541,30,23,15670257.0,1,3549
3542,77,60,15672360.0,1,3550
3543,77,10,15672715.0,1,3551
3544,77,60,15673002.0,1,3552
3545,77,25,15673344.0,1,3553
3546,23,8,15674976.0,1,3555
3547,23,30,15674976.0,1,3564
3548,23,81,15674976.0,1,3562
3549,23,88,15674976.0,1,3565
3550,23,44,15674976.0,1,3561
3551,23,62,15674976.0,1,3557
3552,23,6,15674976.0,1,3558
3553,23,60,15674976.0,1,3554
3554,23,66,15674976.0,1,3559
3555,23,21,15674976.0,1,3560
3556,23,69,15674976.0,1,3563
3557,23,59,15674976.0,1,3556
3558,49,64,15675502.0,1,3566
3559,17,25,15678686.0,1,3567
3560,35,25,15678894.0,1,3568
3561,57,52,15679002.0,1,3569
3562,57,52,15680071.0,1,3570
3563,48,54,15694558.0,1,3571
3564,54,48,15726246.0,1,3572
3565,54,67,15731661.0,1,3573
3566,54,49,15731661.0,1,3574
3567,2,5,15734481.0,1,3575
3568,87,23,15734841.0,1,3576
3569,25,77,15737810.0,1,3577
3570,67,54,15740096.0,1,3578
3571,67,54,15740251.0,1,3579
3572,24,57,15742076.0,1,3580
3573,5,2,15742406.0,1,3581
3574,61,54,15746002.0,1,3582
3575,54,49,15747643.0,1,3583
3576,18,10,15748756.0,1,3584
3577,64,17,15751703.0,1,3585
3578,54,49,15752706.0,1,3586
3579,29,60,15752819.0,1,3587
3580,64,49,15753492.0,1,3588
3581,64,17,15755399.0,1,3589
3582,17,64,15755591.0,1,3590
3583,64,17,15756039.0,1,3591
3584,49,70,15767330.0,1,3592
3585,49,64,15767689.0,1,3593
3586,48,61,15783068.0,1,3594
3587,82,1,15812843.0,1,3595
3588,25,35,15817625.0,1,3596
3589,35,33,15821618.0,1,3597
3590,61,48,15821968.0,1,3598
3591,77,60,15822029.0,1,3599
3592,12,5,15823145.0,1,3600
3593,5,46,15825344.0,1,3601
3594,5,38,15827258.0,1,3602
3595,5,12,15827421.0,1,3603
3596,57,52,15827626.0,1,3604
3597,77,61,15828616.0,1,3605
3598,77,73,15828616.0,1,3607
3599,77,60,15828616.0,1,3606
3600,54,52,15833608.0,1,3610
3601,54,32,15833608.0,1,3609
3602,54,67,15833608.0,1,3608
3603,54,48,15833608.0,1,3612
3604,54,49,15833608.0,1,3611
3605,49,12,15834139.0,1,3613
3606,49,54,15834314.0,1,3614
3607,54,49,15837322.0,1,3615
3608,54,52,15841261.0,1,3616
3609,38,5,15841584.0,1,3617
3610,49,54,15842613.0,1,3618
3611,17,10,15846609.0,1,3619
3612,26,57,15848285.0,1,3623
3613,26,46,15848285.0,1,3620
3614,26,27,15848285.0,1,3622
3615,26,24,15848285.0,1,3621
3616,80,70,15848407.0,1,3624
3617,24,26,15848602.0,1,3625
3618,26,24,15849010.0,1,3626
3619,17,25,15856710.0,1,3627
3620,48,54,15866119.0,1,3629
3621,48,67,15866119.0,1,3628
3622,48,24,15866119.0,1,3630
3623,61,54,15905342.0,1,3631
3624,88,16,15905490.0,1,3634
3625,88,60,15905490.0,1,3632
3626,88,17,15905490.0,1,3633
3627,54,52,15905539.0,1,3635
3628,52,57,15906536.0,1,3636
3629,52,57,15906578.0,1,3637
3630,49,53,15907324.0,1,3638
3631,35,5,15912526.0,1,3639
3632,24,12,15914448.0,1,3640
3633,5,61,15917665.0,1,3641
3634,5,35,15918162.0,1,3642
3635,49,70,15920358.0,1,3643
3636,35,33,15920529.0,1,3644
3637,18,61,15921953.0,1,3645
3638,67,54,15922166.0,1,3647
3639,67,49,15922166.0,1,3646
3640,67,49,15923695.0,1,3648
3641,67,54,15923695.0,1,3649
3642,64,2,15924655.0,1,3650
3643,54,48,15924871.0,1,3651
3644,77,60,15925608.0,1,3652
3645,5,53,15926343.0,1,3653
3646,35,33,15926393.0,1,3654
3647,60,16,15929646.0,1,3655
3648,17,64,15933692.0,1,3656
3649,17,60,15934525.0,1,3657
3650,33,35,15938697.0,1,3658
3651,48,49,15957962.0,1,3659
3652,48,54,15959192.0,1,3660
3653,54,48,15985738.0,1,3661
3654,54,49,15987556.0,1,3662
3655,60,16,15991471.0,1,3663
3656,35,25,15993459.0,1,3664
3657,35,5,15994858.0,1,3665
3658,20,35,15995148.0,1,3666
3659,35,20,15995502.0,1,3667
3660,20,64,15998440.0,1,3670
3661,20,85,15998440.0,1,3672
3662,20,17,15998440.0,1,3668
3663,20,2,15998440.0,1,3673
3664,20,35,15998440.0,1,3674
3665,20,25,15998440.0,1,3669
3666,20,10,15998440.0,1,3671
3667,49,48,15999145.0,1,3675
3668,29,60,16000627.0,1,3676
3669,67,54,16000824.0,1,3678
3670,67,49,16000824.0,1,3677
3671,48,49,16000843.0,1,3679
3672,5,35,16001478.0,1,3680
3673,57,26,16003157.0,1,3683
3674,57,46,16003157.0,1,3681
3675,57,24,16003157.0,1,3682
3676,54,52,16003882.0,1,3684
3677,54,18,16003882.0,1,3686
3678,54,50,16003882.0,1,3685
3679,54,50,16003946.0,1,3687
3680,87,85,16009699.0,1,3688
3681,87,83,16009779.0,1,3689
3682,23,9,16010063.0,1,3690
3683,60,25,16011705.0,1,3691
3684,60,21,16012780.0,1,3692
3685,60,44,16012780.0,1,3693
3686,38,5,16015845.0,1,3694
3687,22,4,16016579.0,1,3695
3688,57,52,16016905.0,1,3696
3689,33,84,16020107.0,1,3697
3690,33,84,16020201.0,1,3698
3691,33,84,16020469.0,1,3699
3692,33,84,16020588.0,1,3700
3693,5,38,16020881.0,1,3701
3694,5,38,16023011.0,1,3702
3695,5,38,16023045.0,1,3703
3696,80,25,16024631.0,1,3704
3697,48,54,16040847.0,1,3705
3698,71,1,16103366.0,1,3708
3699,71,9,16103366.0,1,3706
3700,71,66,16103366.0,1,3707
3701,71,66,16103437.0,1,3710
3702,71,9,16103437.0,1,3709
3703,71,1,16103437.0,1,3711
3704,71,9,16103503.0,1,3712
3705,71,1,16103503.0,1,3714
3706,71,66,16103503.0,1,3713
3707,71,18,16103503.0,1,3715
3708,71,18,16103750.0,1,3720
3709,71,1,16103750.0,1,3718
3710,71,66,16103750.0,1,3717
3711,71,9,16103750.0,1,3716
3712,71,30,16103750.0,1,3719
3713,71,66,16103950.0,1,3722
3714,71,1,16103950.0,1,3723
3715,71,18,16103950.0,1,3724
3716,71,9,16103950.0,1,3721
3717,71,66,16104105.0,1,3726
3718,71,18,16104105.0,1,3728
3719,71,1,16104105.0,1,3727
3720,71,9,16104105.0,1,3725
3721,71,18,16104198.0,1,3732
3722,71,9,16104198.0,1,3729
3723,71,66,16104198.0,1,3730
3724,71,1,16104198.0,1,3731
3725,71,1,16104312.0,1,3735
3726,71,66,16104312.0,1,3734
3727,71,9,16104312.0,1,3733
3728,71,9,16104496.0,1,3736
3729,71,1,16104496.0,1,3738
3730,71,66,16104496.0,1,3737
3731,71,1,16104586.0,1,3739
3732,71,9,16104666.0,1,3740
3733,71,66,16104666.0,1,3741
3734,71,1,16104666.0,1,3742
3735,71,18,16104666.0,1,3743
3736,71,1,16104699.0,1,3744
3737,12,5,16276829.0,1,3745
3738,60,16,16355346.0,1,3746
3739,12,49,16381294.0,1,3747
3740,12,61,16413958.0,1,3748
3741,15,54,16424457.0,1,3749
3742,49,12,16425849.0,1,3750
3743,35,25,16426457.0,1,3751
3744,23,58,16429262.0,1,3752
3745,54,24,16429540.0,1,3754
3746,54,67,16429540.0,1,3753
3747,54,52,16429540.0,1,3755
3748,54,48,16429540.0,1,3756
3749,54,52,16434631.0,1,3757
3750,5,38,16439978.0,1,3758
3751,38,5,16440099.0,1,3759
3752,17,20,16440220.0,1,3760
3753,22,16,16444508.0,1,3761
3754,30,4,16446445.0,1,3762
3755,49,54,16449623.0,1,3763
3756,38,5,16451213.0,1,3764
3757,60,16,16457929.0,1,3765
3758,48,49,16470955.0,1,3766
3759,12,49,16472218.0,1,3767
3760,48,54,16472537.0,1,3768
3761,12,61,16472548.0,1,3769
3762,54,48,16506806.0,1,3770
3763,61,12,16506813.0,1,3771
3764,54,49,16507322.0,1,3772
3765,58,39,16516938.0,1,3773
3766,49,60,16519902.0,1,3774
3767,49,78,16522256.0,1,3775
3768,5,38,16524250.0,1,3776
3769,15,88,16524784.0,1,3777
3770,23,58,16528355.0,1,3778
3771,60,16,16531239.0,1,3779
3772,88,25,16531627.0,1,3780
3773,49,60,16531744.0,1,3781
3774,23,58,16533069.0,1,3782
3775,23,58,16533084.0,1,3783
3776,23,29,16533149.0,1,3784
3777,58,44,16538004.0,1,3785
3778,25,88,16543852.0,1,3786
3779,5,12,16556625.0,1,3787
3780,58,23,16588072.0,1,3788
3781,88,25,16592769.0,1,3789
3782,58,39,16595984.0,1,3790
3783,58,23,16596298.0,1,3791
3784,25,26,16602150.0,1,3792
3785,12,5,16609063.0,1,3793
3786,87,35,16609904.0,1,3794
3787,87,83,16610397.0,1,3795
3788,49,43,16610905.0,1,3796
3789,80,49,16615649.0,1,3797
3790,5,12,16624925.0,1,3798
3791,80,25,16627309.0,1,3799
3792,54,49,16935772.0,1,3800
3793,54,49,16935897.0,1,3801
3794,54,49,16938240.0,1,3802
3795,2,5,16941903.0,1,3803
3796,71,9,16942488.0,1,3804
3797,71,66,16942488.0,1,3805
3798,71,1,16942488.0,1,3806
3799,71,18,16942976.0,1,3810
3800,71,66,16942976.0,1,3808
3801,71,1,16942976.0,1,3809
3802,71,9,16942976.0,1,3807
3803,2,85,16943002.0,1,3813
3804,2,64,16943002.0,1,3812
3805,2,25,16943002.0,1,3811
3806,2,35,16943002.0,1,3814
3807,71,1,16943138.0,1,3817
3808,71,9,16943138.0,1,3815
3809,71,18,16943138.0,1,3818
3810,71,66,16943138.0,1,3816
3811,71,9,16943328.0,1,3819
3812,71,1,16943328.0,1,3821
3813,71,66,16943328.0,1,3820
3814,71,1,16943375.0,1,3824
3815,71,18,16943375.0,1,3825
3816,71,9,16943375.0,1,3822
3817,71,66,16943375.0,1,3823
3818,71,1,16943522.0,1,3828
3819,71,9,16943522.0,1,3826
3820,71,66,16943522.0,1,3827
3821,71,18,16943522.0,1,3829
3822,21,44,16943691.0,1,3830
3823,71,9,16943721.0,1,3831
3824,71,18,16943721.0,1,3833
3825,71,1,16943721.0,1,3832
3826,52,67,16943805.0,1,3834
3827,21,44,16943842.0,1,3835
3828,21,44,16943895.0,1,3836
3829,52,57,16946640.0,1,3837
3830,77,60,16947020.0,1,3838
3831,80,52,16947551.0,1,3839
3832,5,38,16948662.0,1,3840
3833,5,2,16948774.0,1,3841
3834,80,25,16950652.0,1,3842
3835,49,43,16960257.0,1,3843
3836,15,44,16960868.0,1,3844
3837,54,49,16962933.0,1,3845
3838,20,25,16963731.0,1,3847
3839,20,64,16963731.0,1,3848
3840,20,2,16963731.0,1,3851
3841,20,35,16963731.0,1,3852
3842,20,85,16963731.0,1,3850
3843,20,10,16963731.0,1,3849
3844,20,17,16963731.0,1,3846
3845,5,38,16964324.0,1,3853
3846,85,20,16964349.0,1,3854
3847,23,58,16965024.0,1,3855
3848,54,49,16967450.0,1,3856
3849,2,85,16971670.0,1,3857
3850,2,83,16971690.0,1,3858
3851,57,49,16972258.0,1,3859
3852,57,49,16972832.0,1,3860
3853,57,49,16972953.0,1,3861
3854,38,5,16973506.0,1,3862
3855,54,49,16973814.0,1,3863
3856,2,20,16974591.0,1,3864
3857,2,83,16975271.0,1,3865
3858,80,49,16975368.0,1,3866
3859,82,1,17022286.0,1,3867
3860,1,71,17024907.0,1,3868
3861,1,39,17024922.0,1,3869
3862,54,49,17025100.0,1,3870
3863,1,39,17025249.0,1,3871
3864,1,82,17025325.0,1,3872
3865,1,71,17025349.0,1,3873
3866,32,80,17030732.0,1,3874
3867,25,12,17033412.0,1,3875
3868,54,49,17033672.0,1,3876
3869,80,49,17035690.0,1,3877
3870,46,5,17036599.0,1,3878
3871,20,2,17036849.0,1,3879
3872,25,78,17038348.0,1,3880
3873,43,17,17041600.0,1,3881
3874,67,49,17044393.0,1,3882
3875,77,60,17044872.0,1,3883
3876,10,20,17046800.0,1,3884
3877,54,49,17047527.0,1,3885
3878,52,49,17050572.0,1,3886
3879,12,25,17052947.0,1,3887
3880,25,80,17054314.0,1,3888
3881,35,10,17054895.0,1,3889
3882,80,49,17055221.0,1,3890
3883,35,88,17055704.0,1,3891
3884,50,57,17056725.0,1,3892
3885,49,80,17060453.0,1,3893
3886,80,49,17061302.0,1,3894
3887,24,54,17062456.0,1,3895
3888,50,52,17063333.0,1,3896
3889,60,66,17064038.0,1,3897
3890,60,44,17064038.0,1,3898
3891,60,88,17064038.0,1,3899
3892,48,13,17076833.0,1,3900
3893,52,18,17115670.0,1,3902
3894,52,57,17115670.0,1,3901
3895,52,57,17115817.0,1,3903
3896,30,67,17118112.0,1,3904
3897,80,25,17119420.0,1,3905
3898,57,52,17119633.0,1,3906
3899,8,60,17121100.0,1,3907
3900,50,65,17122890.0,1,3908
3901,52,57,17123171.0,1,3909
3902,35,26,17137461.0,1,3910
3903,52,57,17140022.0,1,3911
3904,2,85,17140325.0,1,3912
3905,50,24,17141978.0,1,3914
3906,50,54,17141978.0,1,3913
3907,71,9,17143152.0,1,3915
3908,71,66,17143152.0,1,3916
3909,71,1,17143152.0,1,3917
3910,71,9,17143546.0,1,3918
3911,71,66,17143546.0,1,3919
3912,71,1,17144053.0,1,3922
3913,71,66,17144053.0,1,3921
3914,71,9,17144053.0,1,3920
3915,71,9,17144091.0,1,3923
3916,71,66,17144091.0,1,3924
3917,71,1,17144091.0,1,3925
3918,71,1,17144143.0,1,3928
3919,71,66,17144143.0,1,3927
3920,71,9,17144143.0,1,3926
3921,71,9,17144250.0,1,3929
3922,71,66,17144250.0,1,3930
3923,71,18,17144250.0,1,3932
3924,71,1,17144250.0,1,3931
3925,35,25,17144313.0,1,3933
3926,71,1,17144364.0,1,3936
3927,71,9,17144364.0,1,3934
3928,71,18,17144364.0,1,3937
3929,71,66,17144364.0,1,3935
3930,71,18,17144600.0,1,3941
3931,71,66,17144600.0,1,3939
3932,71,1,17144600.0,1,3940
3933,71,9,17144600.0,1,3938
3934,71,66,17144655.0,1,3942
3935,71,1,17144655.0,1,3943
3936,71,66,17144861.0,1,3944
3937,71,1,17144861.0,1,3945
3938,71,66,17145014.0,1,3947
3939,71,18,17145014.0,1,3949
3940,71,1,17145014.0,1,3948
3941,71,9,17145014.0,1,3946
3942,60,25,17150414.0,1,3950
3943,35,25,17151307.0,1,3951
3944,43,25,17153965.0,1,3952
3945,85,17,17162642.0,1,3953
3946,85,25,17162927.0,1,3954
3947,48,25,17162995.0,1,3955
3948,54,49,17194657.0,1,3956
3949,82,1,17195940.0,1,3957
3950,1,71,17197908.0,1,3958
3951,1,82,17197928.0,1,3959
3952,1,39,17197949.0,1,3960
3953,88,25,17198801.0,1,3961
3954,87,25,17198886.0,1,3962
3955,1,71,17199064.0,1,3963
3956,88,60,17199259.0,1,3964
3957,88,16,17199259.0,1,3965
3958,52,25,17200045.0,1,3966
3959,26,35,17200392.0,1,3970
3960,26,27,17200392.0,1,3969
3961,26,24,17200392.0,1,3968
3962,26,46,17200392.0,1,3967
3963,26,57,17200392.0,1,3971
3964,20,25,17201856.0,1,3972
3965,37,25,17201886.0,1,3973
3966,67,25,17201891.0,1,3974
3967,53,25,17202007.0,1,3975
3968,49,54,17202152.0,1,3976
3969,49,25,17202152.0,1,3977
3970,26,25,17202352.0,1,3978
3971,54,25,17202899.0,1,3979
3972,46,25,17203077.0,1,3980
3973,15,25,17203305.0,1,3981
3974,32,25,17203707.0,1,3982
3975,80,25,17205114.0,1,3983
3976,24,25,17205177.0,1,3984
3977,80,32,17205226.0,1,3985
3978,30,25,17205845.0,1,3986
3979,83,25,17205981.0,1,3987
3980,57,52,17206038.0,1,3988
3981,88,25,17206139.0,1,3989
3982,25,12,17206527.0,1,3990
3983,56,25,17206845.0,1,3991
3984,23,25,17207584.0,1,3992
3985,12,25,17207886.0,1,3993
3986,24,49,17209472.0,1,3994
3987,77,88,17210781.0,1,3995
3988,57,25,17211063.0,1,3996
3989,22,88,17211795.0,1,3997
3990,22,25,17211983.0,1,3998
3991,85,53,17212782.0,1,3999
3992,85,64,17213102.0,1,4000
3993,49,43,17213645.0,1,4001
3994,49,80,17213645.0,1,4002
3995,48,54,17215436.0,1,4003
3996,54,48,17215708.0,1,4004
3997,67,54,17216105.0,1,4005
3998,67,54,17216151.0,1,4006
3999,67,54,17216937.0,1,4007
4000,9,25,17221117.0,1,4008
4001,57,54,17221970.0,1,4009
4002,54,57,17223560.0,1,4010
4003,13,48,17228206.0,1,4011
4004,25,64,17232854.0,1,4014
4005,25,35,17232854.0,1,4018
4006,25,17,17232854.0,1,4013
4007,25,85,17232854.0,1,4015
4008,25,2,17232854.0,1,4016
4009,25,20,17232854.0,1,4017
4010,25,89,17232854.0,1,4012
4011,2,25,17282394.0,1,4019
4012,1,71,17284521.0,1,4020
4013,1,71,17284629.0,1,4021
4014,1,39,17284645.0,1,4022
4015,60,56,17286978.0,1,4023
4016,67,54,17287022.0,1,4024
4017,61,60,17287640.0,1,4025
4018,44,25,17287692.0,1,4026
4019,49,67,17287876.0,1,4027
4020,15,44,17290999.0,1,4028
4021,71,66,17291411.0,1,4029
4022,71,1,17291524.0,1,4032
4023,71,18,17291524.0,1,4033
4024,71,9,17291524.0,1,4030
4025,71,66,17291524.0,1,4031
4026,71,66,17291660.0,1,4035
4027,71,9,17291660.0,1,4034
4028,71,18,17291660.0,1,4037
4029,71,1,17291660.0,1,4036
4030,25,30,17292725.0,1,4038
4031,48,25,17306711.0,1,4039
4032,67,25,17307468.0,1,4040
4033,58,66,17308174.0,1,4044
4034,58,30,17308174.0,1,4046
4035,58,9,17308174.0,1,4041
4036,58,12,17308174.0,1,4045
4037,58,23,17308174.0,1,4043
4038,58,39,17308174.0,1,4042
4039,60,17,17309304.0,1,4047
4040,87,56,17311230.0,1,4048
4041,84,52,17313163.0,1,4049
4042,80,25,17314432.0,1,4050
4043,17,60,17317289.0,1,4051
4044,71,9,17327358.0,1,4052
4045,71,66,17327358.0,1,4053
4046,71,1,17327358.0,1,4054
4047,71,18,17327358.0,1,4055
4048,71,1,17327739.0,1,4058
4049,71,66,17327739.0,1,4057
4050,71,9,17327739.0,1,4056
4051,71,9,17329029.0,1,4059
4052,71,66,17329029.0,1,4060
4053,71,1,17329029.0,1,4061
4054,71,66,17329172.0,1,4063
4055,71,18,17329172.0,1,4065
4056,71,1,17329172.0,1,4064
4057,71,9,17329172.0,1,4062
4058,88,16,17440916.0,1,4067
4059,88,60,17440916.0,1,4066
4060,88,16,17443411.0,1,4069
4061,88,60,17443411.0,1,4068
4062,88,17,17443968.0,1,4071
4063,88,16,17443968.0,1,4072
4064,88,60,17443968.0,1,4070
4065,4,22,17492574.0,1,4073
4066,38,5,17508577.0,1,4074
4067,82,1,17540542.0,1,4075
4068,77,17,17548836.0,1,4076
4069,77,60,17548836.0,1,4077
4070,52,84,17549647.0,1,4078
4071,52,84,17551034.0,1,4079
4072,60,16,17552970.0,1,4080
4073,76,49,17553362.0,1,4081
4074,67,54,17553400.0,1,4082
4075,76,52,17553460.0,1,4083
4076,52,50,17553661.0,1,4084
4077,88,60,17554010.0,1,4085
4078,88,16,17554010.0,1,4086
4079,77,52,17554315.0,1,4087
4080,52,50,17554348.0,1,4088
4081,52,77,17554730.0,1,4089
4082,50,49,17557145.0,1,4090
4083,54,67,17557752.0,1,4091
4084,57,26,17558277.0,1,4092
4085,24,57,17559057.0,1,4095
4086,24,46,17559057.0,1,4093
4087,24,26,17559057.0,1,4094
4088,67,54,17559085.0,1,4096
4089,26,24,17559479.0,1,4097
4090,17,10,17559700.0,1,4098
4091,57,26,17560180.0,1,4099
4092,24,26,17560421.0,1,4100
4093,77,52,17560610.0,1,4101
4094,26,5,17560773.0,1,4102
4095,26,57,17560808.0,1,4103
4096,26,24,17560839.0,1,4104
4097,77,61,17561693.0,1,4105
4098,60,17,17561971.0,1,4106
4099,54,49,17562492.0,1,4107
4100,49,76,17562863.0,1,4108
4101,54,49,17563684.0,1,4109
4102,49,54,17564210.0,1,4110
4103,5,26,17564441.0,1,4111
4104,26,35,17565557.0,1,4112
4105,87,61,17566916.0,1,4113
4106,60,30,17567133.0,1,4114
4107,66,30,17567807.0,1,4123
4108,66,81,17567807.0,1,4122
4109,66,88,17567807.0,1,4124
4110,66,44,17567807.0,1,4121
4111,66,21,17567807.0,1,4120
4112,66,62,17567807.0,1,4118
4113,66,8,17567807.0,1,4116
4114,66,6,17567807.0,1,4119
4115,66,60,17567807.0,1,4115
4116,66,59,17567807.0,1,4117
4117,52,18,17567884.0,1,4126
4118,52,84,17567884.0,1,4125
4119,44,61,17568672.0,1,4127
4120,54,57,17569812.0,1,4128
4121,57,54,17570256.0,1,4129
4122,35,61,17571779.0,1,4130
4123,84,49,17572018.0,1,4131
4124,17,60,17573183.0,1,4132
4125,1,71,17573821.0,1,4133
4126,1,71,17573887.0,1,4134
4127,1,2,17573920.0,1,4135
4128,1,71,17574254.0,1,4136
4129,1,71,17574406.0,1,4137
4130,1,82,17574416.0,1,4138
4131,2,83,17574633.0,1,4139
4132,49,84,17580446.0,1,4140
4133,60,17,17580876.0,1,4141
4134,49,54,17581418.0,1,4142
4135,54,48,17626361.0,1,4143
4136,82,1,17627214.0,1,4144
4137,1,71,17630435.0,1,4145
4138,1,39,17630450.0,1,4146
4139,1,82,17630461.0,1,4147
4140,1,71,17630535.0,1,4148
4141,1,2,17630759.0,1,4149
4142,12,61,17633585.0,1,4150
4143,54,24,17635287.0,1,4151
4144,67,54,17636853.0,1,4152
4145,24,54,17637704.0,1,4153
4146,5,4,17639818.0,1,4154
4147,54,49,17640004.0,1,4155
4148,54,24,17640033.0,1,4156
4149,24,54,17642620.0,1,4157
4150,33,84,17646669.0,1,4158
4151,48,54,17648776.0,1,4159
4152,49,54,17651490.0,1,4160
4153,24,46,17652043.0,1,4161
4154,71,9,17660872.0,1,4162
4155,71,66,17660872.0,1,4163
4156,71,1,17660872.0,1,4164
4157,71,66,17661655.0,1,4166
4158,71,9,17661655.0,1,4165
4159,71,1,17661655.0,1,4167
4160,71,66,17661750.0,1,4169
4161,71,9,17661750.0,1,4168
4162,71,1,17661750.0,1,4170
4163,71,1,17661931.0,1,4173
4164,71,66,17661931.0,1,4172
4165,71,9,17661931.0,1,4171
4166,71,9,17662104.0,1,4174
4167,71,1,17662104.0,1,4176
4168,71,66,17662104.0,1,4175
4169,71,66,17662206.0,1,4178
4170,71,9,17662206.0,1,4177
4171,71,1,17662206.0,1,4179
4172,71,9,17662940.0,1,4180
4173,71,66,17662940.0,1,4181
4174,71,9,17662989.0,1,4182
4175,71,66,17662989.0,1,4183
4176,71,9,17663368.0,1,4184
4177,71,66,17663368.0,1,4185
4178,46,24,17666103.0,1,4186
4179,67,54,17677623.0,1,4187
4180,88,25,17710980.0,1,4188
4181,82,39,17713672.0,1,4189
4182,88,25,17715382.0,1,4191
4183,88,20,17715382.0,1,4190
4184,1,39,17715949.0,1,4192
4185,1,82,17715950.0,1,4195
4186,1,39,17715950.0,1,4194
4187,1,82,17715950.0,1,4193
4188,1,71,17716189.0,1,4196
4189,1,39,17716210.0,1,4197
4190,1,82,17716227.0,1,4198
4191,1,70,17716585.0,1,4199
4192,1,82,17716611.0,1,4200
4193,1,71,17716709.0,1,4201
4194,1,39,17716752.0,1,4202
4195,1,82,17716775.0,1,4203
4196,1,82,17716839.0,1,4204
4197,1,39,17716857.0,1,4205
4198,1,2,17716875.0,1,4206
4199,25,88,17718430.0,1,4207
4200,25,88,17719254.0,1,4208
4201,39,82,17719486.0,1,4209
4202,39,82,17719539.0,1,4210
4203,39,12,17719729.0,1,4211
4204,39,12,17719760.0,1,4212
4205,77,73,17720205.0,1,4214
4206,77,61,17720205.0,1,4213
4207,54,48,17721111.0,1,4215
4208,30,71,17721353.0,1,4216
4209,88,16,17724017.0,1,4217
4210,60,62,17724143.0,1,4219
4211,60,23,17724143.0,1,4218
4212,60,23,17724226.0,1,4220
4213,60,62,17724226.0,1,4221
4214,48,49,17725239.0,1,4222
4215,48,16,17725239.0,1,4223
4216,21,60,17725878.0,1,4224
4217,44,30,17728725.0,1,4225
4218,25,88,17729609.0,1,4226
4219,50,24,17729998.0,1,4227
4220,77,61,17730601.0,1,4228
4221,24,46,17731455.0,1,4229
4222,70,20,17732333.0,1,4230
4223,49,54,17733130.0,1,4231
4224,44,25,17733165.0,1,4232
4225,44,25,17733192.0,1,4233
4226,49,54,17733192.0,1,4234
4227,77,61,17733551.0,1,4235
4228,32,49,17735533.0,1,4236
4229,77,61,17736962.0,1,4237
4230,5,22,17737015.0,1,4238
4231,63,49,17739433.0,1,4239
4232,54,67,17740690.0,1,4240
4233,54,52,17740690.0,1,4242
4234,54,49,17740690.0,1,4243
4235,54,32,17740690.0,1,4241
4236,54,48,17740690.0,1,4244
4237,54,49,17741377.0,1,4245
4238,54,49,17741686.0,1,4246
4239,57,50,17742582.0,1,4247
4240,49,54,17742783.0,1,4248
4241,24,46,17743989.0,1,4249
4242,5,85,17748605.0,1,4251
4243,5,38,17748605.0,1,4252
4244,5,37,17748605.0,1,4253
4245,5,53,17748605.0,1,4250
4246,22,60,17749455.0,1,4254
4247,22,60,17749638.0,1,4255
4248,46,24,17754134.0,1,4256
4249,10,17,17754553.0,1,4257
4250,1,71,17804754.0,1,4258
4251,1,71,17804787.0,1,4259
4252,67,54,17804957.0,1,4260
4253,60,16,17807538.0,1,4261
4254,22,5,17808088.0,1,4262
4255,49,54,17808587.0,1,4263
4256,60,17,17808734.0,1,4264
4257,24,46,17809086.0,1,4265
4258,60,67,17809154.0,1,4266
4259,60,54,17809154.0,1,4267
4260,60,53,17809252.0,1,4268
4261,60,51,17809252.0,1,4269
4262,60,17,17809310.0,1,4270
4263,60,16,17809375.0,1,4271
4264,44,15,17810965.0,1,4272
4265,44,15,17811461.0,1,4273
4266,24,26,17817854.0,1,4275
4267,24,46,17817854.0,1,4274
4268,50,54,17818096.0,1,4276
4269,5,22,17818537.0,1,4277
4270,26,24,17818569.0,1,4278
4271,60,17,17818793.0,1,4279
4272,60,16,17818793.0,1,4280
4273,24,26,17819305.0,1,4281
4274,26,24,17819885.0,1,4282
4275,54,50,17819961.0,1,4283
4276,24,26,17820210.0,1,4284
4277,26,24,17820457.0,1,4285
4278,24,26,17821088.0,1,4286
4279,26,24,17821170.0,1,4287
4280,50,54,17821266.0,1,4288
4281,24,26,17821286.0,1,4289
4282,4,22,17823736.0,1,4290
4283,54,67,17824605.0,1,4291
4284,73,77,17829160.0,1,4292
4285,77,73,17829500.0,1,4293
4286,80,70,17830650.0,1,4294
4287,49,54,17831830.0,1,4295
4288,60,16,17831936.0,1,4296
4289,60,16,17832050.0,1,4297
4290,71,9,17834341.0,1,4298
4291,71,1,17834341.0,1,4300
4292,71,66,17834341.0,1,4299
4293,71,66,17834432.0,1,4302
4294,71,1,17834432.0,1,4303
4295,71,9,17834432.0,1,4301
4296,71,66,17835248.0,1,4305
4297,71,9,17835248.0,1,4304
4298,71,66,17835376.0,1,4307
4299,71,18,17835376.0,1,4309
4300,71,1,17835376.0,1,4308
4301,71,9,17835376.0,1,4306
4302,58,71,17838805.0,1,4310
4303,4,5,17852599.0,1,4311
4304,82,1,17886569.0,1,4312
4305,82,39,17886611.0,1,4313
4306,54,49,17888956.0,1,4314
4307,54,49,17889123.0,1,4315
4308,26,24,17889525.0,1,4316
4309,1,71,17890271.0,1,4317
4310,1,82,17890282.0,1,4318
4311,1,71,17890620.0,1,4319
4312,1,82,17890635.0,1,4320
4313,60,16,17892965.0,1,4321
4314,24,54,17894153.0,1,4322
4315,24,26,17894319.0,1,4323
4316,26,24,17895838.0,1,4324
4317,24,26,17895931.0,1,4325
4318,54,49,17896299.0,1,4326
4319,26,24,17896531.0,1,4327
4320,54,49,17896648.0,1,4328
4321,54,49,17896968.0,1,4329
4322,57,46,17897110.0,1,4330
4323,57,24,17897110.0,1,4331
4324,57,26,17897110.0,1,4332
4325,57,65,17897110.0,1,4333
4326,26,57,17897359.0,1,4334
4327,25,20,17897486.0,1,4335
4328,25,20,17897552.0,1,4336
4329,54,49,17897912.0,1,4337
4330,70,1,17899113.0,1,4339
4331,70,20,17899113.0,1,4338
4332,70,20,17899195.0,1,4340
4333,70,1,17899195.0,1,4341
4334,24,54,17902519.0,1,4342
4335,48,49,17904678.0,1,4343
4336,48,24,17904706.0,1,4344
4337,15,17,17904755.0,1,4345
4338,54,24,17906817.0,1,4346
4339,50,54,17908259.0,1,4347
4340,35,17,17909822.0,1,4348
4341,66,86,17910686.0,1,4349
4342,80,43,17911693.0,1,4350
4343,5,38,17914742.0,1,4351
4344,24,26,17915947.0,1,4352
4345,26,24,17916124.0,1,4353
4346,57,46,17916291.0,1,4354
4347,57,65,17916291.0,1,4357
4348,57,26,17916291.0,1,4356
4349,57,24,17916291.0,1,4355
4350,26,57,17916332.0,1,4358
4351,24,57,17916410.0,1,4359
4352,57,65,17916430.0,1,4363
4353,57,26,17916430.0,1,4362
4354,57,24,17916430.0,1,4361
4355,57,46,17916430.0,1,4360
4356,24,49,17916610.0,1,4364
4357,24,57,17916728.0,1,4365
4358,26,57,17916840.0,1,4366
4359,67,54,17916968.0,1,4367
4360,5,38,17917991.0,1,4368
4361,46,24,17918966.0,1,4369
4362,46,65,17918966.0,1,4371
4363,46,26,17918966.0,1,4370
4364,46,57,17918966.0,1,4372
4365,26,57,17920558.0,1,4376
4366,26,24,17920558.0,1,4374
4367,26,65,17920558.0,1,4375
4368,26,46,17920558.0,1,4373
4369,57,26,17920711.0,1,4377
4370,26,57,17920798.0,1,4378
4371,46,26,17921779.0,1,4379
4372,33,84,17931883.0,1,4380
4373,33,4,17931883.0,1,4381
4374,71,1,17995438.0,1,4382
4375,38,5,18107120.0,1,4383
4376,82,1,18145829.0,1,4384
4377,82,1,18146056.0,1,4385
4378,82,39,18146424.0,1,4386
4379,82,1,18146433.0,1,4387
4380,54,67,18148329.0,1,4388
4381,54,52,18148329.0,1,4389
4382,54,49,18148329.0,1,4390
4383,63,54,18151175.0,1,4391
4384,77,60,18153911.0,1,4392
4385,24,83,18155290.0,1,4393
4386,54,63,18156833.0,1,4394
4387,50,54,18159169.0,1,4395
4388,83,24,18160857.0,1,4396
4389,33,84,18160867.0,1,4397
4390,67,54,18162285.0,1,4398
4391,54,60,18165975.0,1,4399
4392,5,46,18166073.0,1,4400
4393,67,54,18166110.0,1,4401
4394,54,49,18167058.0,1,4402
4395,49,54,18168728.0,1,4403
4396,43,70,18168984.0,1,4404
4397,70,43,18171099.0,1,4405
4398,24,26,18171899.0,1,4406
4399,26,24,18172128.0,1,4407
4400,17,64,18172579.0,1,4408
4401,54,32,18172784.0,1,4410
4402,54,67,18172784.0,1,4409
4403,54,52,18172784.0,1,4411
4404,54,49,18172784.0,1,4412
4405,54,48,18172784.0,1,4413
4406,50,43,18175388.0,1,4414
4407,24,26,18176592.0,1,4415
4408,26,24,18176803.0,1,4416
4409,54,67,18177347.0,1,4417
4410,43,67,18177522.0,1,4418
4411,60,16,18182105.0,1,4420
4412,60,17,18182105.0,1,4419
4413,49,52,18185061.0,1,4421
4414,57,46,18191808.0,1,4422
4415,57,26,18191808.0,1,4423
4416,82,39,18231745.0,1,4424
4417,82,1,18231754.0,1,4425
4418,1,70,18235004.0,1,4426
4419,1,71,18235495.0,1,4427
4420,1,39,18235518.0,1,4428
4421,1,71,18235558.0,1,4429
4422,15,33,18238506.0,1,4431
4423,15,44,18238506.0,1,4430
4424,15,14,18238506.0,1,4432
4425,54,49,18240209.0,1,4433
4426,43,3,18242103.0,1,4434
4427,46,5,18242566.0,1,4435
4428,77,73,18243708.0,1,4436
4429,48,63,18244431.0,1,4437
4430,60,88,18244759.0,1,4438
4431,44,25,18246010.0,1,4439
4432,77,73,18247072.0,1,4441
4433,77,60,18247072.0,1,4440
4434,62,52,18247199.0,1,4442
4435,24,46,18248707.0,1,4443
4436,15,44,18249408.0,1,4444
4437,24,26,18252156.0,1,4445
4438,26,24,18252523.0,1,4446
4439,24,26,18252698.0,1,4447
4440,26,24,18253033.0,1,4448
4441,24,26,18253171.0,1,4449
4442,49,54,18256038.0,1,4450
4443,38,5,18260809.0,1,4451
4444,13,12,18261076.0,1,4452
4445,5,46,18262024.0,1,4453
4446,5,38,18262455.0,1,4454
4447,57,54,18263135.0,1,4455
4448,57,39,18264374.0,1,4456
4449,77,73,18265196.0,1,4457
4450,2,39,18266835.0,1,4458
4451,60,29,18270252.0,1,4459
4452,49,54,18273966.0,1,4460
4453,1,71,18321357.0,1,4461
4454,1,39,18321572.0,1,4463
4455,1,71,18321572.0,1,4465
4456,1,82,18321572.0,1,4464
4457,1,70,18321572.0,1,4462
4458,1,82,18321863.0,1,4466
4459,54,49,18322649.0,1,4467
4460,49,54,18323112.0,1,4468
4461,49,54,18324214.0,1,4469
4462,3,39,18324467.0,1,4470
4463,77,60,18326700.0,1,4471
4464,54,24,18328335.0,1,4472
4465,66,71,18329318.0,1,4474
4466,66,9,18329318.0,1,4473
4467,49,54,18340199.0,1,4475
4468,49,67,18340199.0,1,4476
4469,32,48,18341300.0,1,4477
4470,54,49,18341888.0,1,4478
4471,49,57,18345172.0,1,4479
4472,49,48,18345172.0,1,4480
4473,49,54,18346052.0,1,4481
4474,48,32,18347406.0,1,4482
4475,24,46,18354650.0,1,4483
4476,15,44,18356025.0,1,4484
4477,30,60,18356616.0,1,4485
4478,46,5,18356662.0,1,4486
4479,49,43,18364272.0,1,4487
4480,5,38,18368842.0,1,4488
4481,88,15,18403558.0,1,4489
4482,82,39,18404618.0,1,4490
4483,82,39,18404820.0,1,4491
4484,82,1,18404821.0,1,4492
4485,70,1,18409404.0,1,4494
4486,70,20,18409404.0,1,4493
4487,60,30,18409456.0,1,4495
4488,48,54,18409736.0,1,4496
4489,54,49,18410292.0,1,4497
4490,54,48,18412289.0,1,4499
4491,54,24,18412289.0,1,4498
4492,25,80,18413050.0,1,4500
4493,39,82,18413213.0,1,4501
4494,25,88,18419014.0,1,4502
4495,83,2,18421983.0,1,4503
4496,54,17,18423801.0,1,4504
4497,54,67,18423885.0,1,4505
4498,5,4,18426044.0,1,4508
4499,5,2,18426044.0,1,4506
4500,5,26,18426044.0,1,4507
4501,5,84,18426133.0,1,4509
4502,5,12,18426133.0,1,4510
4503,5,46,18426838.0,1,4511
4504,67,54,18427941.0,1,4512
4505,24,26,18429588.0,1,4513
4506,54,67,18430193.0,1,4514
4507,54,60,18430193.0,1,4515
4508,26,24,18430205.0,1,4516
4509,15,33,18430340.0,1,4517
4510,46,5,18430512.0,1,4518
4511,60,49,18435790.0,1,4521
4512,60,54,18435790.0,1,4519
4513,60,22,18435790.0,1,4520
4514,18,63,18436442.0,1,4522
4515,82,1,18491061.0,1,4523
4516,8,62,18494886.0,1,4526
4517,8,60,18494886.0,1,4524
4518,8,44,18494886.0,1,4527
4519,8,23,18494886.0,1,4525
4520,3,24,18495898.0,1,4528
4521,67,54,18497001.0,1,4530
4522,67,49,18497001.0,1,4529
4523,77,16,18497403.0,1,4531
4524,49,67,18497438.0,1,4532
4525,49,54,18497438.0,1,4533
4526,49,54,18502000.0,1,4534
4527,57,26,18502111.0,1,4537
4528,57,24,18502111.0,1,4536
4529,57,46,18502111.0,1,4535
4530,70,1,18502525.0,1,4539
4531,70,20,18502525.0,1,4538
4532,49,54,18503350.0,1,4540
4533,49,43,18503862.0,1,4541
4534,21,60,18504386.0,1,4542
4535,62,88,18505403.0,1,4543
4536,57,46,18506516.0,1,4544
4537,57,24,18506516.0,1,4545
4538,57,26,18506516.0,1,4546
4539,26,57,18507075.0,1,4547
4540,67,49,18508603.0,1,4548
4541,26,24,18508690.0,1,4550
4542,26,57,18508690.0,1,4551
4543,26,46,18508690.0,1,4549
4544,54,67,18510794.0,1,4552
4545,60,73,18511134.0,1,4553
4546,24,26,18511525.0,1,4554
4547,60,44,18511682.0,1,4555
4548,24,8,18512138.0,1,4556
4549,44,60,18514938.0,1,4557
4550,12,58,18515485.0,1,4558
4551,24,26,18519568.0,1,4559
4552,26,24,18519880.0,1,4560
4553,2,64,18601129.0,1,4562
4554,2,17,18601129.0,1,4561
4555,35,25,18607423.0,1,4563
4556,71,9,18607712.0,1,4564
4557,71,1,18607712.0,1,4566
4558,71,18,18607712.0,1,4567
4559,71,66,18607712.0,1,4565
4560,71,66,18607851.0,1,4569
4561,71,9,18607851.0,1,4568
4562,71,1,18607851.0,1,4570
4563,25,35,18608866.0,1,4571
4564,71,9,18609324.0,1,4572
4565,71,1,18609324.0,1,4574
4566,71,66,18609324.0,1,4573
4567,71,18,18609324.0,1,4575
4568,71,9,18609544.0,1,4576
4569,71,1,18609544.0,1,4578
4570,71,30,18609544.0,1,4579
4571,71,66,18609544.0,1,4577
4572,71,66,18609677.0,1,4581
4573,71,9,18609677.0,1,4580
4574,71,1,18609677.0,1,4582
4575,71,66,18609765.0,1,4584
4576,71,9,18609765.0,1,4583
4577,71,30,18609765.0,1,4586
4578,71,18,18609765.0,1,4587
4579,71,1,18609765.0,1,4585
4580,71,1,18611500.0,1,4588
4581,71,1,18611781.0,1,4591
4582,71,9,18611781.0,1,4589
4583,71,66,18611781.0,1,4590
4584,71,9,18611942.0,1,4592
4585,71,66,18611942.0,1,4593
4586,71,1,18611942.0,1,4594
4587,71,66,18612034.0,1,4596
4588,71,9,18612034.0,1,4595
4589,71,1,18612034.0,1,4597
4590,71,66,18612228.0,1,4599
4591,71,9,18612228.0,1,4598
4592,71,1,18612228.0,1,4600
4593,71,9,18612599.0,1,4601
4594,71,1,18612599.0,1,4603
4595,71,66,18612599.0,1,4602
4596,88,60,18667641.0,1,4604
4597,88,60,18668625.0,1,4605
4598,88,60,18668908.0,1,4606
4599,82,1,18750110.0,1,4607
4600,82,39,18750111.0,1,4608
4601,82,39,18750166.0,1,4609
4602,82,1,18750175.0,1,4610
4603,48,24,18753218.0,1,4611
4604,26,39,18755858.0,1,4612
4605,77,60,18759918.0,1,4613
4606,66,71,18760409.0,1,4614
4607,5,26,18764230.0,1,4615
4608,60,30,18764884.0,1,4616
4609,39,26,18765104.0,1,4617
4610,73,60,18767675.0,1,4618
4611,26,30,18767825.0,1,4619
4612,44,15,18769887.0,1,4620
4613,17,64,18770670.0,1,4621
4614,8,88,18771108.0,1,4622
4615,15,44,18771376.0,1,4623
4616,54,48,18771809.0,1,4624
4617,87,56,18772188.0,1,4625
4618,48,54,18773775.0,1,4626
4619,43,67,18775811.0,1,4630
4620,43,50,18775811.0,1,4631
4621,43,49,18775811.0,1,4627
4622,43,80,18775811.0,1,4628
4623,43,56,18775811.0,1,4629
4624,48,24,18776243.0,1,4633
4625,48,54,18776243.0,1,4632
4626,80,43,18776833.0,1,4634
4627,48,24,18777277.0,1,4635
4628,48,24,18777303.0,1,4636
4629,24,48,18778854.0,1,4637
4630,73,49,18779718.0,1,4638
4631,50,84,18782449.0,1,4639
4632,49,43,18783886.0,1,4640
4633,49,73,18784089.0,1,4641
4634,43,49,18785428.0,1,4642
4635,43,67,18785428.0,1,4645
4636,43,80,18785428.0,1,4643
4637,43,56,18785428.0,1,4644
4638,43,50,18785428.0,1,4646
4639,88,15,18832626.0,1,4647
4640,88,15,18834443.0,1,4648
4641,82,1,18837083.0,1,4649
4642,82,39,18837093.0,1,4650
4643,54,48,18838689.0,1,4651
4644,70,1,18839558.0,1,4653
4645,70,20,18839558.0,1,4652
4646,1,82,18839669.0,1,4654
4647,73,49,18839728.0,1,4655
4648,1,82,18839763.0,1,4656
4649,1,82,18839897.0,1,4657
4650,1,70,18839909.0,1,4658
4651,1,82,18840509.0,1,4659
4652,1,71,18840650.0,1,4660
4653,8,57,18841042.0,1,4663
4654,8,43,18841042.0,1,4661
4655,8,71,18841042.0,1,4662
4656,49,54,18843015.0,1,4664
4657,49,48,18843823.0,1,4665
4658,43,3,18844626.0,1,4666
4659,43,56,18844659.0,1,4667
4660,15,61,18844670.0,1,4668
4661,38,5,18845704.0,1,4669
4662,70,1,18846208.0,1,4671
4663,70,20,18846208.0,1,4670
4664,26,5,18846968.0,1,4672
4665,3,24,18847544.0,1,4673
4666,85,25,18848651.0,1,4675
4667,85,17,18848651.0,1,4674
4668,70,1,18850908.0,1,4677
4669,70,20,18850908.0,1,4676
4670,30,66,18851532.0,1,4678
4671,87,1,18852969.0,1,4679
4672,48,43,18860055.0,1,4680
4673,88,44,18863414.0,1,4681
4674,88,15,18864035.0,1,4682
4675,32,67,18864721.0,1,4683
4676,49,54,18867603.0,1,4684
4677,87,39,18867795.0,1,4685
4678,87,82,18867999.0,1,4686
4679,39,87,18868151.0,1,4687
4680,87,39,18868487.0,1,4688
4681,24,48,18868719.0,1,4689
4682,24,3,18868779.0,1,4690
4683,49,54,18870265.0,1,4693
4684,49,48,18870265.0,1,4695
4685,49,32,18870265.0,1,4691
4686,49,67,18870265.0,1,4692
4687,49,52,18870265.0,1,4694
4688,32,49,18870664.0,1,4696
4689,83,64,18876150.0,1,4697
4690,83,2,18876150.0,1,4698
4691,60,44,18877098.0,1,4699
4692,48,24,18925307.0,1,4700
4693,48,49,18925566.0,1,4701
4694,39,80,18926206.0,1,4702
4695,52,49,18927888.0,1,4703
4696,83,87,18929499.0,1,4704
4697,85,25,18931052.0,1,4705
4698,32,54,18931149.0,1,4706
4699,23,62,18932961.0,1,4707
4700,23,10,18940523.0,1,4709
4701,23,59,18940523.0,1,4708
4702,23,58,18940523.0,1,4710
4703,49,73,18941022.0,1,4711
4704,49,48,18942254.0,1,4712
4705,49,23,18942431.0,1,4713
4706,32,54,18942666.0,1,4714
4707,10,63,18944026.0,1,4715
4708,54,32,18944180.0,1,4717
4709,54,52,18944180.0,1,4718
4710,54,48,18944180.0,1,4720
4711,54,67,18944180.0,1,4716
4712,54,49,18944180.0,1,4719
4713,48,24,18946124.0,1,4721
4714,25,60,18947796.0,1,4722
4715,25,60,18947812.0,1,4723
4716,48,24,18951025.0,1,4724
4717,24,48,18952334.0,1,4725
4718,24,48,18952444.0,1,4726
4719,15,88,18955692.0,1,4727
4720,17,25,18956121.0,1,4728
4721,17,25,18956159.0,1,4729
4722,15,44,18957005.0,1,4731
4723,15,54,18957005.0,1,4730
4724,15,48,18957631.0,1,4732
4725,15,51,18958656.0,1,4733
4726,88,15,18959199.0,1,4734
4727,35,17,18961790.0,1,4735
4728,54,24,19008645.0,1,4736
4729,82,39,19009898.0,1,4737
4730,82,39,19010190.0,1,4738
4731,82,1,19010220.0,1,4739
4732,82,1,19010299.0,1,4740
4733,82,39,19010335.0,1,4741
4734,8,60,19011637.0,1,4742
4735,1,82,19012327.0,1,4743
4736,1,71,19012329.0,1,4744
4737,1,71,19012332.0,1,4746
4738,1,82,19012332.0,1,4745
4739,1,39,19012332.0,1,4747
4740,1,71,19012332.0,1,4749
4741,1,82,19012332.0,1,4748
4742,1,71,19012598.0,1,4750
4743,1,71,19012676.0,1,4751
4744,1,82,19012680.0,1,4752
4745,1,71,19012777.0,1,4753
4746,1,82,19012783.0,1,4754
4747,48,49,19013967.0,1,4755
4748,48,24,19014304.0,1,4756
4749,54,48,19015044.0,1,4757
4750,49,54,19017273.0,1,4758
4751,35,10,19017644.0,1,4761
4752,35,20,19017644.0,1,4762
4753,35,64,19017644.0,1,4760
4754,35,25,19017644.0,1,4759
4755,43,67,19019827.0,1,4766
4756,43,50,19019827.0,1,4767
4757,43,49,19019827.0,1,4763
4758,43,56,19019827.0,1,4765
4759,43,80,19019827.0,1,4764
4760,39,24,19020331.0,1,4768
4761,48,54,19020775.0,1,4769
4762,60,29,19024113.0,1,4770
4763,60,29,19024790.0,1,4771
4764,83,2,19025920.0,1,4772
4765,15,25,19029132.0,1,4773
4766,35,17,19029809.0,1,4774
4767,17,64,19030441.0,1,4775
4768,43,80,19032288.0,1,4777
4769,43,67,19032288.0,1,4779
4770,43,50,19032288.0,1,4780
4771,43,49,19032288.0,1,4776
4772,43,56,19032288.0,1,4778
4773,48,49,19033276.0,1,4781
4774,48,24,19035861.0,1,4782
4775,24,39,19035880.0,1,4783
4776,54,24,19036411.0,1,4784
4777,85,64,19036898.0,1,4785
4778,64,73,19039134.0,1,4786
4779,73,64,19039600.0,1,4787
4780,15,17,19040648.0,1,4788
4781,49,54,19044899.0,1,4789
4782,49,52,19045568.0,1,4790
4783,82,1,19095931.0,1,4791
4784,39,24,19098615.0,1,4792
4785,39,80,19099008.0,1,4793
4786,30,46,19099600.0,1,4797
4787,30,10,19099600.0,1,4798
4788,30,39,19099600.0,1,4794
4789,30,58,19099600.0,1,4801
4790,30,63,19099600.0,1,4802
4791,30,25,19099600.0,1,4796
4792,30,78,19099600.0,1,4795
4793,30,80,19099600.0,1,4803
4794,30,18,19099600.0,1,4804
4795,30,35,19099600.0,1,4800
4796,30,26,19099600.0,1,4799
4797,1,82,19100581.0,1,4806
4798,1,71,19100581.0,1,4807
4799,1,39,19100581.0,1,4805
4800,1,82,19101146.0,1,4808
4801,1,71,19101146.0,1,4809
4802,48,54,19101205.0,1,4810
4803,1,71,19101354.0,1,4815
4804,1,39,19101354.0,1,4812
4805,1,70,19101354.0,1,4811
4806,1,82,19101354.0,1,4814
4807,1,72,19101354.0,1,4813
4808,1,71,19101447.0,1,4816
4809,54,63,19101731.0,1,4817
4810,49,54,19102782.0,1,4818
4811,60,61,19102789.0,1,4819
4812,60,73,19102789.0,1,4820
4813,48,54,19102821.0,1,4821
4814,49,54,19103225.0,1,4822
4815,24,54,19103561.0,1,4823
4816,54,24,19103962.0,1,4824
4817,54,48,19103962.0,1,4825
4818,24,39,19104371.0,1,4826
4819,77,60,19104452.0,1,4827
4820,77,73,19104452.0,1,4828
4821,77,60,19104948.0,1,4829
4822,77,73,19104948.0,1,4830
4823,54,50,19106688.0,1,4831
4824,3,43,19108078.0,1,4832
4825,48,24,19108652.0,1,4833
4826,24,48,19110935.0,1,4834
4827,62,52,19111008.0,1,4835
4828,54,67,19112113.0,1,4836
4829,54,49,19112113.0,1,4837
4830,46,26,19112944.0,1,4838
4831,26,46,19113709.0,1,4839
4832,24,50,19114149.0,1,4840
4833,3,15,19114310.0,1,4841
4834,84,63,19116045.0,1,4842
4835,35,30,19116713.0,1,4843
4836,49,54,19117568.0,1,4844
4837,49,54,19117876.0,1,4845
4838,33,84,19123986.0,1,4846
4839,1,64,19124562.0,1,4847
4840,1,2,19124579.0,1,4848
4841,49,17,19125627.0,1,4849
4842,49,54,19130099.0,1,4850
4843,71,1,19134371.0,1,4853
4844,71,30,19134371.0,1,4854
4845,71,66,19134371.0,1,4852
4846,71,9,19134371.0,1,4851
4847,71,30,19134883.0,1,4858
4848,71,1,19134883.0,1,4857
4849,71,9,19134883.0,1,4855
4850,71,66,19134883.0,1,4856
4851,71,1,19135132.0,1,4859
4852,71,1,19135223.0,1,4860
4853,71,66,19135338.0,1,4861
4854,71,9,19135412.0,1,4862
4855,71,1,19135412.0,1,4864
4856,71,66,19135412.0,1,4863
4857,71,9,19136222.0,1,4865
4858,71,66,19136222.0,1,4866
4859,71,30,19136222.0,1,4868
4860,71,1,19136222.0,1,4867
4861,15,44,19196779.0,1,4869
4862,64,85,19204125.0,1,4870
4863,88,25,19271107.0,1,4871
4864,88,20,19271107.0,1,4872
4865,71,1,19298833.0,1,4875
4866,71,66,19298833.0,1,4874
4867,71,9,19298833.0,1,4873
4868,71,9,19298916.0,1,4876
4869,71,66,19298916.0,1,4877
4870,71,66,19299012.0,1,4879
4871,71,18,19299012.0,1,4880
4872,71,9,19299012.0,1,4878
4873,5,38,19311163.0,1,4881
4874,5,38,19311227.0,1,4882
4875,54,24,19355062.0,1,4906
4876,82,1,19355926.0,1,4883
4877,88,25,19356074.0,1,4907
4878,54,49,19357538.0,1,4884
4879,39,24,19357975.0,1,4885
4880,54,49,19359851.0,1,4886
4881,24,39,19360869.0,1,4887
4882,54,49,19361676.0,1,4888
4883,25,88,19362208.0,1,4908
4884,54,73,19362419.0,1,4889
4885,25,88,19362574.0,1,4890
4886,30,60,19363627.0,1,4891
4887,49,54,19364262.0,1,4892
4888,67,43,19365286.0,1,4893
4889,32,67,19366987.0,1,4909
4890,67,32,19367821.0,1,4894
4891,77,60,19369266.0,1,4910
4892,26,30,19369508.0,1,4911
4893,3,24,19370275.0,1,4912
4894,3,24,19370345.0,1,4913
4895,25,85,19371451.0,1,4914
4896,24,48,19371535.0,1,4915
4897,3,43,19373640.0,1,4895
4898,77,60,19376194.0,1,4916
4899,50,63,19376361.0,1,4917
4900,49,43,19378949.0,1,4918
4901,32,67,19379653.0,1,4919
4902,44,15,19380147.0,1,4896
4903,24,39,19380637.0,1,4897
4904,49,54,19381567.0,1,4920
4905,50,43,19382950.0,1,4898
4906,80,57,19384943.0,1,4899
4907,43,25,19385586.0,1,4900
4908,30,26,19386215.0,1,4901
4909,58,21,19386497.0,1,4921
4910,77,60,19387095.0,1,4902
4911,54,49,19387403.0,1,4903
4912,80,24,19387460.0,1,4922
4913,5,84,19387515.0,1,4923
4914,43,60,19388031.0,1,4924
4915,49,54,19388682.0,1,4904
4916,60,43,19389233.0,1,4925
4917,43,25,19389390.0,1,4905
4918,60,17,19392514.0,1,4926
4919,82,39,19441291.0,1,4927
4920,54,49,19441857.0,1,4928
4921,3,63,19443817.0,1,4929
4922,21,58,19446369.0,1,4930
4923,88,16,19448829.0,1,4931
4924,71,30,19452747.0,1,4934
4925,71,18,19452747.0,1,4935
4926,71,9,19452747.0,1,4932
4927,71,1,19452747.0,1,4933
4928,70,56,19453633.0,1,4936
4929,60,17,19454959.0,1,4937
4930,22,60,19455967.0,1,4938
4931,62,60,19457968.0,1,4939
4932,38,5,19458038.0,1,4940
4933,60,17,19459158.0,1,4941
4934,70,1,19459656.0,1,4943
4935,70,20,19459656.0,1,4942
4936,15,60,19462405.0,1,4944
4937,20,70,19463352.0,1,4945
4938,44,60,19464866.0,1,4946
4939,88,16,19465003.0,1,4947
4940,80,73,19466273.0,1,4948
4941,20,70,19466499.0,1,4949
4942,39,24,19466995.0,1,4950
4943,39,82,19467112.0,1,4951
4944,77,60,19469961.0,1,4952
4945,77,73,19469961.0,1,4953
4946,88,60,19473468.0,1,4954
4947,60,17,19474336.0,1,4955
4948,17,60,19474993.0,1,4956
4949,17,60,19475357.0,1,4957
4950,88,25,19535618.0,1,4958
4951,35,17,19537843.0,1,4959
4952,35,25,19537922.0,1,4960
4953,15,17,19539466.0,1,4961
4954,49,54,19540018.0,1,4962
4955,44,60,19540056.0,1,4963
4956,17,35,19541008.0,1,4964
4957,25,88,19542586.0,1,4965
4958,87,24,19543867.0,1,4966
4959,52,84,19544244.0,1,4967
4960,20,2,19544580.0,1,4968
4961,15,17,19545830.0,1,4969
4962,35,17,19545833.0,1,4970
4963,84,5,19546603.0,1,4971
4964,49,64,19547042.0,1,4972
4965,20,70,19547156.0,1,4973
4966,8,25,19547426.0,1,4974
4967,17,25,19547875.0,1,4975
4968,17,35,19547875.0,1,4976
4969,17,35,19547931.0,1,4978
4970,17,25,19547931.0,1,4977
4971,39,87,19548477.0,1,4979
4972,87,39,19550549.0,1,4980
4973,87,2,19550969.0,1,4981
4974,70,20,19551006.0,1,4982
4975,35,17,19551045.0,1,4983
4976,35,25,19551291.0,1,4984
4977,38,5,19551368.0,1,4985
4978,77,73,19554338.0,1,4986
4979,24,57,19555250.0,1,4987
4980,62,52,19558819.0,1,4988
4981,25,17,19564069.0,1,4989
4982,17,60,19565685.0,1,4990
4983,49,54,19566029.0,1,4991
4984,49,54,19567221.0,1,4992
4985,49,54,19567255.0,1,4993
4986,1,71,19616510.0,1,4997
4987,1,39,19616510.0,1,4995
4988,1,70,19616510.0,1,4994
4989,1,82,19616510.0,1,4996
4990,12,39,19618887.0,1,4998
4991,70,1,19622532.0,1,5000
4992,70,20,19622532.0,1,4999
4993,54,57,19626139.0,1,5001
4994,50,63,19626518.0,1,5002
4995,77,25,19628142.0,1,5003
4996,66,71,19629326.0,1,5004
4997,12,60,19629954.0,1,5005
4998,35,20,19630595.0,1,5006
4999,35,2,19630672.0,1,5007
5000,3,24,19630741.0,1,5008
5001,24,3,19631392.0,1,5009
5002,54,73,19631870.0,1,5010
5003,48,24,19632026.0,1,5011
5004,35,20,19632301.0,1,5012
5005,80,24,19632853.0,1,5013
5006,24,80,19633082.0,1,5014
5007,80,24,19633791.0,1,5015
5008,24,80,19633860.0,1,5016
5009,85,64,19634045.0,1,5017
5010,57,54,19634106.0,1,5018
5011,80,24,19634762.0,1,5019
5012,48,54,19638091.0,1,5020
5013,24,80,19638191.0,1,5021
5014,48,16,19638692.0,1,5023
5015,48,49,19638692.0,1,5022
5016,60,62,19639149.0,1,5024
5017,48,63,19643425.0,1,5025
5018,60,17,19643463.0,1,5026
5019,43,49,19644710.0,1,5027
5020,88,20,19645518.0,1,5028
5021,56,87,19646218.0,1,5029
5022,17,60,19657674.0,1,5030
5023,17,60,19657718.0,1,5031
5024,60,17,19658309.0,1,5032
5025,88,15,19786875.0,1,5033
5026,88,15,19787337.0,1,5034
5027,88,15,19789142.0,1,5035
5028,88,15,19799171.0,1,5036
5029,88,25,19799386.0,1,5037
5030,15,88,19809334.0,1,5038
5031,88,15,19870880.0,1,5039
5032,88,15,19872005.0,1,5040
5033,88,15,19872331.0,1,5041
5034,88,15,19872526.0,1,5042
5035,88,15,19875519.0,1,5043
5036,88,15,19877779.0,1,5044
5037,88,15,19878108.0,1,5045
5038,25,88,19882260.0,1,5046
5039,49,63,19883268.0,1,5047
5040,77,73,19883640.0,1,5048
5041,15,88,19884907.0,1,5049
5042,87,39,19884971.0,1,5050
5043,49,16,19885012.0,1,5051
5044,5,84,19888148.0,1,5052
5045,18,63,19888182.0,1,5053
5046,43,49,19888409.0,1,5054
5047,43,70,19888409.0,1,5056
5048,43,80,19888409.0,1,5055
5049,88,15,19888444.0,1,5057
5050,88,15,19888511.0,1,5058
5051,57,8,19890271.0,1,5060
5052,57,39,19890271.0,1,5059
5053,57,66,19890271.0,1,5063
5054,57,26,19890271.0,1,5065
5055,57,87,19890271.0,1,5066
5056,57,35,19890271.0,1,5067
5057,57,46,19890271.0,1,5061
5058,57,83,19890271.0,1,5064
5059,57,18,19890271.0,1,5068
5060,57,24,19890271.0,1,5062
5061,26,19,19890609.0,1,5069
5062,26,51,19890609.0,1,5072
5063,26,53,19890609.0,1,5071
5064,26,46,19890609.0,1,5070
5065,26,27,19890609.0,1,5074
5066,26,37,19890609.0,1,5075
5067,26,38,19890609.0,1,5073
5068,87,46,19890986.0,1,5076
5069,39,57,19892472.0,1,5077
5070,87,57,19892717.0,1,5078
5071,49,54,19893970.0,1,5079
5072,48,54,19894078.0,1,5080
5073,70,43,19894824.0,1,5081
5074,84,18,19894863.0,1,5082
5075,71,9,19896414.0,1,5083
5076,71,66,19896414.0,1,5084
5077,71,1,19896414.0,1,5085
5078,71,1,19896590.0,1,5088
5079,71,9,19896590.0,1,5086
5080,71,66,19896590.0,1,5087
5081,71,9,19897187.0,1,5089
5082,71,1,19897187.0,1,5091
5083,71,66,19897187.0,1,5090
5084,43,59,19897643.0,1,5092
5085,17,25,19897665.0,1,5093
5086,3,24,19900134.0,1,5094
5087,18,63,19900900.0,1,5095
5088,49,50,19904615.0,1,5097
5089,49,48,19904615.0,1,5098
5090,49,54,19904615.0,1,5096
5091,83,2,19906001.0,1,5099
5092,46,87,19913485.0,1,5100
5093,49,54,19914746.0,1,5101
5094,60,17,19915199.0,1,5102
5095,39,12,19962346.0,1,5103
5096,1,71,19962392.0,1,5104
5097,1,71,19962542.0,1,5105
5098,87,46,19963176.0,1,5106
5099,1,71,19963195.0,1,5107
5100,1,71,19963288.0,1,5108
5101,52,63,19965206.0,1,5109
5102,30,44,19965434.0,1,5110
5103,85,31,19966456.0,1,5111
5104,85,31,19967193.0,1,5112
5105,30,80,19968034.0,1,5113
5106,85,25,19968076.0,1,5114
5107,46,87,19969212.0,1,5115
5108,48,24,19969632.0,1,5116
5109,25,17,19970155.0,1,5117
5110,26,24,19970222.0,1,5118
5111,24,26,19970529.0,1,5119
5112,26,24,19970583.0,1,5120
5113,26,57,19970607.0,1,5121
5114,25,80,19970680.0,1,5122
5115,15,16,19972383.0,1,5123
5116,80,73,19972388.0,1,5124
5117,60,66,19972473.0,1,5125
5118,73,80,19972919.0,1,5126
5119,38,5,19974401.0,1,5127
5120,35,25,19977028.0,1,5128
5121,26,46,19977220.0,1,5129
5122,26,57,19977220.0,1,5132
5123,26,27,19977220.0,1,5131
5124,26,24,19977220.0,1,5130
5125,85,37,19978392.0,1,5133
5126,35,17,19981383.0,1,5134
5127,43,60,19983058.0,1,5135
5128,80,25,19984771.0,1,5136
5129,48,24,19985070.0,1,5137
5130,15,60,19985391.0,1,5138
5131,15,14,19985391.0,1,5140
5132,15,44,19985391.0,1,5139
5133,15,60,19985550.0,1,5141
5134,15,14,19985550.0,1,5143
5135,15,44,19985550.0,1,5142
5136,24,48,19985583.0,1,5144
5137,5,38,19986079.0,1,5145
5138,49,54,19986178.0,1,5146
5139,23,6,19987782.0,1,5152
5140,23,44,19987782.0,1,5155
5141,23,62,19987782.0,1,5151
5142,23,58,19987782.0,1,5158
5143,23,69,19987782.0,1,5157
5144,23,29,19987782.0,1,5156
5145,23,88,19987782.0,1,5160
5146,23,30,19987782.0,1,5159
5147,23,60,19987782.0,1,5148
5148,23,66,19987782.0,1,5153
5149,23,21,19987782.0,1,5154
5150,23,8,19987782.0,1,5149
5151,23,9,19987782.0,1,5147
5152,23,59,19987782.0,1,5150
5153,87,56,19988698.0,1,5161
5154,43,67,19989289.0,1,5162
5155,17,16,19989592.0,1,5163
5156,64,85,19993413.0,1,5164
5157,54,49,20045846.0,1,5165
5158,54,63,20045902.0,1,5166
5159,67,43,20049149.0,1,5167
5160,87,56,20051568.0,1,5168
5161,3,24,20051831.0,1,5169
5162,49,16,20053055.0,1,5170
5163,83,2,20053465.0,1,5171
5164,30,71,20055988.0,1,5172
5165,60,73,20057074.0,1,5173
5166,48,54,20058970.0,1,5174
5167,44,15,20059378.0,1,5175
5168,77,60,20059540.0,1,5176
5169,62,88,20060183.0,1,5188
5170,62,60,20060183.0,1,5177
5171,62,23,20060183.0,1,5178
5172,62,21,20060183.0,1,5183
5173,62,44,20060183.0,1,5184
5174,62,69,20060183.0,1,5186
5175,62,81,20060183.0,1,5185
5176,62,6,20060183.0,1,5180
5177,62,30,20060183.0,1,5187
5178,62,66,20060183.0,1,5181
5179,62,49,20060183.0,1,5182
5180,62,8,20060183.0,1,5179
5181,23,59,20061018.0,1,5189
5182,15,44,20061560.0,1,5191
5183,15,60,20061560.0,1,5190
5184,77,60,20062329.0,1,5193
5185,77,17,20062329.0,1,5192
5186,87,56,20064378.0,1,5194
5187,30,71,20065245.0,1,5195
5188,26,30,20067270.0,1,5196
5189,48,54,20068214.0,1,5197
5190,54,48,20068331.0,1,5198
5191,64,85,20068623.0,1,5199
5192,25,44,20069650.0,1,5200
5193,54,32,20070293.0,1,5201
5194,85,64,20071308.0,1,5202
5195,25,15,20071553.0,1,5203
5196,85,64,20072463.0,1,5204
5197,57,80,20075184.0,1,5205
5198,77,73,20076455.0,1,5207
5199,77,60,20076455.0,1,5206
5200,60,17,20078321.0,1,5208
5201,84,63,20081638.0,1,5209
5202,77,73,20139915.0,1,5211
5203,77,60,20139915.0,1,5210
5204,48,54,20141274.0,1,5212
5205,77,60,20141763.0,1,5213
5206,77,60,20142759.0,1,5214
5207,48,43,20143756.0,1,5215
5208,85,83,20143867.0,1,5217
5209,85,87,20143867.0,1,5223
5210,85,35,20143867.0,1,5224
5211,85,31,20143867.0,1,5221
5212,85,2,20143867.0,1,5222
5213,85,10,20143867.0,1,5216
5214,85,8,20143867.0,1,5218
5215,85,25,20143867.0,1,5219
5216,85,64,20143867.0,1,5220
5217,64,17,20145033.0,1,5225
5218,56,87,20146305.0,1,5226
5219,87,56,20147780.0,1,5227
5220,38,5,20151562.0,1,5228
5221,57,46,20152026.0,1,5229
5222,57,24,20152026.0,1,5230
5223,57,26,20152026.0,1,5231
5224,57,65,20152026.0,1,5232
5225,57,35,20152026.0,1,5233
5226,5,49,20153096.0,1,5234
5227,49,5,20153351.0,1,5235
5228,15,33,20153603.0,1,5236
5229,77,60,20157285.0,1,5237
5230,25,17,20161247.0,1,5238
5231,17,25,20171475.0,1,5239
5232,88,25,20221863.0,1,5240
5233,25,88,20223362.0,1,5241
5234,1,70,20223524.0,1,5242
5235,25,62,20224595.0,1,5243
5236,85,44,20226525.0,1,5244
5237,48,24,20230964.0,1,5245
5238,63,18,20231500.0,1,5246
5239,87,35,20233688.0,1,5247
5240,60,66,20233874.0,1,5249
5241,60,44,20233874.0,1,5250
5242,60,9,20233874.0,1,5248
5243,60,88,20233874.0,1,5251
5244,24,48,20236298.0,1,5252
5245,48,54,20243079.0,1,5253
5246,48,24,20243079.0,1,5254
5247,17,25,20246872.0,1,5255
5248,17,25,20246878.0,1,5256
5249,30,84,20246909.0,1,5257
5250,2,24,20251188.0,1,5258
5251,84,18,20252633.0,1,5259
5252,49,16,20252906.0,1,5260
5253,24,2,20253263.0,1,5261
5254,49,43,20253574.0,1,5262
5255,17,60,20256086.0,1,5263
5256,17,25,20256086.0,1,5264
5257,88,15,20268102.0,1,5266
5258,88,15,20268102.0,1,5265
5259,85,64,20352553.0,1,5267
5260,85,64,20352553.0,1,5268
5261,39,2,20418853.0,1,5269
5262,39,2,20418853.0,1,5270
5263,54,48,20481036.0,1,5272
5264,54,48,20481036.0,1,5271
5265,73,60,20481710.0,1,5273
5266,73,60,20481710.0,1,5274
5267,73,17,20481923.0,1,5275
5268,73,17,20481923.0,1,5276
5269,73,54,20482355.0,1,5278
5270,73,54,20482355.0,1,5277
5271,52,62,20483198.0,1,5279
5272,52,62,20483198.0,1,5280
5273,77,60,20484159.0,1,5282
5274,77,17,20484159.0,1,5283
5275,77,60,20484159.0,1,5284
5276,77,17,20484159.0,1,5281
5277,49,48,20489887.0,1,5286
5278,49,48,20489887.0,1,5285
5279,37,53,20490287.0,1,5287
5280,37,38,20490287.0,1,5288
5281,37,26,20490287.0,1,5293
5282,37,53,20490287.0,1,5291
5283,37,38,20490287.0,1,5292
5284,37,5,20490287.0,1,5294
5285,37,5,20490287.0,1,5290
5286,37,26,20490287.0,1,5289
5287,52,63,20491743.0,1,5295
5288,52,63,20491743.0,1,5296
5289,57,63,20491781.0,1,5298
5290,57,63,20491781.0,1,5297
5291,48,49,20491972.0,1,5299
5292,48,49,20491972.0,1,5300
5293,48,63,20492636.0,1,5301
5294,48,63,20492636.0,1,5302
5295,48,54,20493542.0,1,5304
5296,48,54,20493542.0,1,5303
5297,49,48,20495324.0,1,5305
5298,49,48,20495324.0,1,5306
5299,85,17,20497769.0,1,5307
5300,85,17,20497769.0,1,5308
5301,83,2,20498755.0,1,5310
5302,83,2,20498755.0,1,5309
5303,57,26,20499128.0,1,5318
5304,57,46,20499128.0,1,5316
5305,57,80,20499128.0,1,5320
5306,57,27,20499128.0,1,5319
5307,57,24,20499128.0,1,5317
5308,57,46,20499128.0,1,5311
5309,57,24,20499128.0,1,5312
5310,57,27,20499128.0,1,5314
5311,57,26,20499128.0,1,5313
5312,57,80,20499128.0,1,5315
5313,52,63,20500246.0,1,5321
5314,52,63,20500246.0,1,5322
5315,67,49,20501753.0,1,5323
5316,67,49,20501753.0,1,5324
5317,49,67,20502963.0,1,5326
5318,49,54,20502963.0,1,5325
5319,49,67,20502963.0,1,5328
5320,49,54,20502963.0,1,5327
5321,64,85,20504167.0,1,5329
5322,64,85,20504167.0,1,5330
5323,2,17,20506682.0,1,5331
5324,2,17,20506682.0,1,5332
5325,25,17,20510995.0,1,5333
5326,25,17,20510995.0,1,5334
5327,38,5,20529691.0,1,5336
5328,38,5,20529691.0,1,5335
5329,85,64,20573811.0,1,5338
5330,85,64,20573811.0,1,5337
5331,24,54,20574377.0,1,5340
5332,24,54,20574377.0,1,5339
5333,60,17,20574964.0,1,5342
5334,60,17,20574964.0,1,5341
5335,2,5,20575742.0,1,5344
5336,2,5,20575742.0,1,5343
5337,15,88,20578937.0,1,5345
5338,15,88,20578937.0,1,5346
5339,18,63,20581649.0,1,5347
5340,18,63,20581649.0,1,5348
5341,5,2,20583237.0,1,5349
5342,5,2,20583237.0,1,5350
5343,70,43,20584712.0,1,5351
5344,70,43,20584712.0,1,5352
5345,12,39,20585007.0,1,5353
5346,12,39,20585007.0,1,5354
5347,12,60,20585823.0,1,5355
5348,12,60,20585823.0,1,5356
5349,12,23,20585903.0,1,5358
5350,12,23,20585903.0,1,5357
5351,63,49,20587645.0,1,5360
5352,63,49,20587645.0,1,5359
5353,39,12,20588453.0,1,5361
5354,39,12,20588453.0,1,5362
5355,76,57,20588938.0,1,5364
5356,76,57,20588938.0,1,5363
5357,2,5,20589048.0,1,5366
5358,2,5,20589048.0,1,5365
5359,2,17,20589504.0,1,5367
5360,2,17,20589504.0,1,5368
5361,5,2,20592159.0,1,5369
5362,5,2,20592159.0,1,5370
5363,26,24,20593187.0,1,5371
5364,26,24,20593187.0,1,5372
5365,57,24,20598232.0,1,5373
5366,57,24,20598232.0,1,5374
5367,25,17,20601946.0,1,5375
5368,25,17,20601946.0,1,5376
5369,15,44,20602470.0,1,5377
5370,15,44,20602470.0,1,5378
5371,64,85,20616198.0,1,5379
5372,64,85,20616198.0,1,5380
5373,54,48,20654364.0,1,5381
5374,54,48,20654364.0,1,5382
5375,54,48,20655091.0,1,5383
5376,54,48,20655091.0,1,5384
5377,54,48,20655257.0,1,5385
5378,54,48,20655257.0,1,5386
5379,88,60,20656015.0,1,5388
5380,88,60,20656015.0,1,5387
5381,49,48,20657188.0,1,5394
5382,49,54,20657188.0,1,5392
5383,49,48,20657188.0,1,5391
5384,49,50,20657188.0,1,5390
5385,49,54,20657188.0,1,5389
5386,49,50,20657188.0,1,5393
5387,60,16,20659583.0,1,5398
5388,60,16,20659583.0,1,5396
5389,60,88,20659583.0,1,5397
5390,60,88,20659583.0,1,5395
5391,3,24,20660155.0,1,5399
5392,3,43,20660155.0,1,5400
5393,3,24,20660155.0,1,5401
5394,3,43,20660155.0,1,5402
5395,15,73,20660229.0,1,5404
5396,15,73,20660229.0,1,5403
5397,57,26,20661421.0,1,5405
5398,57,26,20661421.0,1,5406
5399,24,46,20661801.0,1,5411
5400,24,57,20661801.0,1,5410
5401,24,26,20661801.0,1,5412
5402,24,35,20661801.0,1,5413
5403,24,46,20661801.0,1,5407
5404,24,26,20661801.0,1,5408
5405,24,57,20661801.0,1,5414
5406,24,35,20661801.0,1,5409
5407,85,64,20662503.0,1,5415
5408,85,64,20662503.0,1,5416
5409,33,84,20662765.0,1,5417
5410,33,84,20662765.0,1,5418
5411,48,24,20668289.0,1,5420
5412,48,24,20668289.0,1,5419
5413,52,62,20670780.0,1,5421
5414,52,62,20670780.0,1,5422
5415,26,57,20672276.0,1,5423
5416,26,57,20672276.0,1,5424
5417,26,24,20672494.0,1,5426
5418,26,24,20672494.0,1,5425
5419,26,57,20672645.0,1,5427
5420,26,57,20672645.0,1,5428
5421,26,57,20672759.0,1,5429
5422,26,57,20672759.0,1,5430
5423,26,57,20674229.0,1,5432
5424,26,57,20674229.0,1,5431
5425,49,48,20674670.0,1,5433
5426,49,48,20674670.0,1,5434
5427,38,5,20675127.0,1,5435
5428,38,5,20675127.0,1,5436
5429,5,38,20676030.0,1,5437
5430,5,38,20676030.0,1,5438
5431,54,73,20680578.0,1,5439
5432,54,73,20680578.0,1,5440
5433,64,1,20680841.0,1,5442
5434,64,1,20680841.0,1,5441
5435,57,26,20683268.0,1,5443
5436,57,26,20683269.0,1,5444
5437,15,44,20686168.0,1,5446
5438,15,44,20686168.0,1,5445
5439,17,73,20688068.0,1,5447
5440,17,73,20688068.0,1,5448
5441,17,60,20689598.0,1,5449
5442,17,49,20689598.0,1,5450
5443,17,60,20689598.0,1,5451
5444,17,49,20689598.0,1,5452
5445,23,35,20694418.0,1,5454
5446,23,35,20694418.0,1,5453
5447,15,44,20695723.0,1,5457
5448,15,14,20695723.0,1,5458
5449,15,14,20695723.0,1,5456
5450,15,44,20695723.0,1,5455
5451,15,14,20696006.0,1,5460
5452,15,14,20696006.0,1,5462
5453,15,44,20696006.0,1,5459
5454,15,44,20696006.0,1,5461
5455,88,60,20742130.0,1,5464
5456,88,60,20742130.0,1,5463
5457,49,50,20742161.0,1,5465
5458,49,50,20742161.0,1,5466
5459,49,50,20742384.0,1,5467
5460,49,50,20742384.0,1,5468
5461,56,83,20744384.0,1,5469
5462,56,83,20744384.0,1,5471
5463,56,87,20744384.0,1,5472
5464,56,87,20744384.0,1,5470
5465,56,43,20744932.0,1,5473
5466,56,43,20744932.0,1,5474
5467,60,16,20745154.0,1,5478
5468,60,16,20745154.0,1,5476
5469,60,88,20745154.0,1,5475
5470,60,88,20745154.0,1,5477
5471,50,49,20745633.0,1,5480
5472,50,49,20745633.0,1,5479
5473,52,57,20746458.0,1,5482
5474,52,57,20746458.0,1,5481
5475,35,23,20747588.0,1,5483
5476,35,23,20747588.0,1,5484
5477,71,66,20748284.0,1,5486
5478,71,66,20748284.0,1,5489
5479,71,9,20748284.0,1,5488
5480,71,1,20748284.0,1,5487
5481,71,1,20748284.0,1,5490
5482,71,9,20748284.0,1,5485
5483,71,66,20748332.0,1,5492
5484,71,9,20748332.0,1,5491
5485,71,9,20748332.0,1,5494
5486,71,1,20748332.0,1,5493
5487,71,66,20748332.0,1,5495
5488,71,1,20748332.0,1,5496
5489,71,9,20749349.0,1,5500
5490,71,66,20749349.0,1,5498
5491,71,1,20749349.0,1,5499
5492,71,9,20749349.0,1,5497
5493,71,1,20749349.0,1,5502
5494,71,66,20749349.0,1,5501
5495,67,54,20749579.0,1,5504
5496,67,54,20749579.0,1,5503
5497,23,62,20752190.0,1,5506
5498,23,62,20752190.0,1,5505
5499,60,73,20758641.0,1,5508
5500,60,73,20758641.0,1,5507
5501,64,17,20759351.0,1,5510
5502,64,17,20759351.0,1,5509
5503,25,20,20759824.0,1,5512
5504,25,20,20759824.0,1,5511
5505,49,50,20760654.0,1,5513
5506,49,50,20760654.0,1,5514
5507,87,82,20760949.0,1,5515
5508,87,82,20760949.0,1,5516
5509,5,25,20765642.0,1,5518
5510,5,25,20765642.0,1,5517
5511,35,23,20771749.0,1,5521
5512,35,66,20771749.0,1,5520
5513,35,23,20771749.0,1,5519
5514,35,66,20771749.0,1,5522
5515,35,59,20771822.0,1,5523
5516,35,59,20771822.0,1,5524
5517,35,71,20772244.0,1,5525
5518,35,71,20772244.0,1,5526
5519,35,26,20772676.0,1,5528
5520,35,46,20772676.0,1,5529
5521,35,26,20772676.0,1,5530
5522,35,46,20772676.0,1,5527
5523,82,39,20823197.0,1,5532
5524,82,39,20823197.0,1,5531
5525,85,64,20823976.0,1,5534
5526,85,64,20823976.0,1,5533
5527,49,16,20834193.0,1,5536
5528,49,16,20834193.0,1,5535
5529,35,66,20834246.0,1,5541
5530,35,59,20834246.0,1,5540
5531,35,59,20834246.0,1,5537
5532,35,71,20834246.0,1,5542
5533,35,71,20834246.0,1,5539
5534,35,66,20834246.0,1,5538
5535,73,17,20836508.0,1,5544
5536,73,17,20836508.0,1,5543
5537,49,73,20836874.0,1,5546
5538,49,73,20836874.0,1,5545
5539,54,67,20837593.0,1,5548
5540,54,67,20837593.0,1,5547
5541,35,71,20839148.0,1,5550
5542,35,66,20839148.0,1,5551
5543,35,66,20839148.0,1,5549
5544,35,71,20839148.0,1,5552
5545,35,59,20839242.0,1,5553
5546,35,59,20839242.0,1,5554
5547,60,73,20840701.0,1,5555
5548,60,73,20840701.0,1,5556
5549,15,44,20842676.0,1,5558
5550,15,44,20842676.0,1,5557
5551,9,71,20842834.0,1,5560
5552,9,71,20842834.0,1,5562
5553,9,66,20842834.0,1,5561
5554,9,66,20842834.0,1,5559
5555,49,67,20843894.0,1,5563
5556,49,50,20843894.0,1,5564
5557,49,67,20843894.0,1,5565
5558,49,50,20843894.0,1,5566
5559,49,54,20844321.0,1,5567
5560,49,54,20844321.0,1,5568
5561,54,67,20845266.0,1,5571
5562,54,67,20845266.0,1,5569
5563,54,49,20845266.0,1,5570
5564,54,49,20845266.0,1,5572
5565,50,49,20845525.0,1,5574
5566,50,49,20845525.0,1,5573
5567,83,2,20846204.0,1,5575
5568,83,2,20846204.0,1,5576
5569,67,63,20847202.0,1,5577
5570,67,63,20847202.0,1,5578
5571,49,54,20847249.0,1,5579
5572,49,67,20847249.0,1,5580
5573,49,54,20847249.0,1,5581
5574,49,67,20847249.0,1,5582
5575,49,54,20847521.0,1,5583
5576,49,54,20847521.0,1,5584
5577,49,73,20856240.0,1,5585
5578,23,66,21029811.0,1,5587
5579,23,46,21029811.0,1,5586
5580,23,71,21029811.0,1,5588
5581,61,56,21037556.0,1,5589
5582,71,9,21085387.0,1,5590
5583,71,66,21085387.0,1,5591
5584,71,9,21085700.0,1,5592
5585,71,66,21085700.0,1,5593
5586,71,1,21085700.0,1,5594
5587,71,9,21086084.0,1,5595
5588,71,1,21086084.0,1,5597
5589,71,66,21086084.0,1,5596
5590,71,1,21086343.0,1,5600
5591,71,66,21086343.0,1,5599
5592,71,9,21086343.0,1,5598
5593,71,66,21086597.0,1,5602
5594,71,9,21086597.0,1,5601
5595,71,66,21086791.0,1,5604
5596,71,1,21086791.0,1,5605
5597,71,9,21086791.0,1,5603
5598,71,1,21086989.0,1,5608
5599,71,66,21086989.0,1,5607
5600,71,9,21086989.0,1,5606
5601,26,46,21091393.0,1,5609
5602,60,73,21093630.0,1,5610
5603,17,85,21097913.0,1,5611
5604,17,35,21097913.0,1,5612
5605,25,17,21103857.0,1,5613
5606,38,5,21104863.0,1,5614
5607,25,17,21114402.0,1,5615
5608,35,48,21114435.0,1,5616
5609,35,84,21114545.0,1,5617
5610,25,17,21116948.0,1,5618
5611,23,46,21117804.0,1,5619
5612,23,46,21119812.0,1,5620
5613,17,85,21120143.0,1,5621
5614,17,35,21120143.0,1,5622
5615,17,35,21120279.0,1,5624
5616,17,85,21120279.0,1,5623
5617,17,35,21121773.0,1,5626
5618,17,85,21121773.0,1,5625
5619,82,39,21169296.0,1,5627
5620,82,1,21169305.0,1,5628
5621,1,64,21172701.0,1,5629
5622,60,62,21176991.0,1,5630
5623,19,46,21178674.0,1,5631
5624,35,17,21179191.0,1,5632
5625,71,9,21179507.0,1,5633
5626,71,1,21179507.0,1,5635
5627,71,66,21179507.0,1,5634
5628,71,9,21179823.0,1,5636
5629,71,66,21179823.0,1,5637
5630,71,66,21180155.0,1,5638
5631,71,1,21180155.0,1,5639
5632,71,66,21180388.0,1,5641
5633,71,1,21180388.0,1,5642
5634,71,9,21180388.0,1,5640
5635,71,66,21180453.0,1,5644
5636,71,9,21180453.0,1,5643
5637,71,1,21180453.0,1,5645
5638,64,1,21181827.0,1,5646
5639,39,62,21183227.0,1,5651
5640,39,60,21183227.0,1,5648
5641,39,66,21183227.0,1,5652
5642,39,35,21183227.0,1,5653
5643,39,9,21183227.0,1,5647
5644,39,88,21183227.0,1,5657
5645,39,71,21183227.0,1,5654
5646,39,8,21183227.0,1,5650
5647,39,23,21183227.0,1,5649
5648,39,30,21183227.0,1,5656
5649,39,12,21183227.0,1,5655
5650,85,17,21187218.0,1,5658
5651,85,5,21192215.0,1,5659
5652,77,16,21192508.0,1,5660
5653,77,16,21192667.0,1,5661
5654,5,85,21198205.0,1,5662
5655,60,16,21201207.0,1,5663
5656,23,35,21202733.0,1,5664
5657,60,16,21202759.0,1,5665
5658,60,16,21202967.0,1,5666
5659,71,46,21203741.0,1,5667
5660,23,66,21204398.0,1,5671
5661,23,44,21204398.0,1,5672
5662,23,9,21204398.0,1,5669
5663,23,39,21204398.0,1,5668
5664,23,62,21204398.0,1,5670
5665,23,30,21204398.0,1,5675
5666,23,35,21204398.0,1,5673
5667,23,71,21204398.0,1,5674
5668,48,35,21205522.0,1,5676
5669,71,1,21213559.0,1,5679
5670,71,66,21213559.0,1,5678
5671,71,9,21213559.0,1,5677
5672,39,23,21261964.0,1,5680
5673,35,17,21262809.0,1,5681
5674,88,78,21263272.0,1,5682
5675,77,17,21263760.0,1,5683
5676,66,8,21265064.0,1,5684
5677,48,24,21268538.0,1,5685
5678,43,67,21269848.0,1,5686
5679,85,17,21271038.0,1,5687
5680,48,35,21272330.0,1,5688
5681,54,73,21274440.0,1,5689
5682,60,17,21275522.0,1,5690
5683,73,24,21275745.0,1,5691
5684,48,54,21276085.0,1,5692
5685,54,48,21276434.0,1,5693
5686,35,85,21276881.0,1,5694
5687,71,66,21277100.0,1,5696
5688,71,9,21277100.0,1,5695
5689,71,1,21277100.0,1,5697
5690,35,48,21277117.0,1,5698
5691,44,5,21280234.0,1,5699
5692,44,5,21280813.0,1,5700
5693,38,5,21282610.0,1,5701
5694,39,83,21285122.0,1,5702
5695,39,87,21285122.0,1,5703
5696,43,67,21285579.0,1,5707
5697,43,70,21285579.0,1,5708
5698,43,80,21285579.0,1,5705
5699,43,56,21285579.0,1,5706
5700,43,55,21285579.0,1,5709
5701,43,50,21285579.0,1,5710
5702,43,49,21285579.0,1,5704
5703,60,73,21287576.0,1,5711
5704,60,66,21288380.0,1,5712
5705,17,54,21288499.0,1,5713
5706,82,39,21342081.0,1,5714
5707,82,39,21342479.0,1,5715
5708,82,39,21342616.0,1,5716
5709,82,39,21342693.0,1,5717
5710,73,60,21348052.0,1,5718
5711,67,63,21348454.0,1,5719
5712,85,35,21350019.0,1,5720
5713,54,73,21350142.0,1,5721
5714,30,85,21350769.0,1,5724
5715,30,10,21350769.0,1,5723
5716,30,23,21350769.0,1,5722
5717,30,14,21350769.0,1,5725
5718,30,18,21350769.0,1,5727
5719,30,63,21350769.0,1,5726
5720,60,67,21352214.0,1,5728
5721,48,54,21352290.0,1,5729
5722,50,43,21352379.0,1,5730
5723,60,17,21352854.0,1,5731
5724,54,73,21354023.0,1,5732
5725,46,19,21354145.0,1,5733
5726,46,23,21354160.0,1,5734
5727,46,71,21354177.0,1,5735
5728,43,50,21354570.0,1,5736
5729,23,30,21354750.0,1,5737
5730,23,62,21354882.0,1,5738
5731,23,46,21355076.0,1,5739
5732,48,54,21355297.0,1,5740
5733,48,54,21357992.0,1,5741
5734,84,35,21358288.0,1,5742
5735,25,78,21358928.0,1,5743
5736,66,60,21359246.0,1,5744
5737,85,35,21359855.0,1,5745
5738,85,73,21360314.0,1,5746
5739,73,85,21360918.0,1,5747
5740,35,84,21364963.0,1,5748
5741,19,46,21370047.0,1,5749
5742,50,54,21373291.0,1,5750
5743,5,38,21373990.0,1,5751
5744,2,24,21379124.0,1,5752
5745,64,2,21384730.0,1,5753
5746,64,85,21438302.0,1,5754
5747,60,66,21440402.0,1,5755
5748,44,60,21451762.0,1,5756
5749,60,44,21465997.0,1,5757
5750,5,44,21466254.0,1,5758
5751,67,54,21528430.0,1,5759
5752,2,83,21550831.0,1,5760
5753,24,57,21637557.0,1,5761
5754,24,48,21637557.0,1,5762
5755,25,17,21660812.0,1,5763
5756,54,63,21688321.0,1,5764
5757,48,24,21690980.0,1,5765
5758,1,71,21692106.0,1,5766
5759,54,63,21692858.0,1,5767
5760,77,60,21694579.0,1,5769
5761,77,17,21694579.0,1,5768
5762,77,60,21699336.0,1,5771
5763,77,17,21699336.0,1,5770
5764,77,25,21699336.0,1,5772
5765,87,56,21702301.0,1,5773
5766,24,26,21703498.0,1,5774
5767,43,56,21703957.0,1,5775
5768,43,56,21704440.0,1,5776
5769,87,56,21706710.0,1,5777
5770,24,49,21707542.0,1,5778
5771,43,56,21708986.0,1,5779
5772,48,24,21711644.0,1,5780
5773,48,54,21716751.0,1,5781
5774,88,25,21719119.0,1,5782
5775,24,48,21720992.0,1,5783
5776,12,39,21734874.0,1,5784
5777,12,73,21741241.0,1,5785
5778,3,54,21778826.0,1,5786
5779,73,12,21779773.0,1,5787
5780,54,48,21782795.0,1,5788
5781,83,2,21783097.0,1,5789
5782,23,35,21789424.0,1,5790
5783,63,49,21790874.0,1,5791
5784,54,48,21792509.0,1,5793
5785,54,24,21792509.0,1,5792
5786,35,23,21793365.0,1,5794
5787,48,24,21798886.0,1,5795
5788,1,2,21801529.0,1,5796
5789,1,2,21801647.0,1,5797
5790,2,39,21802703.0,1,5798
5791,83,56,21806687.0,1,5799
5792,60,30,21807664.0,1,5802
5793,60,59,21807664.0,1,5801
5794,60,13,21807664.0,1,5800
5795,2,35,21810004.0,1,5803
5796,2,35,21810012.0,1,5804
5797,87,56,21812667.0,1,5805
5798,54,24,21861034.0,1,5806
5799,77,25,21870223.0,1,5807
5800,54,48,21871056.0,1,5808
5801,48,54,21871382.0,1,5809
5802,5,38,21875890.0,1,5810
5803,56,43,21879657.0,1,5811
5804,33,84,21881266.0,1,5812
5805,48,54,21888609.0,1,5813
5806,35,26,21888979.0,1,5814
5807,80,54,21890602.0,1,5815
5808,18,54,21892782.0,1,5816
5809,71,66,21894759.0,1,5817
5810,60,52,21899410.0,1,5821
5811,60,54,21899410.0,1,5820
5812,60,67,21899410.0,1,5819
5813,60,16,21899410.0,1,5822
5814,60,17,21899410.0,1,5818
5815,54,48,22032449.0,1,5823
5816,70,43,22035073.0,1,5824
5817,70,20,22035232.0,1,5825
5818,70,1,22035232.0,1,5826
5819,48,54,22036079.0,1,5827
5820,48,54,22036478.0,1,5828
5821,24,54,22037369.0,1,5829
5822,52,62,22039423.0,1,5830
5823,88,73,22039668.0,1,5831
5824,23,62,22040228.0,1,5832
5825,54,16,22041342.0,1,5833
5826,63,54,22048574.0,1,5834
5827,85,64,22049356.0,1,5835
5828,83,39,22051431.0,1,5836
5829,64,85,22052799.0,1,5837
5830,24,54,22053882.0,1,5838
5831,85,64,22055521.0,1,5839
5832,85,73,22056138.0,1,5840
5833,52,54,22058546.0,1,5841
5834,48,54,22058989.0,1,5842
5835,5,38,22060678.0,1,5844
5836,5,85,22060678.0,1,5843
5837,5,85,22061020.0,1,5845
5838,80,54,22063670.0,1,5846
5839,85,5,22064078.0,1,5847
5840,62,60,22065826.0,1,5848
5841,60,30,22066669.0,1,5849
5842,80,32,22066932.0,1,5850
5843,80,32,22068596.0,1,5851
5844,5,85,22092304.0,1,5852
5845,88,15,22118496.0,1,5853
5846,54,24,22120816.0,1,5854
5847,54,24,22120911.0,1,5855
5848,39,83,22123331.0,1,5856
5849,85,5,22129507.0,1,5857
5850,25,80,22130848.0,1,5858
5851,48,24,22131534.0,1,5859
5852,33,84,22131860.0,1,5860
5853,33,84,22131947.0,1,5861
5854,48,54,22133343.0,1,5862
5855,33,84,22134545.0,1,5863
5856,54,48,22134885.0,1,5864
5857,23,62,22136482.0,1,5865
5858,48,54,22143464.0,1,5867
5859,48,24,22143464.0,1,5868
5860,48,67,22143464.0,1,5866
5861,62,52,22144452.0,1,5869
5862,83,56,22145205.0,1,5870
5863,60,17,22146308.0,1,5871
5864,33,84,22146466.0,1,5872
5865,17,60,22147430.0,1,5873
5866,87,63,22148215.0,1,5874
5867,83,56,22149443.0,1,5875
5868,23,62,22149599.0,1,5877
5869,23,60,22149599.0,1,5876
5870,52,17,22151693.0,1,5878
5871,60,23,22153144.0,1,5879
5872,60,17,22153347.0,1,5880
5873,15,88,22154478.0,1,5881
5874,17,52,22154518.0,1,5882
5875,25,2,22155006.0,1,5883
5876,38,5,22177583.0,1,5884
5877,38,5,22177706.0,1,5885
5878,88,15,22299738.0,1,5886
5879,71,1,22327563.0,1,5887
5880,71,66,22327722.0,1,5889
5881,71,9,22327722.0,1,5888
5882,71,1,22327722.0,1,5890
5883,71,9,22327910.0,1,5891
5884,71,1,22327910.0,1,5893
5885,71,66,22327910.0,1,5892
5886,71,1,22327951.0,1,5896
5887,71,30,22327951.0,1,5897
5888,71,66,22327951.0,1,5895
5889,71,9,22327951.0,1,5894
5890,71,9,22328035.0,1,5898
5891,71,1,22328035.0,1,5900
5892,71,66,22328035.0,1,5899
5893,15,88,22340814.0,1,5901
5894,88,25,22378901.0,1,5902
5895,48,24,22379051.0,1,5903
5896,54,49,22379474.0,1,5904
5897,24,48,22381498.0,1,5905
5898,39,80,22381851.0,1,5906
5899,48,67,22385861.0,1,5907
5900,25,88,22386042.0,1,5908
5901,48,5,22387296.0,1,5909
5902,44,73,22389641.0,1,5910
5903,54,25,22389915.0,1,5911
5904,54,52,22390054.0,1,5912
5905,70,25,22391102.0,1,5913
5906,12,60,22391994.0,1,5914
5907,48,5,22392707.0,1,5915
5908,24,48,22394546.0,1,5916
5909,57,24,22395441.0,1,5917
5910,48,24,22395590.0,1,5918
5911,71,9,22396045.0,1,5919
5912,71,58,22396045.0,1,5927
5913,71,66,22396045.0,1,5924
5914,71,60,22396045.0,1,5920
5915,71,23,22396045.0,1,5921
5916,71,8,22396045.0,1,5922
5917,71,62,22396045.0,1,5923
5918,71,30,22396045.0,1,5928
5919,71,44,22396045.0,1,5926
5920,71,21,22396045.0,1,5925
5921,48,24,22396626.0,1,5929
5922,44,73,22398452.0,1,5930
5923,25,17,22398985.0,1,5931
5924,77,48,22399977.0,1,5932
5925,54,67,22401803.0,1,5933
5926,5,85,22403324.0,1,5934
5927,54,60,22404686.0,1,5935
5928,26,57,22404779.0,1,5936
5929,26,57,22404836.0,1,5937
5930,57,26,22405096.0,1,5938
5931,26,57,22405342.0,1,5939
5932,5,48,22405420.0,1,5940
5933,44,15,22405525.0,1,5941
5934,15,44,22410024.0,1,5942
5935,67,54,22410489.0,1,5943
5936,88,25,22412363.0,1,5944
5937,88,15,22413102.0,1,5945
5938,88,86,22413482.0,1,5946
5939,60,16,22434049.0,1,5948
5940,60,12,22434049.0,1,5947
5941,60,30,22434293.0,1,5949
5942,60,30,22434876.0,1,5951
5943,60,66,22434876.0,1,5950
5944,60,17,22435172.0,1,5952
5945,60,16,22435172.0,1,5953
5946,60,16,22435395.0,1,5954
5947,30,60,22436519.0,1,5955
5948,88,16,22463448.0,1,5956
5949,88,15,22466423.0,1,5957
5950,54,52,22469303.0,1,5958
5951,8,62,22470737.0,1,5962
5952,8,71,22470737.0,1,5965
5953,8,23,22470737.0,1,5960
5954,8,60,22470737.0,1,5959
5955,8,66,22470737.0,1,5963
5956,8,44,22470737.0,1,5964
5957,8,59,22470737.0,1,5961
5958,43,70,22476399.0,1,5967
5959,43,80,22476399.0,1,5966
5960,38,5,22477957.0,1,5968
5961,25,2,22478247.0,1,5973
5962,25,89,22478247.0,1,5969
5963,25,20,22478247.0,1,5974
5964,25,64,22478247.0,1,5971
5965,25,17,22478247.0,1,5970
5966,25,35,22478247.0,1,5975
5967,25,85,22478247.0,1,5972
5968,43,70,22478473.0,1,5977
5969,43,80,22478473.0,1,5976
5970,67,25,22482396.0,1,5978
5971,80,43,22482416.0,1,5979
5972,84,52,22482773.0,1,5980
5973,39,80,22483472.0,1,5981
5974,70,43,22484948.0,1,5982
5975,73,12,22488054.0,1,5983
5976,67,54,22489653.0,1,5984
5977,70,43,22489986.0,1,5985
5978,87,56,22490920.0,1,5986
5979,44,15,22494948.0,1,5987
5980,35,88,22495136.0,1,5988
5981,15,44,22498942.0,1,5989
5982,60,17,22499994.0,1,5990
5983,60,54,22500356.0,1,5991
5984,60,16,22500356.0,1,5992
5985,54,16,22553148.0,1,5994
5986,54,60,22553148.0,1,5993
5987,54,63,22554304.0,1,5995
5988,39,80,22554380.0,1,5996
5989,39,2,22554576.0,1,5997
5990,77,54,22564045.0,1,5998
5991,12,25,22567251.0,1,5999
5992,13,5,22568512.0,1,6000
5993,54,67,22569766.0,1,6001
5994,54,52,22569766.0,1,6002
5995,5,13,22570908.0,1,6003
5996,52,62,22573202.0,1,6004
5997,54,48,22574472.0,1,6005
5998,23,62,22574744.0,1,6006
5999,23,62,22574760.0,1,6007
6000,62,23,22575864.0,1,6008
6001,25,12,22576658.0,1,6011
6002,25,39,22576658.0,1,6010
6003,25,13,22576658.0,1,6009
6004,73,54,22576841.0,1,6012
6005,57,52,22576968.0,1,6014
6006,57,76,22576968.0,1,6013
6007,57,52,22577111.0,1,6016
6008,57,76,22577111.0,1,6015
6009,48,54,22577602.0,1,6017
6010,54,48,22578103.0,1,6018
6011,73,54,22580921.0,1,6019
6012,44,73,22580943.0,1,6020
6013,67,54,22581137.0,1,6021
6014,73,44,22581782.0,1,6022
6015,25,73,22582121.0,1,6023
6016,73,25,22582720.0,1,6024
6017,5,48,22588857.0,1,6025
6018,60,16,22591327.0,1,6027
6019,60,54,22591327.0,1,6026
6020,60,16,22592058.0,1,6028
6021,60,16,22606157.0,1,6029
6022,60,73,22606548.0,1,6030
6023,17,16,22614800.0,1,6032
6024,17,60,22614800.0,1,6031
6025,48,5,22645199.0,1,6033
6026,48,54,22645231.0,1,6034
6027,44,60,22645790.0,1,6035
6028,5,48,22648443.0,1,6036
6029,35,25,22650334.0,1,6037
6030,83,2,22652105.0,1,6038
6031,54,52,22652577.0,1,6040
6032,54,67,22652577.0,1,6039
6033,5,48,22656762.0,1,6041
6034,5,48,22657972.0,1,6042
6035,48,54,22660058.0,1,6043
6036,54,48,22660747.0,1,6044
6037,3,43,22660780.0,1,6045
6038,48,54,22661183.0,1,6046
6039,3,43,22661321.0,1,6047
6040,57,54,22663696.0,1,6048
6041,48,54,22664795.0,1,6049
6042,73,60,22669213.0,1,6050
6043,52,54,22669252.0,1,6051
6044,23,54,22669568.0,1,6052
6045,35,64,22672314.0,1,6053
6046,57,26,22674560.0,1,6054
6047,17,60,22674737.0,1,6055
6048,60,73,22693413.0,1,6056
6049,60,17,22694010.0,1,6057
6050,5,38,22695981.0,1,6058
6051,54,57,22725065.0,1,6059
6052,54,48,22725077.0,1,6060
6053,1,39,22727382.0,1,6061
6054,54,73,22728552.0,1,6062
6055,3,43,22728937.0,1,6063
6056,24,54,22734032.0,1,6064
6057,48,54,22737444.0,1,6065
6058,1,64,22738536.0,1,6066
6059,5,38,22739337.0,1,6067
6060,85,1,22739675.0,1,6068
6061,43,49,22743700.0,1,6069
6062,56,43,22744927.0,1,6070
6063,48,13,22745785.0,1,6071
6064,13,48,22747449.0,1,6072
6065,48,54,22752305.0,1,6073
6066,2,85,22753625.0,1,6075
6067,2,85,22753625.0,1,6074
6068,64,2,22758080.0,1,6076
6069,83,87,22760668.0,1,6077
6070,30,71,22829157.0,1,6078
6071,87,83,22843298.0,1,6079
6072,61,56,22919497.0,1,6080
6073,54,48,22987143.0,1,6081
6074,54,48,22987351.0,1,6082
6075,48,54,22987479.0,1,6083
6076,62,52,22988320.0,1,6084
6077,88,15,22990555.0,1,6085
6078,54,67,22991143.0,1,6086
6079,32,54,22995593.0,1,6087
6080,15,88,22995714.0,1,6088
6081,54,73,22996568.0,1,6089
6082,54,48,22997131.0,1,6090
6083,48,67,23000854.0,1,6091
6084,60,30,23001038.0,1,6093
6085,60,66,23001038.0,1,6092
6086,60,44,23001883.0,1,6094
6087,60,73,23002013.0,1,6095
6088,24,46,23002624.0,1,6096
6089,60,16,23003021.0,1,6097
6090,52,18,23009507.0,1,6098
6091,25,20,23011656.0,1,6099
6092,25,2,23012199.0,1,6100
6093,80,25,23013827.0,1,6101
6094,77,73,23016161.0,1,6102
6095,54,48,23077612.0,1,6103
6096,48,54,23080683.0,1,6104
6097,25,80,23081419.0,1,6105
6098,38,5,23088894.0,1,6106
6099,38,5,23088996.0,1,6107
6100,17,35,23090771.0,1,6108
6101,15,35,23091681.0,1,6110
6102,15,33,23091681.0,1,6109
6103,15,35,23092565.0,1,6112
6104,15,33,23092565.0,1,6111
6105,2,17,23093903.0,1,6113
6106,35,15,23094938.0,1,6114
6107,15,35,23095119.0,1,6115
6108,17,35,23095382.0,1,6116
6109,22,88,23097654.0,1,6117
6110,5,38,23097794.0,1,6118
6111,85,2,23099388.0,1,6119
6112,80,46,23099675.0,1,6120
6113,77,60,23101018.0,1,6121
6114,77,60,23101100.0,1,6122
6115,5,38,23104995.0,1,6123
6116,5,38,23105029.0,1,6124
6117,5,38,23105129.0,1,6125
6118,5,38,23105131.0,1,6126
6119,2,25,23108959.0,1,6127
6120,85,2,23109219.0,1,6128
6121,85,46,23114577.0,1,6129
6122,38,5,23121971.0,1,6130
6123,1,70,23159524.0,1,6131
6124,88,16,23161220.0,1,6132
6125,88,60,23161894.0,1,6133
6126,88,16,23161894.0,1,6134
6127,57,52,23168764.0,1,6136
6128,57,76,23168764.0,1,6135
6129,83,2,23169253.0,1,6137
6130,48,54,23171359.0,1,6138
6131,83,2,23179860.0,1,6139
6132,46,85,23183577.0,1,6140
6133,46,80,23183596.0,1,6141
6134,52,54,23184292.0,1,6142
6135,54,24,23186712.0,1,6143
6136,54,52,23186795.0,1,6145
6137,54,67,23186795.0,1,6144
6138,48,24,23188599.0,1,6146
6139,2,17,23188959.0,1,6147
6140,25,17,23216727.0,1,6148
6141,88,16,23240796.0,1,6149
6142,88,15,23241557.0,1,6150
6143,15,88,23245406.0,1,6151
6144,3,43,23247775.0,1,6152
6145,48,54,23248716.0,1,6153
6146,48,54,23249734.0,1,6154
6147,64,2,23249851.0,1,6155
6148,54,48,23250396.0,1,6156
6149,48,54,23253002.0,1,6157
6150,52,54,23253882.0,1,6158
6151,52,60,23254475.0,1,6159
6152,52,62,23254492.0,1,6160
6153,77,25,23254701.0,1,6161
6154,77,25,23254726.0,1,6162
6155,77,25,23254742.0,1,6163
6156,77,25,23254763.0,1,6164
6157,54,52,23255114.0,1,6165
6158,77,25,23255640.0,1,6166
6159,54,48,23255901.0,1,6167
6160,24,54,23257132.0,1,6168
6161,48,54,23257191.0,1,6169
6162,48,54,23258486.0,1,6170
6163,38,5,23258950.0,1,6171
6164,48,24,23261645.0,1,6173
6165,48,67,23261645.0,1,6172
6166,1,64,23266603.0,1,6174
6167,5,13,23266709.0,1,6175
6168,25,77,23267066.0,1,6176
6169,54,49,23271382.0,1,6177
6170,52,62,23273224.0,1,6178
6171,5,15,23281483.0,1,6179
6172,54,48,23322648.0,1,6180
6173,57,24,23343535.0,1,6182
6174,57,46,23343535.0,1,6181
6175,57,26,23343535.0,1,6183
6176,77,49,23343795.0,1,6184
6177,62,52,23346956.0,1,6185
6178,26,57,23350061.0,1,6189
6179,26,24,23350061.0,1,6187
6180,26,27,23350061.0,1,6188
6181,26,46,23350061.0,1,6186
6182,57,26,23350960.0,1,6190
6183,57,24,23350960.0,1,6192
6184,57,27,23350960.0,1,6193
6185,57,46,23350960.0,1,6191
6186,10,17,23352180.0,1,6194
6187,77,49,23354718.0,1,6195
6188,49,43,23354954.0,1,6196
6189,35,17,23358337.0,1,6197
6190,46,26,23364212.0,1,6198
6191,38,5,23369746.0,1,6199
6192,38,5,23531271.0,1,6200
6193,26,46,23539923.0,1,6201
6194,26,27,23540126.0,1,6202
6195,25,80,23561500.0,1,6203
6196,30,66,23595903.0,1,6204
6197,24,27,23596095.0,1,6207
6198,24,26,23596095.0,1,6206
6199,24,46,23596095.0,1,6205
6200,24,57,23596095.0,1,6208
6201,49,77,23602429.0,1,6209
6202,77,49,23602973.0,1,6210
6203,70,20,23603469.0,1,6211
6204,70,1,23603469.0,1,6212
6205,70,1,23603538.0,1,6214
6206,70,20,23603538.0,1,6213
6207,80,25,23605299.0,1,6215
6208,10,17,23609671.0,1,6216
6209,49,16,23612396.0,1,6217
6210,8,88,23614484.0,1,6218
6211,88,16,23615836.0,1,6219
6212,25,80,23636054.0,1,6220
6213,1,71,23677153.0,1,6221
6214,1,2,23677178.0,1,6222
6215,1,70,23677592.0,1,6223
6216,1,71,23677600.0,1,6224
6217,1,70,23677854.0,1,6225
6218,88,8,23678295.0,1,6226
6219,46,25,23681770.0,1,6227
6220,52,62,23686438.0,1,6228
6221,88,73,23686949.0,1,6229
6222,77,60,23693672.0,1,6230
6223,35,17,23695396.0,1,6231
6224,35,15,23696225.0,1,6232
6225,77,49,23696772.0,1,6233
6226,49,77,23700977.0,1,6234
6227,88,16,23703097.0,1,6235
6228,8,57,23703743.0,1,6236
6229,25,46,23720834.0,1,6237
6230,25,80,23721218.0,1,6238
6231,25,35,23721386.0,1,6239
6232,26,35,23722087.0,1,6243
6233,26,57,23722087.0,1,6244
6234,26,27,23722087.0,1,6242
6235,26,24,23722087.0,1,6241
6236,26,46,23722087.0,1,6240
6237,54,48,23724880.0,1,6245
6238,24,26,23766413.0,1,6246
6239,35,25,23766695.0,1,6247
6240,35,26,23766771.0,1,6248
6241,52,50,23768240.0,1,6249
6242,48,13,23769183.0,1,6250
6243,24,27,23769509.0,1,6253
6244,24,26,23769509.0,1,6252
6245,24,46,23769509.0,1,6251
6246,24,57,23769509.0,1,6254
6247,48,54,23770007.0,1,6255
6248,48,73,23771396.0,1,6256
6249,62,52,23772563.0,1,6257
6250,88,16,23773605.0,1,6258
6251,80,25,23783351.0,1,6259
6252,48,73,23785049.0,1,6260
6253,49,60,23785299.0,1,6261
6254,80,25,23785410.0,1,6262
6255,49,60,23785958.0,1,6263
6256,25,80,23786554.0,1,6264
6257,35,49,23787139.0,1,6265
6258,57,52,23789557.0,1,6266
6259,80,25,23790391.0,1,6267
6260,49,35,23790539.0,1,6268
6261,52,57,23791140.0,1,6269
6262,49,16,23791228.0,1,6270
6263,62,52,23793223.0,1,6271
6264,62,52,23793606.0,1,6272
6265,83,2,23826827.0,1,6273
6266,52,73,23854156.0,1,6274
6267,15,54,23859295.0,1,6276
6268,15,48,23859295.0,1,6277
6269,15,60,23859295.0,1,6275
6270,35,85,23859771.0,1,6278
6271,48,15,23859911.0,1,6279
6272,85,17,23860151.0,1,6280
6273,85,35,23861274.0,1,6281
6274,88,16,23862142.0,1,6282
6275,80,25,23862490.0,1,6283
6276,88,16,23863520.0,1,6284
6277,15,48,23865347.0,1,6285
6278,15,51,23865457.0,1,6286
6279,46,26,23867347.0,1,6287
6280,15,35,23872287.0,1,6288
6281,35,15,23872984.0,1,6289
6282,58,12,23878741.0,1,6290
6283,12,58,23880320.0,1,6291
6284,49,16,23883127.0,1,6292
6285,58,12,23885749.0,1,6293
6286,25,80,23889160.0,1,6294
6287,10,17,23892249.0,1,6295
6288,54,48,23897732.0,1,6296
6289,48,54,23937927.0,1,6297
6290,52,62,23939240.0,1,6298
6291,48,24,23939758.0,1,6299
6292,24,48,23940498.0,1,6300
6293,24,46,23941095.0,1,6301
6294,49,73,23942063.0,1,6302
6295,15,73,23942998.0,1,6303
6296,24,48,23943199.0,1,6304
6297,48,54,23943282.0,1,6305
6298,48,24,23943373.0,1,6306
6299,23,69,23946564.0,1,6317
6300,23,21,23946564.0,1,6314
6301,23,44,23946564.0,1,6315
6302,23,58,23946564.0,1,6318
6303,23,30,23946564.0,1,6319
6304,23,88,23946564.0,1,6320
6305,23,8,23946564.0,1,6309
6306,23,66,23946564.0,1,6313
6307,23,59,23946564.0,1,6310
6308,23,62,23946564.0,1,6311
6309,23,6,23946564.0,1,6312
6310,23,60,23946564.0,1,6308
6311,23,9,23946564.0,1,6307
6312,23,29,23946564.0,1,6316
6313,77,73,23948006.0,1,6321
6314,49,16,23949307.0,1,6322
6315,73,15,23950095.0,1,6323
6316,49,60,23950204.0,1,6324
6317,52,57,23950637.0,1,6325
6318,15,5,23951166.0,1,6326
6319,38,5,23954020.0,1,6327
6320,38,5,23954049.0,1,6328
6321,15,88,23954153.0,1,6329
6322,38,5,23954265.0,1,6330
6323,38,5,23954290.0,1,6331
6324,38,5,23954772.0,1,6332
6325,5,15,23954941.0,1,6333
6326,38,5,23955092.0,1,6334
6327,38,5,23955141.0,1,6335
6328,15,5,23955809.0,1,6336
6329,5,15,23960388.0,1,6337
6330,80,25,23962716.0,1,6338
6331,54,48,24069512.0,1,6339
6332,87,20,24143904.0,1,6340
6333,48,54,24196315.0,1,6341
6334,12,5,24198397.0,1,6342
6335,48,67,24202582.0,1,6343
6336,35,25,24203879.0,1,6344
6337,67,54,24207991.0,1,6345
6338,80,25,24209685.0,1,6346
6339,5,12,24215357.0,1,6347
6340,49,30,24227105.0,1,6355
6341,49,23,24227105.0,1,6349
6342,49,60,24227105.0,1,6348
6343,49,44,24227105.0,1,6354
6344,49,8,24227105.0,1,6350
6345,49,62,24227105.0,1,6351
6346,49,21,24227105.0,1,6353
6347,49,66,24227105.0,1,6352
6348,49,88,24227105.0,1,6356
6349,54,48,24243534.0,1,6357
6350,38,5,24256569.0,1,6358
6351,38,5,24291808.0,1,6359
6352,38,5,24291884.0,1,6360
6353,62,52,24300766.0,1,6361
6354,48,54,24303254.0,1,6362
6355,67,54,24304284.0,1,6363
6356,58,21,24308822.0,1,6364
6357,21,58,24309311.0,1,6365
6358,35,15,24310404.0,1,6366
6359,88,16,24320464.0,1,6367
6360,15,35,24325276.0,1,6368
6361,88,16,24375170.0,1,6369
6362,24,46,24381923.0,1,6370
6363,35,15,24383297.0,1,6371
6364,73,17,24384933.0,1,6372
6365,52,18,24385240.0,1,6373
6366,2,64,24388677.0,1,6374
6367,62,2,24390011.0,1,6375
6368,15,35,24402260.0,1,6376
6369,48,54,24458896.0,1,6377
6370,52,62,24460901.0,1,6378
6371,80,35,24464570.0,1,6379
6372,35,80,24465184.0,1,6380
6373,23,62,24467097.0,1,6381
6374,85,2,24471724.0,1,6382
6375,2,64,24472385.0,1,6383
6376,2,64,24472391.0,1,6384
6377,30,66,24473854.0,1,6385
6378,49,43,24478646.0,1,6386
6379,33,49,24484559.0,1,6387
6380,49,33,24484778.0,1,6388
6381,33,15,24490080.0,1,6389
6382,58,23,24498058.0,1,6390
6383,1,71,24541254.0,1,6391
6384,1,82,24541272.0,1,6392
6385,15,25,24551180.0,1,6393
6386,15,35,24551180.0,1,6394
6387,49,54,24555137.0,1,6395
6388,85,2,24560037.0,1,6396
6389,88,73,24560639.0,1,6397
6390,32,55,24564525.0,1,6398
6391,23,2,24572324.0,1,6399
6392,54,48,24590305.0,1,6400
6393,15,49,24592367.0,1,6401
6394,12,49,24633699.0,1,6402
6395,2,23,24638588.0,1,6403
6396,23,2,24639771.0,1,6404
6397,9,2,24655194.0,1,6405
6398,9,18,24655329.0,1,6406
6399,2,9,24668466.0,1,6407
6400,71,30,24732666.0,1,6413
6401,71,66,24732666.0,1,6410
6402,71,1,24732666.0,1,6411
6403,71,58,24732666.0,1,6412
6404,71,8,24732666.0,1,6409
6405,71,9,24732666.0,1,6408
6406,71,9,24738521.0,1,6414
6407,71,30,24738521.0,1,6416
6408,71,66,24738521.0,1,6415
6409,73,88,24741213.0,1,6417
6410,54,24,24761191.0,1,6418
6411,24,54,24765349.0,1,6419
6412,71,1,24807272.0,1,6420
6413,48,24,24816481.0,1,6421
6414,51,15,24826263.0,1,6422
6415,15,51,24830342.0,1,6423
6416,23,58,24835435.0,1,6424
6417,2,83,24841655.0,1,6425
6418,2,85,24841673.0,1,6426
6419,2,64,24841686.0,1,6427
6420,71,66,24894999.0,1,6429
6421,71,9,24894999.0,1,6428
6422,71,30,24894999.0,1,6431
6423,71,1,24894999.0,1,6430
6424,2,25,24906467.0,1,6432
6425,58,83,24907229.0,1,6433
6426,83,58,24916916.0,1,6434
6427,71,9,24977239.0,1,6435
6428,71,66,24977239.0,1,6436
6429,71,1,24977239.0,1,6437
6430,71,1,24979452.0,1,6440
6431,71,30,24979452.0,1,6441
6432,71,66,24979452.0,1,6439
6433,71,9,24979452.0,1,6438
6434,71,1,24979792.0,1,6442
6435,71,66,24979967.0,1,6444
6436,71,9,24979967.0,1,6443
6437,71,30,24979967.0,1,6446
6438,71,1,24979967.0,1,6445
6439,23,71,24983925.0,1,6448
6440,23,66,24983925.0,1,6447
6441,80,76,25085227.0,1,6449
6442,80,76,25089210.0,1,6450
6443,15,33,25097697.0,1,6451
6444,15,16,25097697.0,1,6452
6445,57,27,25324419.0,1,6456
6446,57,24,25324419.0,1,6454
6447,57,26,25324419.0,1,6455
6448,57,46,25324419.0,1,6453
6449,26,57,25327518.0,1,6457
6450,77,49,25331693.0,1,6458
6451,23,66,25332819.0,1,6465
6452,23,88,25332819.0,1,6472
6453,23,59,25332819.0,1,6462
6454,23,62,25332819.0,1,6463
6455,23,6,25332819.0,1,6464
6456,23,8,25332819.0,1,6461
6457,23,21,25332819.0,1,6466
6458,23,44,25332819.0,1,6467
6459,23,29,25332819.0,1,6468
6460,23,9,25332819.0,1,6459
6461,23,58,25332819.0,1,6470
6462,23,30,25332819.0,1,6471
6463,23,60,25332819.0,1,6460
6464,23,69,25332819.0,1,6469
6465,77,15,25345054.0,1,6474
6466,77,60,25345054.0,1,6473
6467,15,77,25352559.0,1,6475
6468,82,39,25402087.0,1,6476
6469,49,78,25417998.0,1,6477
6470,49,78,25418160.0,1,6478
6471,26,58,25422729.0,1,6479
6472,58,26,25425744.0,1,6480
6473,26,58,25431179.0,1,6481
6474,49,60,25502885.0,1,6482
6475,49,16,25502885.0,1,6483
6476,49,43,25522138.0,1,6484
6477,26,27,25525524.0,1,6485
6478,83,25,25584328.0,1,6486
6479,26,21,25594073.0,1,6487
6480,26,46,25596921.0,1,6488
6481,26,27,25596921.0,1,6490
6482,26,57,25596921.0,1,6491
6483,26,24,25596921.0,1,6489
6484,87,83,25603167.0,1,6492
6485,10,23,25613099.0,1,6493
6486,49,54,25673781.0,1,6494
6487,85,20,25674077.0,1,6497
6488,85,17,25674077.0,1,6495
6489,85,25,25674077.0,1,6496
6490,85,7,25675016.0,1,6498
6491,83,2,25680110.0,1,6499
6492,49,80,25681326.0,1,6500
6493,49,43,25681326.0,1,6503
6494,49,67,25681326.0,1,6502
6495,49,56,25681326.0,1,6501
6496,49,50,25681326.0,1,6504
6497,25,85,25683639.0,1,6505
6498,23,58,25685360.0,1,6506
6499,85,25,25685424.0,1,6507
6500,70,20,25925921.0,1,6508
6501,77,60,25929810.0,1,6509
6502,83,49,25930473.0,1,6510
6503,54,48,25934257.0,1,6511
6504,49,83,25934465.0,1,6512
6505,25,80,25936622.0,1,6513
6506,80,25,25937446.0,1,6514
6507,12,85,25940611.0,1,6515
6508,12,49,25941114.0,1,6516
6509,33,15,25945073.0,1,6517
6510,83,49,25946719.0,1,6518
6511,2,17,25950655.0,1,6519
6512,54,49,25953847.0,1,6520
6513,85,12,25954113.0,1,6521
6514,60,17,25958164.0,1,6522
6515,60,16,25958164.0,1,6523
6516,15,33,25961530.0,1,6524
6517,35,25,26013682.0,1,6525
6518,12,85,26014195.0,1,6526
6519,35,17,26014845.0,1,6527
6520,77,15,26015678.0,1,6529
6521,77,60,26015678.0,1,6528
6522,20,70,26025837.0,1,6530
6523,57,30,26026848.0,1,6531
6524,17,35,26026876.0,1,6532
6525,56,49,26027161.0,1,6533
6526,57,30,26027487.0,1,6534
6527,49,56,26031995.0,1,6535
6528,44,15,26032229.0,1,6536
6529,80,64,26036997.0,1,6537
6530,80,30,26036997.0,1,6539
6531,80,85,26036997.0,1,6538
6532,57,52,26038627.0,1,6540
6533,52,57,26038978.0,1,6541
6534,15,33,26049215.0,1,6542
6535,15,33,26049576.0,1,6543
6536,15,49,26051445.0,1,6544
6537,82,1,26095193.0,1,6545
6538,82,39,26095222.0,1,6546
6539,82,1,26095357.0,1,6547
6540,82,39,26095399.0,1,6548
6541,82,39,26095586.0,1,6549
6542,1,82,26098829.0,1,6550
6543,1,71,26098843.0,1,6551
6544,30,57,26099806.0,1,6552
6545,77,49,26099848.0,1,6553
6546,49,15,26099959.0,1,6554
6547,49,77,26100250.0,1,6555
6548,35,15,26103577.0,1,6556
6549,57,30,26105652.0,1,6557
6550,87,56,26107112.0,1,6558
6551,26,46,26110248.0,1,6559
6552,26,27,26110248.0,1,6560
6553,26,35,26110248.0,1,6561
6554,26,57,26110248.0,1,6562
6555,56,87,26110319.0,1,6563
6556,26,57,26110424.0,1,6567
6557,26,46,26110424.0,1,6564
6558,26,27,26110424.0,1,6565
6559,26,35,26110424.0,1,6566
6560,77,49,26111918.0,1,6568
6561,49,77,26112638.0,1,6569
6562,52,62,26116748.0,1,6570
6563,73,60,26117267.0,1,6571
6564,87,56,26118979.0,1,6572
6565,15,35,26119341.0,1,6573
6566,15,49,26119708.0,1,6574
6567,49,15,26120657.0,1,6575
6568,17,73,26121939.0,1,6576
6569,49,25,26122228.0,1,6577
6570,49,77,26123126.0,1,6578
6571,77,60,26123210.0,1,6579
6572,23,49,26123588.0,1,6580
6573,54,67,26130842.0,1,6582
6574,54,17,26130842.0,1,6581
6575,82,1,26181432.0,1,6583
6576,82,39,26181442.0,1,6584
6577,25,17,26187957.0,1,6585
6578,23,62,26189665.0,1,6586
6579,80,25,26190735.0,1,6587
6580,15,49,26192842.0,1,6588
6581,56,43,26194005.0,1,6589
6582,85,17,26196178.0,1,6590
6583,15,73,26198274.0,1,6591
6584,71,9,26198998.0,1,6592
6585,71,66,26198998.0,1,6593
6586,25,13,26201448.0,1,6594
6587,83,56,26203758.0,1,6595
6588,25,13,26207541.0,1,6596
6589,20,70,26207579.0,1,6597
6590,57,26,26211956.0,1,6600
6591,57,46,26211956.0,1,6598
6592,57,24,26211956.0,1,6599
6593,30,60,26211972.0,1,6601
6594,1,70,26269991.0,1,6602
6595,1,71,26270009.0,1,6603
6596,1,70,26270168.0,1,6604
6597,48,24,26277452.0,1,6605
6598,49,60,26277928.0,1,6606
6599,77,16,26281371.0,1,6607
6600,12,49,26281552.0,1,6608
6601,2,17,26282843.0,1,6609
6602,44,49,26283524.0,1,6610
6603,20,87,26287185.0,1,6614
6604,20,70,26287185.0,1,6613
6605,20,2,26287185.0,1,6612
6606,20,64,26287185.0,1,6611
6607,12,39,26287803.0,1,6615
6608,49,43,26288325.0,1,6616
6609,80,25,26289912.0,1,6617
6610,25,80,26291054.0,1,6618
6611,35,83,26291622.0,1,6619
6612,44,49,26292178.0,1,6620
6613,35,15,26292394.0,1,6621
6614,15,49,26297891.0,1,6622
6615,62,60,26298627.0,1,6623
6616,60,62,26298700.0,1,6624
6617,21,49,26303275.0,1,6625
6618,82,1,26526670.0,1,6626
6619,82,39,26526679.0,1,6627
6620,82,1,26526844.0,1,6628
6621,82,1,26527409.0,1,6629
6622,1,39,26529769.0,1,6630
6623,1,64,26529808.0,1,6631
6624,1,70,26529834.0,1,6632
6625,1,20,26529846.0,1,6633
6626,1,71,26529906.0,1,6634
6627,1,70,26530171.0,1,6635
6628,71,1,26531956.0,1,6638
6629,71,9,26531956.0,1,6636
6630,71,66,26531956.0,1,6637
6631,24,54,26533276.0,1,6639
6632,64,49,26533587.0,1,6640
6633,77,16,26537085.0,1,6641
6634,52,62,26539416.0,1,6642
6635,49,64,26540442.0,1,6643
6636,25,17,26540770.0,1,6644
6637,49,15,26542301.0,1,6645
6638,44,60,26543367.0,1,6646
6639,15,49,26543997.0,1,6647
6640,15,35,26545034.0,1,6648
6641,15,33,26545244.0,1,6649
6642,15,14,26545244.0,1,6650
6643,35,1,26545302.0,1,6651
6644,15,44,26545973.0,1,6652
6645,49,77,26546891.0,1,6653
6646,22,29,26546960.0,1,6654
6647,25,49,26547877.0,1,6655
6648,77,49,26548830.0,1,6656
6649,49,77,26549029.0,1,6657
6650,44,14,26553096.0,1,6658
6651,24,54,26554140.0,1,6659
6652,17,60,26554822.0,1,6660
6653,24,48,26555813.0,1,6661
6654,17,49,26558527.0,1,6662
6655,35,15,26562554.0,1,6663
6656,17,20,26564585.0,1,6664
6657,60,29,26572618.0,1,6665
6658,15,35,26578300.0,1,6666
6659,82,1,26613318.0,1,6667
6660,1,71,26616043.0,1,6668
6661,1,71,26617653.0,1,6669
6662,25,56,26620329.0,1,6670
6663,25,56,26621350.0,1,6671
6664,56,43,26626657.0,1,6672
6665,20,17,26628939.0,1,6673
6666,44,14,26630940.0,1,6674
6667,24,54,26633988.0,1,6675
6668,54,24,26636783.0,1,6676
6669,3,43,26637901.0,1,6677
6670,57,35,26641883.0,1,6682
6671,57,24,26641883.0,1,6679
6672,57,46,26641883.0,1,6678
6673,57,26,26641883.0,1,6680
6674,57,27,26641883.0,1,6681
6675,24,54,26642176.0,1,6683
6676,35,25,26644648.0,1,6684
6677,24,57,26647922.0,1,6685
6678,57,24,26648698.0,1,6686
6679,24,57,26649586.0,1,6687
6680,57,24,26649910.0,1,6688
6681,24,57,26650082.0,1,6689
6682,82,1,26699565.0,1,6690
6683,52,18,26704704.0,1,6691
6684,56,87,26706325.0,1,6692
6685,54,24,26707316.0,1,6693
6686,71,64,26707600.0,1,6694
6687,24,54,26708953.0,1,6695
6688,77,60,26709076.0,1,6696
6689,54,24,26714089.0,1,6697
6690,24,54,26714824.0,1,6698
6691,15,33,26719189.0,1,6699
6692,15,14,26719189.0,1,6701
6693,15,35,26719189.0,1,6700
6694,25,80,26721945.0,1,6702
6695,3,49,26724025.0,1,6703
6696,25,85,26724926.0,1,6704
6697,85,35,26728033.0,1,6705
6698,15,88,26745216.0,1,6706
6699,82,1,26784574.0,1,6707
6700,1,39,26790328.0,1,6708
6701,1,70,26790430.0,1,6709
6702,1,71,26790430.0,1,6712
6703,1,64,26790430.0,1,6710
6704,1,20,26790430.0,1,6711
6705,1,71,26790662.0,1,6713
6706,49,43,26796706.0,1,6714
6707,39,12,26798443.0,1,6715
6708,85,35,26799346.0,1,6718
6709,85,25,26799346.0,1,6716
6710,85,20,26799346.0,1,6717
6711,26,35,26809248.0,1,6722
6712,26,46,26809248.0,1,6719
6713,26,57,26809248.0,1,6723
6714,26,27,26809248.0,1,6721
6715,26,24,26809248.0,1,6720
6716,1,39,26809339.0,1,6724
6717,52,25,26811407.0,1,6725
6718,24,35,26811833.0,1,6726
6719,62,52,26812303.0,1,6727
6720,25,52,26812780.0,1,6728
6721,20,64,26813302.0,1,6729
6722,57,52,26813502.0,1,6730
6723,1,64,26815643.0,1,6731
6724,71,66,26817978.0,1,6733
6725,71,9,26817978.0,1,6732
6726,82,1,26872225.0,1,6734
6727,70,1,26873008.0,1,6735
6728,70,1,26873078.0,1,6736
6729,70,1,26873162.0,1,6737
6730,44,60,26879718.0,1,6738
6731,77,60,26881666.0,1,6739
6732,49,43,26882705.0,1,6740
6733,77,16,26887129.0,1,6741
6734,57,24,26887807.0,1,6742
6735,24,57,26889200.0,1,6747
6736,24,27,26889200.0,1,6745
6737,24,46,26889200.0,1,6743
6738,24,26,26889200.0,1,6744
6739,24,35,26889200.0,1,6746
6740,57,43,26890503.0,1,6748
6741,57,80,26890503.0,1,6749
6742,49,43,26896869.0,1,6750
6743,80,23,26896899.0,1,6751
6744,80,59,26896903.0,1,6752
6745,80,64,26896920.0,1,6753
6746,80,18,26896922.0,1,6754
6747,80,87,26897916.0,1,6755
6748,49,43,26906219.0,1,6756
6749,46,24,26978350.0,1,6757
6750,64,85,26982582.0,1,6758
6751,54,48,27130161.0,1,6759
6752,82,1,27131847.0,1,6760
6753,48,67,27136418.0,1,6761
6754,67,54,27138440.0,1,6762
6755,73,54,27139280.0,1,6763
6756,24,27,27139487.0,1,6766
6757,24,57,27139487.0,1,6767
6758,24,26,27139487.0,1,6765
6759,24,46,27139487.0,1,6764
6760,49,77,27144260.0,1,6768
6761,80,87,27145491.0,1,6769
6762,67,52,27146505.0,1,6770
6763,52,76,27146513.0,1,6771
6764,5,38,27146914.0,1,6772
6765,13,48,27149178.0,1,6773
6766,2,17,27150104.0,1,6774
6767,67,32,27151568.0,1,6775
6768,67,54,27151568.0,1,6776
6769,67,52,27151568.0,1,6777
6770,49,67,27151841.0,1,6778
6771,67,49,27151895.0,1,6779
6772,24,54,27152200.0,1,6780
6773,85,17,27154013.0,1,6781
6774,67,54,27154032.0,1,6782
6775,77,60,27155222.0,1,6783
6776,77,60,27155317.0,1,6784
6777,48,24,27156043.0,1,6785
6778,48,54,27157150.0,1,6786
6779,77,49,27158574.0,1,6787
6780,57,24,27158652.0,1,6789
6781,57,27,27158652.0,1,6791
6782,57,46,27158652.0,1,6788
6783,57,26,27158652.0,1,6790
6784,73,60,27159999.0,1,6792
6785,73,60,27160008.0,1,6793
6786,54,48,27162824.0,1,6794
6787,54,48,27164221.0,1,6795
6788,85,46,27167222.0,1,6796
6789,26,57,27168227.0,1,6800
6790,26,27,27168227.0,1,6799
6791,26,24,27168227.0,1,6798
6792,26,46,27168227.0,1,6797
6793,57,24,27168585.0,1,6803
6794,57,27,27168585.0,1,6804
6795,57,26,27168585.0,1,6801
6796,57,46,27168585.0,1,6802
6797,82,1,27217972.0,1,6805
6798,82,39,27217989.0,1,6806
6799,26,57,27222664.0,1,6807
6800,83,35,27223439.0,1,6808
6801,1,71,27224608.0,1,6809
6802,70,20,27225458.0,1,6810
6803,70,20,27225537.0,1,6811
6804,70,20,27225652.0,1,6812
6805,70,20,27225702.0,1,6813
6806,15,35,27226836.0,1,6815
6807,15,25,27226836.0,1,6814
6808,24,83,27242228.0,1,6816
6809,2,17,27245377.0,1,6817
6810,83,2,27245577.0,1,6818
6811,57,46,27247470.0,1,6819
6812,57,24,27247470.0,1,6820
6813,57,26,27247470.0,1,6821
6814,26,57,27247583.0,1,6822
6815,57,24,27247852.0,1,6823
6816,24,57,27248604.0,1,6824
6817,24,57,27248649.0,1,6825
6818,60,17,27248837.0,1,6826
6819,71,9,27253674.0,1,6827
6820,71,30,27253674.0,1,6829
6821,71,66,27253674.0,1,6828
6822,71,66,27253787.0,1,6831
6823,71,9,27253787.0,1,6830
6824,71,9,27253858.0,1,6832
6825,71,30,27253858.0,1,6835
6826,71,66,27253858.0,1,6833
6827,71,1,27253858.0,1,6834
6828,71,66,27253932.0,1,6837
6829,71,30,27253932.0,1,6839
6830,71,1,27253932.0,1,6838
6831,71,9,27253932.0,1,6836
6832,12,39,27257208.0,1,6840
6833,12,13,27259401.0,1,6841
6834,48,54,27308257.0,1,6842
6835,60,17,27308930.0,1,6843
6836,60,16,27308930.0,1,6844
6837,48,54,27311776.0,1,6845
6838,25,89,27322242.0,1,6846
6839,25,64,27322242.0,1,6848
6840,25,17,27322242.0,1,6847
6841,25,35,27322242.0,1,6852
6842,25,2,27322242.0,1,6850
6843,25,20,27322242.0,1,6851
6844,25,85,27322242.0,1,6849
6845,25,73,27324178.0,1,6853
6846,85,64,27332322.0,1,6854
6847,60,16,27347440.0,1,6855
6848,15,33,27348336.0,1,6856
6849,70,20,27392827.0,1,6857
6850,70,1,27392827.0,1,6858
6851,35,24,27395548.0,1,6859
6852,35,57,27395548.0,1,6861
6853,35,26,27395548.0,1,6860
6854,57,24,27408079.0,1,6862
6855,57,52,27410623.0,1,6863
6856,54,48,27412582.0,1,6864
6857,54,24,27412746.0,1,6865
6858,54,52,27413097.0,1,6866
6859,3,43,27414547.0,1,6867
6860,32,67,27416122.0,1,6868
6861,13,54,27417214.0,1,6869
6862,83,87,27419043.0,1,6870
6863,49,43,27420556.0,1,6871
6864,70,1,27480157.0,1,6873
6865,70,20,27480157.0,1,6872
6866,39,76,27480364.0,1,6874
6867,39,80,27480364.0,1,6875
6868,62,52,27482598.0,1,6876
6869,49,56,27482835.0,1,6877
6870,56,49,27482861.0,1,6878
6871,24,35,27483088.0,1,6880
6872,24,46,27483088.0,1,6879
6873,24,57,27483088.0,1,6881
6874,32,67,27490763.0,1,6882
6875,24,26,27491378.0,1,6883
6876,15,35,27492941.0,1,6884
6877,48,24,27494629.0,1,6885
6878,48,54,27498019.0,1,6886
6879,43,80,27498807.0,1,6887
6880,77,43,27500299.0,1,6888
6881,35,15,27501343.0,1,6889
6882,48,54,27501916.0,1,6890
6883,24,54,27505430.0,1,6891
6884,57,26,27507555.0,1,6894
6885,57,24,27507555.0,1,6893
6886,57,46,27507555.0,1,6892
6887,80,43,27508542.0,1,6895
6888,15,35,27509547.0,1,6896
6889,23,62,27510086.0,1,6897
6890,83,56,27510858.0,1,6898
6891,71,1,27586788.0,1,6902
6892,71,66,27586788.0,1,6901
6893,71,30,27586788.0,1,6903
6894,71,9,27586788.0,1,6899
6895,71,8,27586788.0,1,6900
6896,71,30,27587212.0,1,6905
6897,71,1,27587212.0,1,6904
6898,71,66,27587537.0,1,6907
6899,71,9,27587537.0,1,6906
6900,71,30,27587537.0,1,6909
6901,71,1,27587537.0,1,6908
6902,71,9,27587783.0,1,6910
6903,71,1,27587783.0,1,6912
6904,71,66,27587783.0,1,6911
6905,71,30,27587783.0,1,6913
6906,71,9,27588944.0,1,6914
6907,71,1,27588944.0,1,6916
6908,71,66,27588944.0,1,6915
6909,38,5,27606801.0,1,6917
6910,35,24,27706856.0,1,6918
6911,24,46,27742600.0,1,6919
6912,24,26,27742600.0,1,6920
6913,24,57,27742600.0,1,6922
6914,24,27,27742600.0,1,6921
6915,33,15,27744255.0,1,6923
6916,24,26,27744449.0,1,6924
6917,54,13,27748961.0,1,6925
6918,13,54,27750676.0,1,6926
6919,70,1,27751033.0,1,6928
6920,70,20,27751033.0,1,6927
6921,15,60,27751246.0,1,6929
6922,5,38,27751579.0,1,6930
6923,26,24,27751670.0,1,6931
6924,54,60,27752798.0,1,6932
6925,5,15,27753123.0,1,6933
6926,64,87,27762054.0,1,6934
6927,15,33,27762283.0,1,6935
6928,15,14,27762283.0,1,6936
6929,24,8,27762443.0,1,6937
6930,26,35,27762713.0,1,6941
6931,26,24,27762713.0,1,6939
6932,26,57,27762713.0,1,6942
6933,26,27,27762713.0,1,6940
6934,26,46,27762713.0,1,6938
6935,26,8,27764569.0,1,6943
6936,17,54,27765968.0,1,6944
6937,56,87,27766438.0,1,6945
6938,87,56,27766655.0,1,6946
6939,5,38,27767015.0,1,6947
6940,49,77,27767475.0,1,6948
6941,49,43,27767713.0,1,6949
6942,5,38,27768259.0,1,6950
6943,77,49,27768589.0,1,6951
6944,49,77,27770946.0,1,6952
6945,71,9,27771167.0,1,6953
6946,71,66,27771167.0,1,6954
6947,71,1,27771167.0,1,6955
6948,60,13,27773997.0,1,6956
6949,23,10,27778275.0,1,6957
6950,23,58,27778275.0,1,6958
6951,88,39,27825932.0,1,6959
6952,13,60,27826540.0,1,6960
6953,88,16,27826846.0,1,6962
6954,88,60,27826846.0,1,6961
6955,88,14,27832398.0,1,6963
6956,38,5,27837050.0,1,6964
6957,49,77,27838676.0,1,6965
6958,73,54,27838849.0,1,6966
6959,77,49,27845937.0,1,6967
6960,5,38,27847325.0,1,6968
6961,77,49,27847560.0,1,6969
6962,57,26,27848797.0,1,6972
6963,57,24,27848797.0,1,6971
6964,57,46,27848797.0,1,6970
6965,88,25,27849540.0,1,6973
6966,88,35,27850100.0,1,6974
6967,87,56,27851759.0,1,6975
6968,5,38,27856059.0,1,6976
6969,62,52,27917395.0,1,6977
6970,35,88,27917455.0,1,6978
6971,14,88,27918504.0,1,6979
6972,62,52,27918968.0,1,6980
6973,62,60,27919147.0,1,6981
6974,88,52,27919325.0,1,6982
6975,15,88,27919712.0,1,6983
6976,88,15,27920921.0,1,6984
6977,5,48,27922612.0,1,6985
6978,15,88,27925572.0,1,6986
6979,67,37,27927374.0,1,6988
6980,67,53,27927374.0,1,6987
6981,80,25,27927902.0,1,6989
6982,80,25,27927916.0,1,6990
6983,60,62,27928303.0,1,6991
6984,38,5,27928605.0,1,6992
6985,3,43,27930987.0,1,6993
6986,88,15,27934858.0,1,6994
6987,80,1,27936737.0,1,6995
6988,60,22,27936756.0,1,6996
6989,49,60,27944974.0,1,6997
6990,15,88,27948468.0,1,6998
6991,88,15,27993712.0,1,6999
6992,62,52,27999963.0,1,7000
6993,62,52,28001605.0,1,7001
6994,15,88,28003948.0,1,7002
6995,15,49,28011636.0,1,7003
6996,3,24,28012146.0,1,7004
6997,3,43,28012146.0,1,7005
6998,15,17,28012343.0,1,7006
6999,57,24,28013270.0,1,7007
7000,35,15,28014219.0,1,7008
7001,88,52,28014535.0,1,7009
7002,13,60,28018537.0,1,7010
7003,24,57,28023437.0,1,7011
7004,13,60,28023565.0,1,7012
7005,17,15,28023895.0,1,7013
7006,24,57,28024099.0,1,7014
7007,15,35,28027943.0,1,7015
7008,15,17,28030802.0,1,7016
7009,35,15,28031697.0,1,7017
7010,60,49,28035359.0,1,7018
7011,70,20,28086312.0,1,7019
7012,70,1,28086312.0,1,7020
7013,43,67,28086970.0,1,7021
7014,3,43,28087562.0,1,7022
7015,88,15,28091714.0,1,7023
7016,48,54,28093166.0,1,7024
7017,15,88,28094320.0,1,7025
7018,48,24,28097403.0,1,7026
7019,54,60,28098314.0,1,7027
7020,24,54,28099871.0,1,7028
7021,83,39,28101973.0,1,7029
7022,70,20,28102863.0,1,7030
7023,70,1,28102863.0,1,7031
7024,15,88,28103528.0,1,7032
7025,20,64,28103949.0,1,7033
7026,71,9,28105465.0,1,7034
7027,71,1,28105465.0,1,7036
7028,71,30,28105465.0,1,7037
7029,71,66,28105465.0,1,7035
7030,71,9,28105777.0,1,7038
7031,71,1,28105777.0,1,7040
7032,71,66,28105777.0,1,7039
7033,71,9,28105852.0,1,7041
7034,71,66,28105852.0,1,7042
7035,71,1,28105852.0,1,7043
7036,71,66,28105890.0,1,7045
7037,71,9,28105890.0,1,7044
7038,71,1,28105890.0,1,7046
7039,2,17,28106033.0,1,7047
7040,71,9,28106051.0,1,7048
7041,71,66,28106051.0,1,7049
7042,71,1,28106051.0,1,7050
7043,71,9,28106104.0,1,7051
7044,71,66,28106104.0,1,7052
7045,71,1,28106104.0,1,7053
7046,71,1,28106288.0,1,7056
7047,71,66,28106288.0,1,7055
7048,71,9,28106288.0,1,7054
7049,77,60,28106973.0,1,7057
7050,77,54,28107597.0,1,7058
7051,49,77,28107836.0,1,7059
7052,60,54,28108100.0,1,7060
7053,77,49,28109367.0,1,7061
7054,12,39,28109445.0,1,7062
7055,60,43,28110155.0,1,7063
7056,60,16,28110155.0,1,7064
7057,82,1,28342177.0,1,7065
7058,82,39,28342224.0,1,7066
7059,82,1,28342350.0,1,7067
7060,82,1,28342479.0,1,7068
7061,82,1,28342681.0,1,7069
7062,1,71,28344820.0,1,7070
7063,1,70,28345268.0,1,7071
7064,1,71,28345456.0,1,7072
7065,1,82,28345684.0,1,7073
7066,1,71,28345735.0,1,7074
7067,1,71,28345851.0,1,7075
7068,1,71,28345931.0,1,7076
7069,1,82,28345975.0,1,7077
7070,38,5,28351325.0,1,7078
7071,38,5,28351396.0,1,7079
7072,24,63,28352957.0,1,7080
7073,57,52,28357032.0,1,7081
7074,57,52,28361524.0,1,7082
7075,18,52,28363101.0,1,7083
7076,24,54,28364813.0,1,7084
7077,80,5,28364855.0,1,7085
7078,5,80,28365756.0,1,7086
7079,22,88,28366012.0,1,7087
7080,5,80,28366444.0,1,7088
7081,80,67,28367281.0,1,7089
7082,1,71,28369590.0,1,7090
7083,1,82,28369606.0,1,7091
7084,1,70,28369624.0,1,7092
7085,24,48,28369882.0,1,7093
7086,5,15,28370250.0,1,7094
7087,24,54,28375231.0,1,7095
7088,63,18,28387545.0,1,7096
7089,70,1,28429674.0,1,7098
7090,70,20,28429674.0,1,7097
7091,54,49,28431751.0,1,7100
7092,54,60,28431751.0,1,7099
7093,18,52,28438955.0,1,7101
7094,57,52,28442995.0,1,7102
7095,57,76,28443247.0,1,7103
7096,57,76,28445525.0,1,7104
7097,62,52,28446062.0,1,7105
7098,57,52,28447169.0,1,7106
7099,54,24,28450953.0,1,7107
7100,62,52,28451407.0,1,7108
7101,38,5,28455886.0,1,7109
7102,73,60,28460686.0,1,7110
7103,24,54,28468757.0,1,7111
7104,15,5,28474701.0,1,7112
7105,54,60,28520250.0,1,7113
7106,43,37,28521454.0,1,7114
7107,20,70,28521706.0,1,7115
7108,18,52,28521712.0,1,7116
7109,39,23,28522263.0,1,7118
7110,39,83,28522263.0,1,7120
7111,39,2,28522263.0,1,7119
7112,39,19,28522263.0,1,7117
7113,39,63,28522263.0,1,7121
7114,19,39,28523176.0,1,7122
7115,18,52,28525753.0,1,7123
7116,43,3,28527273.0,1,7124
7117,24,54,28534194.0,1,7125
7118,48,54,28534793.0,1,7126
7119,54,48,28538200.0,1,7127
7120,57,52,28539530.0,1,7128
7121,85,10,28541020.0,1,7129
7122,83,2,28542705.0,1,7130
7123,54,77,28602421.0,1,7131
7124,77,54,28605451.0,1,7132
7125,1,82,28608164.0,1,7133
7126,1,71,28608176.0,1,7134
7127,49,16,28608994.0,1,7135
7128,62,52,28609178.0,1,7136
7129,54,52,28609405.0,1,7137
7130,12,25,28612256.0,1,7138
7131,44,60,28612569.0,1,7139
7132,85,73,28613211.0,1,7140
7133,64,2,28613889.0,1,7141
7134,33,73,28614058.0,1,7142
7135,62,52,28615623.0,1,7143
7136,25,12,28615877.0,1,7144
7137,52,62,28616192.0,1,7145
7138,52,62,28616641.0,1,7146
7139,52,62,28616699.0,1,7147
7140,83,25,28617497.0,1,7148
7141,25,83,28618629.0,1,7149
7142,32,25,28618736.0,1,7150
7143,62,52,28619131.0,1,7151
7144,77,49,28619144.0,1,7152
7145,62,52,28619160.0,1,7153
7146,62,52,28619189.0,1,7154
7147,85,64,28619221.0,1,7155
7148,49,77,28621681.0,1,7156
7149,25,52,28625482.0,1,7157
7150,52,62,28626047.0,1,7158
7151,52,25,28626463.0,1,7159
7152,48,78,28628615.0,1,7160
7153,25,80,28628725.0,1,7161
7154,62,23,28628913.0,1,7162
7155,18,52,28628953.0,1,7163
7156,52,18,28629227.0,1,7164
7157,80,25,28629234.0,1,7165
7158,5,15,28629315.0,1,7166
7159,5,85,28630276.0,1,7167
7160,5,38,28630276.0,1,7168
7161,43,54,28631128.0,1,7169
7162,43,67,28631240.0,1,7170
7163,48,49,28639840.0,1,7171
7164,48,16,28639840.0,1,7172
7165,12,25,28653801.0,1,7173
7166,88,25,28678793.0,1,7174
7167,88,73,28688407.0,1,7175
7168,73,88,28688547.0,1,7176
7169,88,73,28688551.0,1,7177
7170,52,57,28691216.0,1,7178
7171,67,43,28691360.0,1,7179
7172,77,60,28691500.0,1,7180
7173,25,88,28693635.0,1,7181
7174,25,80,28695395.0,1,7182
7175,88,25,28695408.0,1,7183
7176,80,25,28695812.0,1,7184
7177,52,57,28697745.0,1,7185
7178,52,18,28697745.0,1,7186
7179,25,80,28698260.0,1,7187
7180,54,43,28699089.0,1,7188
7181,52,18,28699133.0,1,7189
7182,54,17,28699372.0,1,7190
7183,18,52,28699472.0,1,7191
7184,57,52,28699517.0,1,7192
7185,43,54,28700062.0,1,7193
7186,54,43,28700263.0,1,7194
7187,52,57,28700323.0,1,7195
7188,64,2,28700511.0,1,7196
7189,52,57,28701983.0,1,7197
7190,38,85,28702464.0,1,7198
7191,25,2,28702651.0,1,7204
7192,25,85,28702651.0,1,7203
7193,25,89,28702651.0,1,7199
7194,25,64,28702651.0,1,7201
7195,25,17,28702651.0,1,7200
7196,25,35,28702651.0,1,7206
7197,25,10,28702651.0,1,7202
7198,25,20,28702651.0,1,7205
7199,43,44,28702833.0,1,7207
7200,18,52,28702975.0,1,7208
7201,60,44,28703851.0,1,7209
7202,60,17,28704428.0,1,7210
7203,15,16,28705353.0,1,7211
7204,15,16,28705444.0,1,7212
7205,44,43,28707552.0,1,7213
7206,24,26,28707554.0,1,7214
7207,24,27,28707554.0,1,7215
7208,24,35,28707554.0,1,7216
7209,24,57,28707554.0,1,7217
7210,35,56,28708816.0,1,7218
7211,82,1,28709786.0,1,7219
7212,82,1,28710235.0,1,7220
7213,82,1,28710339.0,1,7221
7214,1,64,28711939.0,1,7222
7215,1,82,28711953.0,1,7223
7216,1,71,28711959.0,1,7224
7217,1,71,28712070.0,1,7225
7218,52,18,28712073.0,1,7226
7219,1,82,28712077.0,1,7227
7220,1,64,28712501.0,1,7228
7221,1,82,28712516.0,1,7229
7222,1,71,28712614.0,1,7230
7223,1,82,28712671.0,1,7231
7224,1,71,28712675.0,1,7232
7225,1,71,28713048.0,1,7233
7226,60,44,28713762.0,1,7234
7227,60,30,28713896.0,1,7235
7228,18,52,28714073.0,1,7236
7229,60,73,28714103.0,1,7237
7230,44,60,28714380.0,1,7238
7231,30,60,28715141.0,1,7239
7232,19,26,28715249.0,1,7244
7233,19,27,28715249.0,1,7245
7234,19,38,28715249.0,1,7243
7235,19,85,28715249.0,1,7242
7236,19,37,28715249.0,1,7246
7237,19,53,28715249.0,1,7241
7238,19,46,28715249.0,1,7240
7239,19,5,28715400.0,1,7247
7240,57,24,28716027.0,1,7248
7241,24,57,28720533.0,1,7249
7242,60,30,28797888.0,1,7250
7243,1,82,28947912.0,1,7251
7244,1,71,28947915.0,1,7252
7245,88,73,28949851.0,1,7253
7246,30,60,28950029.0,1,7254
7247,88,73,28950332.0,1,7255
7248,85,83,28953128.0,1,7262
7249,85,20,28953128.0,1,7273
7250,85,17,28953128.0,1,7258
7251,85,35,28953128.0,1,7274
7252,85,27,28953128.0,1,7265
7253,85,1,28953128.0,1,7264
7254,85,21,28953128.0,1,7261
7255,85,39,28953128.0,1,7256
7256,85,44,28953128.0,1,7263
7257,85,46,28953128.0,1,7259
7258,85,31,28953128.0,1,7271
7259,85,25,28953128.0,1,7269
7260,85,23,28953128.0,1,7257
7261,85,10,28953128.0,1,7260
7262,85,58,28953128.0,1,7266
7263,85,30,28953128.0,1,7267
7264,85,2,28953128.0,1,7272
7265,85,64,28953128.0,1,7270
7266,85,8,28953128.0,1,7268
7267,73,60,28953770.0,1,7275
7268,73,88,28954004.0,1,7276
7269,57,26,28957002.0,1,7278
7270,57,24,28957002.0,1,7277
7271,49,73,28957403.0,1,7279
7272,2,10,28959925.0,1,7280
7273,49,77,28960735.0,1,7281
7274,70,20,28960904.0,1,7282
7275,70,1,28960904.0,1,7283
7276,70,1,28960926.0,1,7285
7277,70,20,28960926.0,1,7284
7278,83,39,28960984.0,1,7286
7279,1,82,28961048.0,1,7287
7280,24,48,28962424.0,1,7288
7281,2,85,28963097.0,1,7292
7282,2,64,28963097.0,1,7291
7283,2,25,28963097.0,1,7290
7284,2,89,28963097.0,1,7289
7285,2,35,28963097.0,1,7293
7286,26,24,28963207.0,1,7294
7287,57,76,28964329.0,1,7295
7288,49,43,28964398.0,1,7296
7289,13,60,28968535.0,1,7297
7290,25,17,28969970.0,1,7298
7291,88,15,28970133.0,1,7299
7292,15,88,28970403.0,1,7300
7293,17,85,28971157.0,1,7301
7294,48,24,28973044.0,1,7302
7295,85,17,28974161.0,1,7303
7296,52,73,28975772.0,1,7304
7297,25,80,28975900.0,1,7305
7298,73,52,28976466.0,1,7306
7299,24,48,28979220.0,1,7307
7300,80,32,28980002.0,1,7308
7301,54,24,29033455.0,1,7310
7302,54,67,29033455.0,1,7309
7303,54,48,29033455.0,1,7311
7304,73,12,29037498.0,1,7312
7305,88,15,29039038.0,1,7313
7306,35,25,29039836.0,1,7314
7307,67,54,29039913.0,1,7315
7308,77,49,29040459.0,1,7316
7309,3,51,29041459.0,1,7317
7310,15,88,29042325.0,1,7318
7311,52,57,29042807.0,1,7319
7312,57,52,29043217.0,1,7320
7313,60,30,29044229.0,1,7321
7314,54,73,29045017.0,1,7322
7315,73,54,29046437.0,1,7323
7316,24,48,29048046.0,1,7324
7317,52,57,29048561.0,1,7325
7318,35,25,29048861.0,1,7327
7319,35,64,29048861.0,1,7328
7320,35,10,29048861.0,1,7329
7321,35,17,29048861.0,1,7326
7322,35,2,29048861.0,1,7331
7323,35,85,29048861.0,1,7330
7324,24,48,29049028.0,1,7332
7325,57,52,29049876.0,1,7333
7326,10,17,29057602.0,1,7334
7327,80,39,29058835.0,1,7335
7328,77,81,29059010.0,1,7336
7329,88,15,29059303.0,1,7337
7330,48,24,29059644.0,1,7338
7331,30,60,29060732.0,1,7339
7332,30,44,29061849.0,1,7340
7333,1,82,29120588.0,1,7341
7334,1,71,29120653.0,1,7342
7335,1,82,29120678.0,1,7343
7336,48,24,29121004.0,1,7344
7337,63,54,29121360.0,1,7345
7338,62,52,29126487.0,1,7346
7339,70,80,29126559.0,1,7347
7340,62,52,29127548.0,1,7348
7341,54,63,29128647.0,1,7349
7342,25,80,29129119.0,1,7350
7343,80,25,29130654.0,1,7351
7344,24,48,29132465.0,1,7352
7345,24,48,29133094.0,1,7353
7346,57,52,29133357.0,1,7354
7347,52,57,29133718.0,1,7355
7348,52,62,29134397.0,1,7356
7349,52,54,29136251.0,1,7357
7350,48,25,29138647.0,1,7358
7351,48,24,29141481.0,1,7359
7352,80,76,29145215.0,1,7360
7353,82,1,29146335.0,1,7361
7354,25,48,29146915.0,1,7362
7355,1,82,29147183.0,1,7363
7356,52,62,29147331.0,1,7364
7357,48,25,29148640.0,1,7365
7358,52,62,29148797.0,1,7366
7359,17,54,29148819.0,1,7367
7360,17,10,29150693.0,1,7368
7361,17,25,29154461.0,1,7369
7362,60,16,29190883.0,1,7370
7363,76,52,29207921.0,1,7371
7364,3,43,29210427.0,1,7373
7365,3,24,29210427.0,1,7372
7366,77,60,29210468.0,1,7374
7367,52,76,29211029.0,1,7375
7368,25,80,29211274.0,1,7376
7369,24,57,29211483.0,1,7381
7370,24,26,29211483.0,1,7378
7371,24,46,29211483.0,1,7377
7372,24,27,29211483.0,1,7379
7373,24,35,29211483.0,1,7380
7374,76,52,29212452.0,1,7382
7375,43,3,29212881.0,1,7383
7376,85,1,29214825.0,1,7385
7377,85,2,29214825.0,1,7384
7378,43,56,29215432.0,1,7386
7379,13,48,29215491.0,1,7387
7380,37,22,29217437.0,1,7388
7381,37,22,29217539.0,1,7389
7382,22,56,29217739.0,1,7390
7383,48,13,29218315.0,1,7391
7384,56,22,29218582.0,1,7392
7385,83,2,29219017.0,1,7393
7386,71,66,29221350.0,1,7395
7387,71,30,29221350.0,1,7396
7388,71,9,29221350.0,1,7394
7389,71,66,29221427.0,1,7398
7390,71,9,29221427.0,1,7397
7391,71,66,29221597.0,1,7400
7392,71,9,29221597.0,1,7399
7393,85,17,29223002.0,1,7401
7394,71,66,29223174.0,1,7403
7395,71,9,29223174.0,1,7402
7396,71,1,29223174.0,1,7404
7397,71,1,29224176.0,1,7407
7398,71,9,29224176.0,1,7405
7399,71,66,29224176.0,1,7406
7400,15,14,29224765.0,1,7410
7401,15,44,29224765.0,1,7408
7402,15,33,29224765.0,1,7409
7403,35,46,29224954.0,1,7411
7404,35,26,29224954.0,1,7412
7405,35,27,29225147.0,1,7413
7406,15,88,29225156.0,1,7414
7407,80,67,29226230.0,1,7415
7408,83,2,29239778.0,1,7416
7409,17,16,29241943.0,1,7417
7410,60,21,29275872.0,1,7418
7411,60,77,29276434.0,1,7419
7412,60,17,29277049.0,1,7420
7413,9,18,29293278.0,1,7421
7414,1,82,29294544.0,1,7422
7415,82,1,29295519.0,1,7423
7416,35,8,29296928.0,1,7424
7417,26,57,29297348.0,1,7429
7418,26,27,29297348.0,1,7427
7419,26,35,29297348.0,1,7428
7420,26,46,29297348.0,1,7425
7421,26,24,29297348.0,1,7426
7422,26,57,29298008.0,1,7434
7423,26,24,29298008.0,1,7431
7424,26,46,29298008.0,1,7430
7425,26,27,29298008.0,1,7432
7426,26,35,29298008.0,1,7433
7427,26,57,29298240.0,1,7439
7428,26,24,29298240.0,1,7436
7429,26,46,29298240.0,1,7435
7430,26,27,29298240.0,1,7437
7431,26,35,29298240.0,1,7438
7432,26,24,29299848.0,1,7441
7433,26,46,29299848.0,1,7440
7434,26,35,29299848.0,1,7443
7435,26,27,29299848.0,1,7442
7436,26,57,29299848.0,1,7444
7437,26,57,29299902.0,1,7449
7438,26,35,29299902.0,1,7448
7439,26,27,29299902.0,1,7447
7440,26,24,29299902.0,1,7446
7441,26,46,29299902.0,1,7445
7442,43,77,29301914.0,1,7450
7443,3,15,29304481.0,1,7451
7444,3,15,29304742.0,1,7452
7445,25,35,29308374.0,1,7453
7446,71,66,29309337.0,1,7455
7447,71,9,29309337.0,1,7454
7448,71,1,29309337.0,1,7456
7449,71,30,29309337.0,1,7457
7450,71,66,29309521.0,1,7459
7451,71,1,29309521.0,1,7460
7452,71,9,29309521.0,1,7458
7453,71,66,29309638.0,1,7462
7454,71,30,29309638.0,1,7464
7455,71,9,29309638.0,1,7461
7456,71,1,29309638.0,1,7463
7457,71,1,29309814.0,1,7467
7458,71,66,29309814.0,1,7466
7459,71,9,29309814.0,1,7465
7460,71,30,29309814.0,1,7468
7461,71,1,29310002.0,1,7471
7462,71,30,29310002.0,1,7472
7463,71,66,29310002.0,1,7470
7464,71,9,29310002.0,1,7469
7465,71,9,29310099.0,1,7473
7466,71,66,29310099.0,1,7474
7467,71,1,29310099.0,1,7475
7468,1,71,29310358.0,1,7476
7469,1,71,29310526.0,1,7477
7470,52,18,29311285.0,1,7478
7471,1,2,29311803.0,1,7479
7472,1,82,29311941.0,1,7480
7473,1,82,29311962.0,1,7481
7474,1,2,29312811.0,1,7482
7475,21,60,29313343.0,1,7483
7476,77,73,29316571.0,1,7484
7477,52,18,29317061.0,1,7485
7478,18,52,29317299.0,1,7486
7479,73,77,29318104.0,1,7487
7480,48,54,29318119.0,1,7488
7481,73,88,29318348.0,1,7489
7482,52,18,29319747.0,1,7490
7483,17,60,29327146.0,1,7491
7484,17,73,29327146.0,1,7492
7485,20,35,29423151.0,1,7493
7486,71,30,29478443.0,1,7497
7487,71,1,29478443.0,1,7496
7488,71,66,29478443.0,1,7495
7489,71,9,29478443.0,1,7494
7490,1,82,29553564.0,1,7498
7491,1,71,29553587.0,1,7499
7492,1,82,29553624.0,1,7500
7493,1,71,29553730.0,1,7501
7494,52,18,29556768.0,1,7504
7495,52,57,29556768.0,1,7502
7496,52,48,29556768.0,1,7503
7497,48,54,29557840.0,1,7505
7498,48,57,29557840.0,1,7507
7499,48,18,29557840.0,1,7508
7500,48,52,29557840.0,1,7506
7501,35,20,29558178.0,1,7509
7502,52,18,29558904.0,1,7510
7503,52,54,29561181.0,1,7511
7504,52,18,29561181.0,1,7512
7505,77,17,29562519.0,1,7513
7506,70,20,29563682.0,1,7514
7507,70,1,29563682.0,1,7515
7508,54,52,29567438.0,1,7516
7509,54,24,29570489.0,1,7517
7510,54,48,29570489.0,1,7518
7511,43,56,29570529.0,1,7519
7512,43,3,29570578.0,1,7520
7513,52,54,29570606.0,1,7521
7514,43,37,29572524.0,1,7522
7515,83,39,29576951.0,1,7523
7516,39,83,29579376.0,1,7524
7517,48,54,29582897.0,1,7525
7518,54,52,29583252.0,1,7526
7519,49,43,29584336.0,1,7527
7520,17,10,29585183.0,1,7528
7521,18,52,29585401.0,1,7529
7522,52,57,29587993.0,1,7530
7523,57,52,29589088.0,1,7531
7524,52,18,29589182.0,1,7532
7525,52,57,29589584.0,1,7533
7526,57,52,29592434.0,1,7534
7527,57,52,29592546.0,1,7535
7528,48,25,29637799.0,1,7536
7529,52,57,29638429.0,1,7537
7530,1,71,29639883.0,1,7538
7531,1,71,29639969.0,1,7539
7532,82,1,29641223.0,1,7540
7533,18,52,29646728.0,1,7541
7534,70,1,29647301.0,1,7543
7535,70,20,29647301.0,1,7542
7536,52,18,29647338.0,1,7544
7537,25,48,29648089.0,1,7545
7538,10,17,29649292.0,1,7546
7539,77,60,29650529.0,1,7547
7540,48,25,29651308.0,1,7548
7541,57,52,29652497.0,1,7549
7542,52,57,29654059.0,1,7550
7543,52,18,29654459.0,1,7551
7544,52,76,29657135.0,1,7552
7545,88,15,29657766.0,1,7553
7546,57,52,29658827.0,1,7554
7547,57,52,29661306.0,1,7555
7548,88,73,29661652.0,1,7556
7549,52,57,29662562.0,1,7557
7550,1,82,29664469.0,1,7558
7551,1,71,29664486.0,1,7559
7552,18,83,29665751.0,1,7560
7553,52,57,29665933.0,1,7561
7554,57,52,29669347.0,1,7562
7555,49,48,29671442.0,1,7563
7556,57,52,29676947.0,1,7564
7557,52,57,29677512.0,1,7565
7558,52,57,29682266.0,1,7566
7559,48,54,29723877.0,1,7567
7560,66,59,29724784.0,1,7570
7561,66,9,29724784.0,1,7568
7562,66,8,29724784.0,1,7569
7563,1,71,29726524.0,1,7571
7564,1,70,29726533.0,1,7572
7565,54,48,29727922.0,1,7573
7566,88,54,29729475.0,1,7574
7567,48,54,29729777.0,1,7575
7568,54,88,29729813.0,1,7576
7569,15,88,29731323.0,1,7577
7570,54,63,29731766.0,1,7578
7571,80,76,29732886.0,1,7579
7572,38,5,29734785.0,1,7580
7573,38,5,29735229.0,1,7581
7574,54,63,29737146.0,1,7582
7575,1,82,29741615.0,1,7583
7576,1,82,29741643.0,1,7584
7577,1,82,29741675.0,1,7585
7578,38,5,29748400.0,1,7586
7579,71,83,29749217.0,1,7587
7580,82,1,29749337.0,1,7588
7581,77,73,29749992.0,1,7590
7582,77,49,29749992.0,1,7589
7583,49,77,29751205.0,1,7591
7584,77,49,29752963.0,1,7592
7585,77,60,29753180.0,1,7593
7586,77,73,29753180.0,1,7594
7587,54,22,29754985.0,1,7595
7588,54,52,29756079.0,1,7596
7589,22,54,29756550.0,1,7597
7590,83,18,29756660.0,1,7599
7591,83,71,29756660.0,1,7598
7592,52,54,29757815.0,1,7600
7593,48,78,29759498.0,1,7601
7594,48,73,29763932.0,1,7602
7595,12,60,29777238.0,1,7603
7596,52,62,29812751.0,1,7604
7597,54,52,29815047.0,1,7605
7598,62,52,29815844.0,1,7606
7599,52,62,29815846.0,1,7607
7600,62,52,29817373.0,1,7608
7601,70,20,29817577.0,1,7609
7602,70,1,29817577.0,1,7610
7603,52,62,29817786.0,1,7611
7604,73,48,29820842.0,1,7612
7605,25,80,29821101.0,1,7613
7606,26,25,29821636.0,1,7614
7607,52,54,29821698.0,1,7615
7608,52,62,29821734.0,1,7616
7609,52,62,29821906.0,1,7617
7610,52,62,29822504.0,1,7618
7611,25,26,29823009.0,1,7619
7612,83,18,29825862.0,1,7621
7613,83,71,29825862.0,1,7620
7614,73,52,29827105.0,1,7622
7615,62,52,29827125.0,1,7623
7616,71,30,29827300.0,1,7627
7617,71,66,29827300.0,1,7625
7618,71,9,29827300.0,1,7624
7619,71,1,29827300.0,1,7626
7620,52,73,29827616.0,1,7628
7621,54,52,29827742.0,1,7629
7622,52,62,29827772.0,1,7630
7623,52,54,29828360.0,1,7631
7624,52,62,29828360.0,1,7632
7625,52,57,29829511.0,1,7633
7626,54,52,29830818.0,1,7634
7627,52,62,29832195.0,1,7636
7628,52,54,29832195.0,1,7635
7629,62,60,29835986.0,1,7637
7630,54,52,29837081.0,1,7638
7631,52,32,29838582.0,1,7639
7632,80,25,29843137.0,1,7640
7633,80,70,29843398.0,1,7641
7634,25,35,29846106.0,1,7642
7635,25,80,29846587.0,1,7643
7636,57,52,29848787.0,1,7644
7637,10,23,29848969.0,1,7645
7638,54,60,29982060.0,1,7646
7639,70,20,29983409.0,1,7647
7640,70,1,29983409.0,1,7648
7641,77,73,29986267.0,1,7649
7642,24,26,30002813.0,1,7650
7643,26,24,30003294.0,1,7651
7644,24,26,30004012.0,1,7652
7645,26,24,30004283.0,1,7653
7646,44,30,30004855.0,1,7654
7647,43,80,30005313.0,1,7655
7648,64,85,30006995.0,1,7656
7649,24,26,30007550.0,1,7657
7650,82,1,30008084.0,1,7658
7651,35,85,30018286.0,1,7659
7652,85,64,30108628.0,1,7660
7653,88,25,30158735.0,1,7661
7654,88,25,30158829.0,1,7662
7655,88,15,30172122.0,1,7663
7656,2,83,30174921.0,1,7664
7657,15,88,30186860.0,1,7665
7658,54,48,30241568.0,1,7666
7659,37,19,30246005.0,1,7667
7660,82,1,30246088.0,1,7668
7661,19,46,30247310.0,1,7669
7662,19,85,30247310.0,1,7671
7663,19,38,30247310.0,1,7672
7664,19,37,30247310.0,1,7675
7665,19,27,30247310.0,1,7674
7666,19,26,30247310.0,1,7673
7667,19,53,30247310.0,1,7670
7668,19,5,30247357.0,1,7676
7669,3,43,30250709.0,1,7677
7670,25,88,30252090.0,1,7678
7671,60,13,30254251.0,1,7679
7672,13,60,30258142.0,1,7680
7673,64,17,30267455.0,1,7681
7674,23,58,30270232.0,1,7682
7675,54,63,30272063.0,1,7685
7676,54,76,30272063.0,1,7683
7677,54,24,30272063.0,1,7684
7678,83,25,30275121.0,1,7686
7679,83,56,30276085.0,1,7687
7680,25,83,30276478.0,1,7688
7681,26,57,30278880.0,1,7693
7682,26,35,30278880.0,1,7692
7683,26,46,30278880.0,1,7689
7684,26,24,30278880.0,1,7690
7685,26,27,30278880.0,1,7691
7686,60,17,30279523.0,1,7694
7687,48,54,30286810.0,1,7695
7688,48,63,30287899.0,1,7697
7689,48,24,30287899.0,1,7696
7690,48,24,30308156.0,1,7698
7691,54,48,30328414.0,1,7699
7692,88,15,30330390.0,1,7700
7693,88,25,30331663.0,1,7701
7694,80,76,30337381.0,1,7702
7695,32,52,30340750.0,1,7703
7696,26,35,30342018.0,1,7707
7697,26,24,30342018.0,1,7705
7698,26,27,30342018.0,1,7706
7699,26,46,30342018.0,1,7704
7700,26,57,30342018.0,1,7708
7701,25,80,30344528.0,1,7709
7702,80,25,30345508.0,1,7710
7703,43,60,30349075.0,1,7711
7704,25,80,30352310.0,1,7712
7705,26,27,30352397.0,1,7715
7706,26,46,30352397.0,1,7713
7707,26,24,30352397.0,1,7714
7708,26,35,30352397.0,1,7716
7709,26,57,30352397.0,1,7717
7710,17,10,30355566.0,1,7718
7711,33,14,30356456.0,1,7719
7712,49,54,30356556.0,1,7720
7713,49,54,30356604.0,1,7721
7714,49,54,30356712.0,1,7722
7715,80,25,30357457.0,1,7723
7716,25,17,30358157.0,1,7724
7717,43,80,30361963.0,1,7725
7718,35,25,30363378.0,1,7726
7719,48,24,30366477.0,1,7727
7720,24,48,30367913.0,1,7728
7721,48,24,30368354.0,1,7729
7722,48,24,30368376.0,1,7730
7723,24,48,30368393.0,1,7731
7724,24,48,30368431.0,1,7732
7725,85,64,30369502.0,1,7733
7726,64,85,30414422.0,1,7734
7727,82,1,30415683.0,1,7735
7728,1,39,30418424.0,1,7736
7729,1,82,30418425.0,1,7737
7730,1,71,30418427.0,1,7738
7731,88,73,30419252.0,1,7739
7732,73,88,30419761.0,1,7740
7733,15,25,30420425.0,1,7741
7734,15,35,30420425.0,1,7742
7735,52,62,30420478.0,1,7743
7736,52,62,30420893.0,1,7744
7737,35,80,30424077.0,1,7745
7738,52,62,30424557.0,1,7746
7739,62,52,30426449.0,1,7747
7740,62,52,30427358.0,1,7748
7741,52,62,30427757.0,1,7749
7742,52,62,30428483.0,1,7750
7743,2,85,30429407.0,1,7751
7744,15,88,30433189.0,1,7752
7745,26,46,30433278.0,1,7753
7746,88,25,30437603.0,1,7754
7747,88,30,30437711.0,1,7755
7748,35,26,30437762.0,1,7756
7749,26,35,30439749.0,1,7757
7750,15,88,30441782.0,1,7758
7751,85,2,30443209.0,1,7759
7752,1,71,30443406.0,1,7760
7753,35,26,30443444.0,1,7761
7754,2,85,30446862.0,1,7762
7755,80,35,30449337.0,1,7763
7756,5,38,30449357.0,1,7764
7757,57,52,30450985.0,1,7765
7758,46,85,30451685.0,1,7766
7759,52,57,30452583.0,1,7767
7760,52,32,30453274.0,1,7768
7761,35,39,30459781.0,1,7769
7762,32,52,30461884.0,1,7770
7763,30,88,30470660.0,1,7771
7764,85,46,30474326.0,1,7772
7765,82,1,30501733.0,1,7773
7766,82,1,30501997.0,1,7774
7767,39,35,30505192.0,1,7775
7768,83,2,30509590.0,1,7776
7769,52,48,30515833.0,1,7777
7770,15,49,30516395.0,1,7778
7771,35,80,30516871.0,1,7779
7772,70,20,30518022.0,1,7780
7773,70,1,30518022.0,1,7781
7774,80,35,30521788.0,1,7782
7775,71,1,30523425.0,1,7783
7776,71,30,30523425.0,1,7784
7777,71,1,30523585.0,1,7787
7778,71,66,30523585.0,1,7786
7779,71,9,30523585.0,1,7785
7780,71,30,30523585.0,1,7788
7781,71,1,30523624.0,1,7791
7782,71,9,30523624.0,1,7789
7783,71,66,30523624.0,1,7790
7784,44,85,30524840.0,1,7792
7785,26,57,30524880.0,1,7797
7786,26,35,30524880.0,1,7796
7787,26,24,30524880.0,1,7794
7788,26,27,30524880.0,1,7795
7789,26,46,30524880.0,1,7793
7790,3,43,30525020.0,1,7799
7791,3,24,30525020.0,1,7798
7792,58,5,30525038.0,1,7800
7793,24,48,30526964.0,1,7801
7794,49,43,30530703.0,1,7802
7795,66,8,30532042.0,1,7803
7796,83,39,30532854.0,1,7804
7797,43,80,30534388.0,1,7805
7798,48,24,30537620.0,1,7806
7799,85,64,30559881.0,1,7807
7800,48,52,30560088.0,1,7809
7801,48,54,30560088.0,1,7808
7802,48,54,30560427.0,1,7810
7803,85,35,30563334.0,1,7811
7804,85,44,30564349.0,1,7812
7805,82,1,30588159.0,1,7813
7806,52,54,30588712.0,1,7814
7807,80,25,30592300.0,1,7815
7808,88,86,30592784.0,1,7816
7809,88,16,30592784.0,1,7817
7810,52,37,30594884.0,1,7818
7811,35,85,30594906.0,1,7819
7812,52,18,30597935.0,1,7820
7813,88,25,30598905.0,1,7821
7814,25,80,30598969.0,1,7822
7815,33,15,30600858.0,1,7823
7816,32,5,30603205.0,1,7824
7817,1,2,30603334.0,1,7825
7818,39,83,30604109.0,1,7826
7819,32,5,30606179.0,1,7827
7820,83,39,30606532.0,1,7828
7821,5,32,30606817.0,1,7829
7822,5,38,30606830.0,1,7830
7823,5,32,30608348.0,1,7831
7824,18,52,30612774.0,1,7832
7825,26,24,30613273.0,1,7834
7826,26,27,30613273.0,1,7835
7827,26,46,30613273.0,1,7833
7828,26,35,30613273.0,1,7836
7829,26,57,30613273.0,1,7837
7830,52,18,30615189.0,1,7838
7831,80,43,30620131.0,1,7839
7832,80,25,30621292.0,1,7840
7833,25,80,30630225.0,1,7841
7834,80,25,30630343.0,1,7842
7835,5,38,30637554.0,1,7843
7836,48,24,30640677.0,1,7844
7837,76,80,30847434.0,1,7845
7838,64,85,30848192.0,1,7846
7839,88,25,30851094.0,1,7847
7840,88,15,30851293.0,1,7848
7841,52,57,30851467.0,1,7849
7842,43,80,30854580.0,1,7850
7843,77,60,30856377.0,1,7852
7844,77,17,30856377.0,1,7851
7845,25,88,30856418.0,1,7853
7846,63,54,30856595.0,1,7854
7847,63,54,30856695.0,1,7855
7848,49,54,30861616.0,1,7856
7849,37,52,30862672.0,1,7857
7850,15,88,30863051.0,1,7861
7851,15,14,30863051.0,1,7858
7852,15,35,30863051.0,1,7860
7853,15,33,30863051.0,1,7859
7854,52,37,30863864.0,1,7862
7855,54,52,30864516.0,1,7863
7856,71,1,30865101.0,1,7865
7857,71,30,30865101.0,1,7866
7858,71,9,30865101.0,1,7864
7859,52,54,30865792.0,1,7867
7860,77,73,30866506.0,1,7868
7861,49,43,30866710.0,1,7870
7862,49,56,30866710.0,1,7869
7863,77,17,30867285.0,1,7871
7864,57,52,30867702.0,1,7872
7865,57,73,30867708.0,1,7873
7866,54,60,30868905.0,1,7874
7867,25,60,30870542.0,1,7875
7868,54,63,30870604.0,1,7876
7869,54,73,30870872.0,1,7877
7870,73,17,30873232.0,1,7878
7871,85,64,30873358.0,1,7879
7872,17,10,30874324.0,1,7880
7873,10,17,30879011.0,1,7881
7874,64,85,30879639.0,1,7882
7875,52,57,30883412.0,1,7883
7876,85,64,30890417.0,1,7884
7877,63,54,30935680.0,1,7885
7878,77,17,30939514.0,1,7886
7879,10,23,30939727.0,1,7887
7880,64,85,30941121.0,1,7888
7881,63,54,30946565.0,1,7889
7882,71,1,30950018.0,1,7891
7883,71,9,30950018.0,1,7890
7884,52,78,30954007.0,1,7892
7885,57,78,30954075.0,1,7893
7886,48,24,30957360.0,1,7894
7887,24,48,30957656.0,1,7895
7888,78,52,30957813.0,1,7896
7889,85,64,30958615.0,1,7897
7890,89,2,30959095.0,1,7901
7891,89,35,30959095.0,1,7902
7892,89,85,30959095.0,1,7900
7893,89,64,30959095.0,1,7899
7894,89,25,30959095.0,1,7898
7895,25,88,30960586.0,1,7903
7896,48,26,30961117.0,1,7904
7897,26,48,30961459.0,1,7905
7898,64,85,30963837.0,1,7906
7899,2,89,30978387.0,1,7907
7900,82,1,31020400.0,1,7908
7901,82,1,31020597.0,1,7909
7902,54,48,31022094.0,1,7910
7903,1,71,31022837.0,1,7911
7904,48,54,31023044.0,1,7912
7905,48,54,31023425.0,1,7914
7906,48,60,31023425.0,1,7913
7907,48,5,31027498.0,1,7915
7908,38,5,31029913.0,1,7916
7909,54,63,31030192.0,1,7917
7910,60,16,31030354.0,1,7918
7911,26,27,31031305.0,1,7921
7912,26,24,31031305.0,1,7920
7913,26,46,31031305.0,1,7919
7914,26,57,31031305.0,1,7923
7915,26,35,31031305.0,1,7922
7916,26,46,31035208.0,1,7924
7917,26,27,31035208.0,1,7926
7918,26,57,31035208.0,1,7928
7919,26,35,31035208.0,1,7927
7920,26,24,31035208.0,1,7925
7921,87,85,31035743.0,1,7929
7922,35,25,31037250.0,1,7930
7923,48,63,31043353.0,1,7933
7924,48,54,31043353.0,1,7931
7925,48,24,31043353.0,1,7932
7926,88,25,31045190.0,1,7934
7927,71,66,31046310.0,1,7936
7928,71,1,31046310.0,1,7937
7929,71,9,31046310.0,1,7935
7930,71,66,31046714.0,1,7939
7931,71,1,31046714.0,1,7940
7932,71,9,31046714.0,1,7938
7933,71,66,31047085.0,1,7942
7934,71,1,31047085.0,1,7943
7935,71,30,31047085.0,1,7944
7936,71,9,31047085.0,1,7941
7937,25,88,31048124.0,1,7945
7938,60,56,31048520.0,1,7946
7939,15,35,31048868.0,1,7947
7940,48,5,31049640.0,1,7948
7941,85,87,31049687.0,1,7949
7942,5,48,31053706.0,1,7950
7943,52,78,31054379.0,1,7951
7944,52,78,31055032.0,1,7952
7945,15,88,31067903.0,1,7953
7946,62,52,31111458.0,1,7954
7947,62,60,31113822.0,1,7955
7948,35,56,31117415.0,1,7956
7949,70,1,31119615.0,1,7958
7950,70,20,31119615.0,1,7957
7951,1,71,31119648.0,1,7959
7952,62,52,31119988.0,1,7960
7953,52,62,31121091.0,1,7961
7954,49,43,31121120.0,1,7963
7955,49,56,31121120.0,1,7962
7956,77,73,31122074.0,1,7964
7957,38,5,31122583.0,1,7965
7958,56,25,31125538.0,1,7966
7959,52,62,31125935.0,1,7967
7960,52,62,31126111.0,1,7968
7961,70,20,31126590.0,1,7969
7962,70,1,31126590.0,1,7970
7963,49,56,31126619.0,1,7971
7964,49,67,31126619.0,1,7972
7965,49,80,31126619.0,1,7976
7966,49,43,31126619.0,1,7973
7967,49,50,31126619.0,1,7975
7968,49,55,31126619.0,1,7974
7969,70,20,31127026.0,1,7977
7970,70,1,31127026.0,1,7978
7971,62,52,31128562.0,1,7979
7972,52,62,31129445.0,1,7980
7973,62,60,31129466.0,1,7981
7974,25,80,31129512.0,1,7982
7975,60,16,31130468.0,1,7984
7976,60,17,31130468.0,1,7983
7977,60,17,31133336.0,1,7985
7978,60,16,31133336.0,1,7986
7979,78,52,31133798.0,1,7987
7980,48,24,31134549.0,1,7988
7981,60,22,31136311.0,1,7989
7982,52,78,31137695.0,1,7990
7983,24,48,31139965.0,1,7991
7984,38,5,31140394.0,1,7992
7985,58,25,31145797.0,1,7993
7986,25,58,31161035.0,1,7994
7987,15,88,31164491.0,1,7995
7988,85,64,31165540.0,1,7996
7989,64,85,31193678.0,1,7997
7990,1,71,31195324.0,1,7998
7991,1,71,31196084.0,1,7999
7992,88,15,31197375.0,1,8000
7993,52,76,31197776.0,1,8001
7994,52,57,31197776.0,1,8002
7995,76,52,31199317.0,1,8003
7996,49,54,31200933.0,1,8004
7997,15,88,31201462.0,1,8005
7998,10,63,31202653.0,1,8006
7999,82,1,31203692.0,1,8007
8000,82,1,31203743.0,1,8008
8001,49,54,31203904.0,1,8009
8002,82,1,31203930.0,1,8010
8003,18,52,31204060.0,1,8011
8004,43,82,31204334.0,1,8012
8005,70,82,31204587.0,1,8013
8006,3,82,31205014.0,1,8014
8007,49,54,31206891.0,1,8015
8008,60,16,31207339.0,1,8016
8009,1,71,31208271.0,1,8017
8010,1,71,31208817.0,1,8018
8011,76,82,31209297.0,1,8019
8012,35,15,31209744.0,1,8020
8013,44,60,31210689.0,1,8021
8014,73,82,31211070.0,1,8022
8015,39,23,31211150.0,1,8023
8016,5,58,31211675.0,1,8024
8017,71,9,31213261.0,1,8025
8018,71,66,31213261.0,1,8026
8019,71,1,31213308.0,1,8028
8020,71,9,31213308.0,1,8027
8021,71,1,31213430.0,1,8031
8022,71,9,31213430.0,1,8029
8023,71,66,31213430.0,1,8030
8024,71,58,31213430.0,1,8032
8025,38,5,31216792.0,1,8033
8026,88,16,31216793.0,1,8035
8027,88,73,31216793.0,1,8034
8028,44,62,31217385.0,1,8041
8029,44,30,31217385.0,1,8045
8030,44,88,31217385.0,1,8046
8031,44,9,31217385.0,1,8036
8032,44,59,31217385.0,1,8040
8033,44,60,31217385.0,1,8037
8034,44,23,31217385.0,1,8038
8035,44,8,31217385.0,1,8039
8036,44,66,31217385.0,1,8042
8037,44,21,31217385.0,1,8043
8038,44,58,31217385.0,1,8044
8039,86,88,31220703.0,1,8047
8040,48,54,31221522.0,1,8048
8041,60,16,31228211.0,1,8050
8042,60,17,31228211.0,1,8049
8043,50,49,31232207.0,1,8051
8044,52,18,31388377.0,1,8052
8045,85,64,31425191.0,1,8053
8046,77,60,31460442.0,1,8054
8047,19,53,31460654.0,1,8056
8048,19,46,31460654.0,1,8055
8049,19,26,31460654.0,1,8059
8050,19,38,31460654.0,1,8058
8051,19,37,31460654.0,1,8061
8052,19,27,31460654.0,1,8060
8053,19,85,31460654.0,1,8057
8054,19,5,31460723.0,1,8062
8055,38,82,31462242.0,1,8063
8056,77,60,31470971.0,1,8064
8057,60,16,31474117.0,1,8065
8058,60,44,31474840.0,1,8066
8059,48,24,31477117.0,1,8067
8060,70,80,31477225.0,1,8068
8061,24,48,31477253.0,1,8069
8062,48,24,31477402.0,1,8070
8063,80,49,31477974.0,1,8071
8064,24,48,31478016.0,1,8072
8065,60,77,31478416.0,1,8073
8066,77,60,31480614.0,1,8074
8067,49,43,31484738.0,1,8075
8068,73,60,31541111.0,1,8076
8069,52,73,31545115.0,1,8077
8070,35,49,31545494.0,1,8078
8071,49,35,31545797.0,1,8079
8072,15,14,31548455.0,1,8082
8073,15,44,31548455.0,1,8080
8074,15,33,31548455.0,1,8081
8075,2,83,31548497.0,1,8083
8076,5,58,31549680.0,1,8084
8077,44,58,31549996.0,1,8085
8078,5,38,31550047.0,1,8086
8079,5,38,31550312.0,1,8087
8080,58,5,31550443.0,1,8088
8081,52,18,31550498.0,1,8089
8082,3,24,31551291.0,1,8090
8083,52,76,31552319.0,1,8091
8084,35,49,31553352.0,1,8092
8085,73,52,31554328.0,1,8093
8086,76,52,31555143.0,1,8094
8087,70,20,31555810.0,1,8095
8088,70,1,31555810.0,1,8096
8089,70,20,31556097.0,1,8097
8090,70,1,31556097.0,1,8098
8091,70,43,31556256.0,1,8100
8092,70,80,31556256.0,1,8101
8093,70,56,31556256.0,1,8099
8094,52,76,31559811.0,1,8102
8095,70,80,31560638.0,1,8103
8096,35,39,31562741.0,1,8104
8097,76,52,31567594.0,1,8105
8098,39,35,31568063.0,1,8106
8099,52,37,31571353.0,1,8107
8100,70,20,31623986.0,1,8108
8101,70,1,31623986.0,1,8109
8102,64,85,31625286.0,1,8110
8103,52,37,31625659.0,1,8112
8104,52,60,31625659.0,1,8111
8105,48,49,31628480.0,1,8113
8106,77,60,31629819.0,1,8114
8107,77,60,31629915.0,1,8115
8108,77,60,31629939.0,1,8116
8109,26,35,31632913.0,1,8120
8110,26,24,31632913.0,1,8118
8111,26,46,31632913.0,1,8117
8112,26,57,31632913.0,1,8121
8113,26,27,31632913.0,1,8119
8114,35,57,31633446.0,1,8122
8115,3,43,31636422.0,1,8123
8116,15,49,31636441.0,1,8124
8117,70,1,31636575.0,1,8126
8118,70,20,31636575.0,1,8125
8119,44,60,31636664.0,1,8127
8120,3,43,31637467.0,1,8128
8121,70,43,31640454.0,1,8129
8122,70,1,31640454.0,1,8131
8123,70,20,31640454.0,1,8130
8124,70,80,31640454.0,1,8132
8125,60,52,31641561.0,1,8133
8126,43,3,31641769.0,1,8134
8127,52,60,31642170.0,1,8135
8128,25,21,31648420.0,1,8136
8129,3,43,31650126.0,1,8137
8130,3,43,31650259.0,1,8138
8131,77,21,31650320.0,1,8139
8132,83,2,31652560.0,1,8140
8133,38,5,31655263.0,1,8141
8134,18,52,31657967.0,1,8142
8135,52,18,31661062.0,1,8143
8136,88,73,31675327.0,1,8144
8137,57,35,31694540.0,1,8145
8138,76,57,31711541.0,1,8146
8139,52,57,31712292.0,1,8147
8140,73,88,31713564.0,1,8148
8141,76,57,31715562.0,1,8149
8142,35,24,31716664.0,1,8151
8143,35,46,31716664.0,1,8150
8144,35,26,31716664.0,1,8152
8145,14,44,31716993.0,1,8153
8146,77,60,31718636.0,1,8154
8147,43,54,31720742.0,1,8158
8148,43,56,31720742.0,1,8156
8149,43,17,31720742.0,1,8157
8150,43,49,31720742.0,1,8155
8151,77,60,31725711.0,1,8159
8152,83,44,31726555.0,1,8160
8153,77,60,31726612.0,1,8161
8154,83,44,31726739.0,1,8162
8155,87,56,31729304.0,1,8163
8156,15,33,31729947.0,1,8165
8157,15,14,31729947.0,1,8166
8158,15,44,31729947.0,1,8164
8159,87,56,31730660.0,1,8167
8160,56,87,31730811.0,1,8168
8161,25,17,31731703.0,1,8169
8162,52,18,31732045.0,1,8171
8163,52,76,31732045.0,1,8170
8164,18,52,31733266.0,1,8172
8165,67,57,31733608.0,1,8173
8166,76,52,31734704.0,1,8174
8167,49,17,31738204.0,1,8175
8168,75,85,31739708.0,1,8176
8169,17,49,31740769.0,1,8177
8170,23,29,31744767.0,1,8187
8171,23,21,31744767.0,1,8185
8172,23,44,31744767.0,1,8186
8173,23,6,31744767.0,1,8183
8174,23,71,31744767.0,1,8188
8175,23,58,31744767.0,1,8189
8176,23,30,31744767.0,1,8190
8177,23,47,31744767.0,1,8191
8178,23,66,31744767.0,1,8184
8179,23,8,31744767.0,1,8180
8180,23,59,31744767.0,1,8181
8181,23,9,31744767.0,1,8178
8182,23,60,31744767.0,1,8179
8183,23,62,31744767.0,1,8182
8184,85,75,31745491.0,1,8192
8185,57,76,31768041.0,1,8193
8186,83,39,31800014.0,1,8194
8187,52,76,31802139.0,1,8195
8188,13,39,31804126.0,1,8196
8189,75,44,31804718.0,1,8197
8190,76,57,31807277.0,1,8198
8191,76,52,31807491.0,1,8199
8192,56,83,31807693.0,1,8200
8193,56,87,31807735.0,1,8201
8194,70,1,31808110.0,1,8203
8195,70,20,31808110.0,1,8202
8196,13,5,31809566.0,1,8204
8197,30,44,31810249.0,1,8205
8198,60,39,31810490.0,1,8206
8199,24,26,31810823.0,1,8207
8200,24,46,31810823.0,1,8208
8201,24,57,31810823.0,1,8209
8202,26,24,31810934.0,1,8210
8203,24,57,31811764.0,1,8211
8204,5,38,31813249.0,1,8212
8205,5,38,31814660.0,1,8213
8206,83,56,31814701.0,1,8214
8207,5,13,31820569.0,1,8215
8208,77,17,31821502.0,1,8216
8209,52,18,31823505.0,1,8217
8210,5,13,31827257.0,1,8218
8211,87,56,31827260.0,1,8219
8212,60,5,31827594.0,1,8220
8213,83,2,31828986.0,1,8221
8214,17,60,31830778.0,1,8222
8215,60,17,31830969.0,1,8223
8216,15,49,31892781.0,1,8224
8217,18,52,31896177.0,1,8225
8218,35,15,31901060.0,1,8226
8219,15,35,31910460.0,1,8227
8220,2,83,31912035.0,1,8228
8221,83,2,31932121.0,1,8229
8222,80,25,32057231.0,1,8230
8223,76,52,32060033.0,1,8231
8224,48,63,32060825.0,1,8232
8225,19,53,32062073.0,1,8234
8226,19,26,32062073.0,1,8237
8227,19,27,32062073.0,1,8238
8228,19,85,32062073.0,1,8235
8229,19,37,32062073.0,1,8239
8230,19,38,32062073.0,1,8236
8231,19,46,32062073.0,1,8233
8232,83,2,32062189.0,1,8240
8233,35,8,32063994.0,1,8242
8234,35,48,32063994.0,1,8245
8235,35,19,32063994.0,1,8241
8236,35,27,32063994.0,1,8244
8237,35,46,32063994.0,1,8243
8238,48,35,32064402.0,1,8246
8239,2,89,32064783.0,1,8247
8240,2,20,32064783.0,1,8251
8241,2,35,32064783.0,1,8252
8242,2,64,32064783.0,1,8249
8243,2,25,32064783.0,1,8248
8244,2,10,32064783.0,1,8250
8245,77,25,32067041.0,1,8253
8246,18,52,32067105.0,1,8254
8247,19,35,32067933.0,1,8255
8248,83,2,32070065.0,1,8256
8249,25,77,32070662.0,1,8257
8250,60,21,32071491.0,1,8258
8251,77,25,32071785.0,1,8259
8252,33,15,32071870.0,1,8260
8253,15,73,32071921.0,1,8261
8254,83,2,32072530.0,1,8262
8255,38,5,32073061.0,1,8263
8256,3,43,32073144.0,1,8264
8257,3,37,32073144.0,1,8265
8258,44,73,32073585.0,1,8266
8259,44,73,32073601.0,1,8267
8260,54,48,32075223.0,1,8268
8261,49,15,32075608.0,1,8269
8262,48,24,32077660.0,1,8270
8263,3,24,32077926.0,1,8271
8264,67,24,32079926.0,1,8272
8265,3,24,32080527.0,1,8273
8266,15,14,32081443.0,1,8276
8267,15,44,32081443.0,1,8274
8268,15,33,32081443.0,1,8275
8269,30,60,32083563.0,1,8277
8270,83,2,32084717.0,1,8278
8271,15,17,32085668.0,1,8280
8272,15,44,32085668.0,1,8281
8273,15,60,32085668.0,1,8279
8274,23,47,32089358.0,1,8282
8275,24,3,32092484.0,1,8283
8276,60,17,32093209.0,1,8284
8277,2,89,32100120.0,1,8285
8278,2,10,32100120.0,1,8286
8279,2,20,32100120.0,1,8287
8280,10,17,32101813.0,1,8288
8281,80,24,32103147.0,1,8289
8282,77,60,32148572.0,1,8291
8283,77,17,32148572.0,1,8290
8284,63,14,32148591.0,1,8292
8285,48,57,32150201.0,1,8293
8286,24,26,32150700.0,1,8295
8287,24,46,32150700.0,1,8294
8288,71,44,32155859.0,1,8296
8289,70,20,32156391.0,1,8297
8290,70,1,32156391.0,1,8298
8291,70,80,32156391.0,1,8299
8292,44,85,32157669.0,1,8300
8293,44,64,32159312.0,1,8301
8294,44,64,32159474.0,1,8302
8295,44,64,32159505.0,1,8303
8296,44,64,32159568.0,1,8304
8297,49,37,32160350.0,1,8305
8298,17,64,32160473.0,1,8306
8299,53,37,32162233.0,1,8307
8300,46,19,32163551.0,1,8308
8301,71,64,32165857.0,1,8309
8302,60,54,32167694.0,1,8310
8303,54,60,32168025.0,1,8311
8304,60,73,32169520.0,1,8312
8305,14,44,32231888.0,1,8313
8306,14,15,32231992.0,1,8314
8307,35,2,32232565.0,1,8317
8308,35,20,32232565.0,1,8318
8309,35,25,32232565.0,1,8315
8310,35,64,32232565.0,1,8316
8311,35,26,32232626.0,1,8321
8312,35,46,32232626.0,1,8319
8313,35,24,32232626.0,1,8320
8314,35,57,32232626.0,1,8322
8315,1,82,32232699.0,1,8323
8316,60,44,32234433.0,1,8324
8317,77,25,32235694.0,1,8325
8318,77,25,32235793.0,1,8326
8319,77,60,32237921.0,1,8327
8320,25,77,32238376.0,1,8328
8321,35,25,32238712.0,1,8329
8322,25,80,32240533.0,1,8330
8323,2,35,32240533.0,1,8331
8324,77,25,32240629.0,1,8332
8325,80,25,32245503.0,1,8333
8326,54,52,32245581.0,1,8334
8327,54,49,32245973.0,1,8335
8328,15,14,32246446.0,1,8336
8329,54,63,32248647.0,1,8337
8330,24,54,32248955.0,1,8338
8331,54,63,32249475.0,1,8339
8332,87,56,32253467.0,1,8340
8333,26,46,32255682.0,1,8341
8334,25,80,32259023.0,1,8342
8335,49,54,32259297.0,1,8343
8336,54,63,32260003.0,1,8344
8337,23,8,32260854.0,1,8347
8338,23,44,32260854.0,1,8353
8339,23,29,32260854.0,1,8354
8340,23,9,32260854.0,1,8345
8341,23,60,32260854.0,1,8346
8342,23,21,32260854.0,1,8352
8343,23,62,32260854.0,1,8349
8344,23,59,32260854.0,1,8348
8345,23,66,32260854.0,1,8351
8346,23,71,32260854.0,1,8355
8347,23,30,32260854.0,1,8357
8348,23,58,32260854.0,1,8356
8349,23,47,32260854.0,1,8358
8350,23,6,32260854.0,1,8350
8351,24,26,32268007.0,1,8359
8352,15,88,32283543.0,1,8360
8353,54,49,32315778.0,1,8361
8354,3,43,32318636.0,1,8362
8355,48,54,32319466.0,1,8363
8356,77,60,32319617.0,1,8364
8357,49,54,32320774.0,1,8365
8358,64,20,32320878.0,1,8366
8359,49,16,32321808.0,1,8367
8360,54,49,32322538.0,1,8368
8361,60,77,32322584.0,1,8369
8362,77,49,32325629.0,1,8370
8363,14,44,32325695.0,1,8371
8364,77,60,32325743.0,1,8372
8365,44,14,32327039.0,1,8373
8366,35,15,32327197.0,1,8374
8367,5,38,32331598.0,1,8375
8368,15,35,32334851.0,1,8376
8369,20,17,32335727.0,1,8377
8370,49,2,32339414.0,1,8378
8371,56,43,32341147.0,1,8379
8372,35,17,32343250.0,1,8380
8373,5,60,32345506.0,1,8381
8374,52,73,32345542.0,1,8383
8375,52,60,32345542.0,1,8382
8376,73,52,32346687.0,1,8384
8377,60,52,32346757.0,1,8385
8378,60,5,32347444.0,1,8386
8379,17,25,32348929.0,1,8387
8380,25,17,32349200.0,1,8388
8381,80,52,32350453.0,1,8389
8382,83,56,32351062.0,1,8390
8383,2,49,32369820.0,1,8391
8384,54,52,32400790.0,1,8392
8385,82,1,32402079.0,1,8393
8386,82,1,32402448.0,1,8394
8387,76,52,32402463.0,1,8395
8388,82,1,32402794.0,1,8396
8389,77,60,32405873.0,1,8397
8390,3,52,32406050.0,1,8398
8391,77,49,32408316.0,1,8399
8392,49,77,32408610.0,1,8400
8393,77,49,32413081.0,1,8401
8394,25,80,32413160.0,1,8402
8395,24,52,32413500.0,1,8403
8396,52,54,32413851.0,1,8404
8397,63,52,32433574.0,1,8405
8398,35,15,32436213.0,1,8406
8399,85,2,32436880.0,1,8407
8400,80,76,32437182.0,1,8408
8401,80,57,32438167.0,1,8409
8402,2,85,32439578.0,1,8410
8403,85,2,32452035.0,1,8411
8404,50,52,32455178.0,1,8412
8405,15,35,32456351.0,1,8413
8406,76,80,32506520.0,1,8414
8407,38,5,32517868.0,1,8415
8408,2,85,32522758.0,1,8416
8409,85,2,32599327.0,1,8417
8410,88,25,32664396.0,1,8418
8411,67,52,32664889.0,1,8419
8412,25,88,32668856.0,1,8420
8413,14,15,32672647.0,1,8421
8414,43,3,32674603.0,1,8423
8415,43,37,32674603.0,1,8422
8416,70,49,32675107.0,1,8427
8417,70,20,32675107.0,1,8429
8418,70,43,32675107.0,1,8428
8419,70,80,32675107.0,1,8430
8420,70,67,32675107.0,1,8426
8421,70,82,32675107.0,1,8424
8422,70,56,32675107.0,1,8425
8423,35,25,32680590.0,1,8431
8424,35,25,32681358.0,1,8432
8425,60,12,32684098.0,1,8433
8426,37,43,32684341.0,1,8435
8427,37,3,32684341.0,1,8434
8428,15,35,32690044.0,1,8437
8429,15,25,32690044.0,1,8436
8430,35,25,32692177.0,1,8438
8431,49,54,32695460.0,1,8439
8432,24,57,32696690.0,1,8440
8433,25,80,32696924.0,1,8441
8434,57,35,32707313.0,1,8442
8435,85,44,32731712.0,1,8443
8436,43,37,32756389.0,1,8444
8437,43,3,32756389.0,1,8445
8438,35,56,32765284.0,1,8446
8439,35,17,32765284.0,1,8447
8440,77,60,32765461.0,1,8448
8441,35,57,32765519.0,1,8449
8442,35,15,32765772.0,1,8450
8443,47,74,32766506.0,1,8451
8444,60,17,32768542.0,1,8452
8445,35,15,32769020.0,1,8453
8446,88,73,32769612.0,1,8454
8447,83,2,32772713.0,1,8455
8448,15,35,32772964.0,1,8456
8449,77,60,32773731.0,1,8457
8450,18,52,32775806.0,1,8458
8451,2,83,32777269.0,1,8459
8452,2,83,32777425.0,1,8460
8453,83,2,32778733.0,1,8461
8454,25,2,32782192.0,1,8462
8455,83,2,32783644.0,1,8463
8456,83,2,32783648.0,1,8464
8457,38,5,32797849.0,1,8465
8458,54,48,32835013.0,1,8466
8459,67,54,32836571.0,1,8467
8460,52,54,32837748.0,1,8468
8461,48,25,32838178.0,1,8469
8462,52,54,32838612.0,1,8470
8463,15,35,32838661.0,1,8471
8464,54,52,32840093.0,1,8472
8465,25,48,32840175.0,1,8473
8466,26,24,32842026.0,1,8474
8467,12,13,32842274.0,1,8475
8468,52,76,32842281.0,1,8476
8469,76,52,32844753.0,1,8477
8470,56,49,32849299.0,1,8478
8471,26,46,32849568.0,1,8479
8472,26,57,32849568.0,1,8483
8473,26,27,32849568.0,1,8481
8474,26,24,32849568.0,1,8480
8475,26,35,32849568.0,1,8482
8476,24,25,32850090.0,1,8484
8477,52,37,32851246.0,1,8485
8478,18,52,32851624.0,1,8486
8479,24,26,32852081.0,1,8487
8480,54,24,32852127.0,1,8488
8481,49,25,32852212.0,1,8489
8482,26,24,32853099.0,1,8490
8483,52,78,32854774.0,1,8491
8484,39,52,32855413.0,1,8492
8485,52,78,32856627.0,1,8493
8486,60,44,32856863.0,1,8494
8487,44,60,32857186.0,1,8495
8488,60,44,32857626.0,1,8496
8489,58,12,32860166.0,1,8497
8490,24,48,32863135.0,1,8498
8491,12,58,32863219.0,1,8499
8492,87,56,32863810.0,1,8500
8493,88,15,32864016.0,1,8501
8494,48,24,32864904.0,1,8502
8495,17,2,32865820.0,1,8505
8496,17,35,32865820.0,1,8503
8497,17,25,32865820.0,1,8504
8498,71,19,32866137.0,1,8506
8499,12,60,32866631.0,1,8507
8500,25,35,32867516.0,1,8508
8501,25,17,32867761.0,1,8509
8502,25,35,32868588.0,1,8510
8503,15,88,32869671.0,1,8511
8504,49,43,32870748.0,1,8512
8505,49,25,32870954.0,1,8513
8506,49,25,32872928.0,1,8514
8507,25,49,32873038.0,1,8515
8508,12,60,32876418.0,1,8516
8509,85,64,32896102.0,1,8517
8510,82,1,32919726.0,1,8518
8511,52,76,32923454.0,1,8519
8512,48,57,32932505.0,1,8520
8513,54,48,32933419.0,1,8521
8514,43,60,32934242.0,1,8522
8515,49,60,32935895.0,1,8523
8516,12,13,32936702.0,1,8524
8517,83,2,32936909.0,1,8525
8518,83,56,32937438.0,1,8526
8519,52,18,32937772.0,1,8527
8520,52,73,32937888.0,1,8528
8521,67,54,32938560.0,1,8529
8522,76,54,32939562.0,1,8530
8523,49,25,32940543.0,1,8531
8524,54,24,32940629.0,1,8532
8525,49,87,32940815.0,1,8533
8526,49,87,32940853.0,1,8534
8527,25,49,32941165.0,1,8535
8528,49,25,32941289.0,1,8536
8529,64,85,32946400.0,1,8537
8530,87,24,32948921.0,1,8538
8531,87,24,32948943.0,1,8539
8532,35,17,32951430.0,1,8540
8533,57,48,32951905.0,1,8541
8534,17,2,32953360.0,1,8543
8535,17,25,32953360.0,1,8542
8536,17,35,32953360.0,1,8544
8537,52,18,32953590.0,1,8545
8538,87,56,32957053.0,1,8546
8539,87,56,32957608.0,1,8547
8540,38,5,32979147.0,1,8548
8541,35,2,33021085.0,1,8549
8542,2,17,33021811.0,1,8550
8543,2,17,33103197.0,1,8551
8544,26,46,33132777.0,1,8552
8545,26,27,33132777.0,1,8553
8546,54,60,33183211.0,1,8554
8547,54,63,33184682.0,1,8555
8548,2,17,33186729.0,1,8556
8549,35,64,33188151.0,1,8557
8550,77,25,33189120.0,1,8558
8551,77,25,33189148.0,1,8559
8552,77,25,33189179.0,1,8560
8553,44,30,33190064.0,1,8561
8554,44,60,33190280.0,1,8562
8555,54,52,33191268.0,1,8563
8556,52,54,33192061.0,1,8564
8557,52,18,33193319.0,1,8565
8558,60,44,33193788.0,1,8566
8559,23,30,33194096.0,1,8567
8560,12,30,33194330.0,1,8568
8561,15,14,33194823.0,1,8569
8562,13,30,33195277.0,1,8570
8563,76,30,33195726.0,1,8571
8564,48,43,33195783.0,1,8572
8565,35,30,33196105.0,1,8573
8566,54,60,33198174.0,1,8574
8567,46,19,33199128.0,1,8575
8568,25,35,33199459.0,1,8576
8569,77,15,33199468.0,1,8577
8570,5,38,33200147.0,1,8578
8571,38,5,33200789.0,1,8579
8572,76,54,33201818.0,1,8580
8573,54,52,33202288.0,1,8581
8574,60,66,33202385.0,1,8582
8575,58,30,33202860.0,1,8583
8576,54,60,33203181.0,1,8584
8577,54,76,33203337.0,1,8585
8578,52,50,33203966.0,1,8586
8579,14,19,33204113.0,1,8587
8580,18,30,33204555.0,1,8588
8581,14,30,33204717.0,1,8589
8582,18,52,33204955.0,1,8590
8583,48,57,33211082.0,1,8591
8584,57,48,33214496.0,1,8592
8585,57,48,33216993.0,1,8593
8586,17,25,33217030.0,1,8594
8587,80,76,33217446.0,1,8596
8588,80,39,33217446.0,1,8595
8589,50,52,33245688.0,1,8597
8590,48,57,33267522.0,1,8598
8591,52,76,33268254.0,1,8599
8592,76,52,33268623.0,1,8600
8593,52,76,33269118.0,1,8601
8594,76,52,33269337.0,1,8602
8595,82,1,33270145.0,1,8603
8596,82,1,33270292.0,1,8604
8597,82,1,33270324.0,1,8605
8598,30,60,33271662.0,1,8606
8599,54,48,33272963.0,1,8608
8600,54,76,33272963.0,1,8607
8601,76,54,33273750.0,1,8609
8602,54,3,33273817.0,1,8610
8603,54,76,33273900.0,1,8611
8604,52,78,33275029.0,1,8612
8605,52,76,33276583.0,1,8613
8606,38,5,33277901.0,1,8614
8607,76,52,33281219.0,1,8615
8608,25,16,33281393.0,1,8616
8609,25,17,33281501.0,1,8617
8610,25,5,33281867.0,1,8618
8611,83,2,33282066.0,1,8619
8612,76,18,33282282.0,1,8622
8613,76,63,33282282.0,1,8620
8614,76,48,33282282.0,1,8621
8615,76,52,33282354.0,1,8623
8616,48,76,33283288.0,1,8624
8617,18,76,33283612.0,1,8625
8618,60,30,33284624.0,1,8626
8619,54,63,33284918.0,1,8627
8620,44,83,33285173.0,1,8628
8621,78,52,33286288.0,1,8629
8622,78,52,33286448.0,1,8630
8623,54,63,33286626.0,1,8631
8624,15,5,33286651.0,1,8632
8625,76,54,33287108.0,1,8633
8626,73,52,33287482.0,1,8634
8627,52,73,33289218.0,1,8635
8628,26,27,33289769.0,1,8638
8629,26,46,33289769.0,1,8636
8630,26,24,33289769.0,1,8637
8631,26,57,33289769.0,1,8640
8632,26,35,33289769.0,1,8639
8633,2,17,33289800.0,1,8641
8634,26,57,33289996.0,1,8646
8635,26,35,33289996.0,1,8645
8636,26,46,33289996.0,1,8642
8637,26,24,33289996.0,1,8643
8638,26,27,33289996.0,1,8644
8639,24,26,33290363.0,1,8647
8640,26,24,33290472.0,1,8648
8641,52,76,33290721.0,1,8649
8642,76,52,33291150.0,1,8650
8643,35,15,33291771.0,1,8651
8644,63,76,33292728.0,1,8652
8645,15,35,33294330.0,1,8653
8646,52,78,33295066.0,1,8654
8647,56,87,33295928.0,1,8655
8648,63,18,33296892.0,1,8656
8649,17,35,33296902.0,1,8657
8650,87,49,33299003.0,1,8658
8651,17,25,33299362.0,1,8659
8652,15,35,33301155.0,1,8660
8653,60,21,33304105.0,1,8669
8654,60,68,33304105.0,1,8670
8655,60,66,33304105.0,1,8667
8656,60,62,33304105.0,1,8666
8657,60,72,33304105.0,1,8665
8658,60,8,33304105.0,1,8663
8659,60,44,33304105.0,1,8671
8660,60,30,33304105.0,1,8674
8661,60,71,33304105.0,1,8672
8662,60,49,33304105.0,1,8668
8663,60,59,33304105.0,1,8664
8664,60,23,33304105.0,1,8662
8665,60,13,33304105.0,1,8661
8666,60,12,33304105.0,1,8673
8667,17,25,33305285.0,1,8675
8668,25,35,33305695.0,1,8676
8669,85,64,33340150.0,1,8677
8670,1,71,33356107.0,1,8678
8671,1,71,33356343.0,1,8679
8672,2,64,33356534.0,1,8680
8673,49,87,33357809.0,1,8681
8674,30,60,33358388.0,1,8682
8675,87,24,33358563.0,1,8683
8676,60,49,33363563.0,1,8691
8677,60,68,33363563.0,1,8693
8678,60,44,33363563.0,1,8694
8679,60,72,33363563.0,1,8688
8680,60,62,33363563.0,1,8689
8681,60,66,33363563.0,1,8690
8682,60,71,33363563.0,1,8695
8683,60,23,33363563.0,1,8685
8684,60,8,33363563.0,1,8686
8685,60,13,33363563.0,1,8684
8686,60,12,33363563.0,1,8696
8687,60,59,33363563.0,1,8687
8688,60,21,33363563.0,1,8692
8689,60,30,33363563.0,1,8697
8690,60,44,33363642.0,1,8698
8691,15,35,33365969.0,1,8700
8692,15,25,33365969.0,1,8699
8693,35,15,33366577.0,1,8701
8694,60,44,33367591.0,1,8712
8695,60,66,33367591.0,1,8708
8696,60,49,33367591.0,1,8709
8697,60,21,33367591.0,1,8710
8698,60,62,33367591.0,1,8707
8699,60,68,33367591.0,1,8711
8700,60,13,33367591.0,1,8702
8701,60,59,33367591.0,1,8705
8702,60,8,33367591.0,1,8704
8703,60,30,33367591.0,1,8715
8704,60,12,33367591.0,1,8714
8705,60,72,33367591.0,1,8706
8706,60,23,33367591.0,1,8703
8707,60,71,33367591.0,1,8713
8708,60,62,33367658.0,1,8721
8709,60,72,33367658.0,1,8720
8710,60,23,33367658.0,1,8717
8711,60,13,33367658.0,1,8716
8712,60,8,33367658.0,1,8718
8713,60,66,33367658.0,1,8722
8714,60,71,33367658.0,1,8727
8715,60,49,33367658.0,1,8723
8716,60,44,33367658.0,1,8726
8717,60,68,33367658.0,1,8725
8718,60,12,33367658.0,1,8728
8719,60,59,33367658.0,1,8719
8720,60,30,33367658.0,1,8729
8721,60,21,33367658.0,1,8724
8722,35,17,33368418.0,1,8730
8723,44,60,33368641.0,1,8731
8724,25,21,33369654.0,1,8732
8725,17,25,33371273.0,1,8733
8726,35,25,33371488.0,1,8734
8727,25,35,33371709.0,1,8735
8728,35,25,33372741.0,1,8736
8729,30,71,33372870.0,1,8737
8730,14,15,33373290.0,1,8738
8731,2,60,33373679.0,1,8739
8732,2,17,33373679.0,1,8740
8733,2,25,33374629.0,1,8741
8734,44,60,33374804.0,1,8742
8735,77,15,33375025.0,1,8743
8736,15,77,33375655.0,1,8744
8737,35,17,33376480.0,1,8745
8738,21,25,33377449.0,1,8746
8739,77,15,33378136.0,1,8747
8740,30,60,33378879.0,1,8748
8741,76,52,33379550.0,1,8749
8742,48,76,33380841.0,1,8750
8743,52,76,33380940.0,1,8751
8744,24,76,33381788.0,1,8752
8745,80,76,33382465.0,1,8753
8746,25,21,33382698.0,1,8754
8747,12,60,33383196.0,1,8755
8748,12,76,33383449.0,1,8756
8749,32,76,33383734.0,1,8757
8750,44,60,33384255.0,1,8758
8751,25,17,33387098.0,1,8759
8752,25,17,33387222.0,1,8760
8753,49,25,33387468.0,1,8761
8754,13,60,33387888.0,1,8762
8755,25,49,33387921.0,1,8763
8756,76,52,33388389.0,1,8764
8757,23,60,33395213.0,1,8765
8758,54,63,33438060.0,1,8766
8759,76,12,33439291.0,1,8767
8760,76,55,33439347.0,1,8768
8761,60,16,33441726.0,1,8769
8762,63,76,33441857.0,1,8770
8763,1,82,33442247.0,1,8771
8764,1,71,33442260.0,1,8772
8765,54,52,33442281.0,1,8773
8766,54,50,33442281.0,1,8774
8767,3,76,33442514.0,1,8775
8768,52,76,33442604.0,1,8776
8769,76,52,33443173.0,1,8777
8770,54,76,33443212.0,1,8778
8771,76,54,33444421.0,1,8779
8772,52,76,33445268.0,1,8780
8773,54,76,33445445.0,1,8781
8774,76,52,33445558.0,1,8782
8775,14,44,33445600.0,1,8783
8776,14,15,33445691.0,1,8784
8777,76,54,33446096.0,1,8785
8778,21,25,33450644.0,1,8786
8779,83,56,33452615.0,1,8787
8780,5,25,33453073.0,1,8788
8781,43,49,33453138.0,1,8789
8782,25,5,33453926.0,1,8790
8783,2,25,33454247.0,1,8791
8784,25,80,33454401.0,1,8792
8785,76,24,33455068.0,1,8793
8786,80,25,33455154.0,1,8794
8787,17,64,33456569.0,1,8795
8788,71,30,33458910.0,1,8800
8789,71,9,33458910.0,1,8796
8790,71,66,33458910.0,1,8797
8791,71,58,33458910.0,1,8799
8792,71,1,33458910.0,1,8798
8793,64,17,33458941.0,1,8801
8794,71,9,33459055.0,1,8802
8795,71,1,33459055.0,1,8804
8796,71,66,33459055.0,1,8803
8797,71,30,33459055.0,1,8806
8798,71,58,33459055.0,1,8805
8799,71,9,33459117.0,1,8807
8800,71,66,33459117.0,1,8808
8801,71,1,33459117.0,1,8809
8802,71,1,33459193.0,1,8812
8803,71,66,33459193.0,1,8811
8804,71,9,33459193.0,1,8810
8805,71,18,33459199.0,1,8813
8806,71,58,33459375.0,1,8815
8807,71,30,33459375.0,1,8816
8808,71,1,33459375.0,1,8814
8809,44,58,33459377.0,1,8817
8810,44,60,33460004.0,1,8818
8811,19,26,33460451.0,1,8823
8812,19,27,33460451.0,1,8824
8813,19,53,33460451.0,1,8820
8814,19,46,33460451.0,1,8819
8815,19,38,33460451.0,1,8822
8816,19,85,33460451.0,1,8821
8817,19,37,33460451.0,1,8825
8818,1,82,33460452.0,1,8826
8819,71,1,33460469.0,1,8829
8820,71,66,33460469.0,1,8828
8821,71,9,33460469.0,1,8827
8822,71,58,33460469.0,1,8830
8823,19,5,33460601.0,1,8831
8824,15,44,33461201.0,1,8832
8825,5,19,33461354.0,1,8833
8826,19,5,33462031.0,1,8834
8827,49,25,33462272.0,1,8835
8828,25,49,33462441.0,1,8836
8829,5,19,33462741.0,1,8837
8830,38,19,33462848.0,1,8838
8831,64,17,33462922.0,1,8839
8832,82,1,33463826.0,1,8840
8833,30,66,33463827.0,1,8841
8834,30,71,33463827.0,1,8842
8835,82,1,33463880.0,1,8843
8836,2,83,33463990.0,1,8844
8837,49,25,33464436.0,1,8845
8838,26,19,33465549.0,1,8846
8839,32,54,33466891.0,1,8847
8840,32,54,33466936.0,1,8848
8841,26,57,33467729.0,1,8853
8842,26,27,33467729.0,1,8851
8843,26,46,33467729.0,1,8849
8844,26,24,33467729.0,1,8850
8845,26,35,33467729.0,1,8852
8846,17,35,33467806.0,1,8854
8847,87,56,33478335.0,1,8855
8848,71,1,33478352.0,1,8858
8849,71,9,33478352.0,1,8856
8850,71,66,33478352.0,1,8857
8851,71,9,33478437.0,1,8859
8852,71,66,33478437.0,1,8860
8853,67,54,33527749.0,1,8861
8854,76,57,33527878.0,1,8862
8855,35,46,33529527.0,1,8863
8856,60,22,33530371.0,1,8864
8857,60,22,33530404.0,1,8865
8858,43,49,33536689.0,1,8866
8859,3,76,33537805.0,1,8867
8860,26,35,33538439.0,1,8868
8861,54,43,33538867.0,1,8869
8862,24,25,33538905.0,1,8870
8863,43,54,33542484.0,1,8871
8864,48,76,33544656.0,1,8872
8865,44,15,33545536.0,1,8873
8866,76,48,33545971.0,1,8874
8867,54,63,33546827.0,1,8875
8868,15,44,33548114.0,1,8876
8869,35,25,33549132.0,1,8877
8870,19,53,33551166.0,1,8879
8871,19,37,33551166.0,1,8883
8872,19,46,33551166.0,1,8878
8873,19,38,33551166.0,1,8880
8874,19,26,33551166.0,1,8881
8875,19,27,33551166.0,1,8882
8876,56,43,33551496.0,1,8884
8877,26,35,33551508.0,1,8885
8878,49,43,33551581.0,1,8886
8879,25,17,33553357.0,1,8887
8880,43,67,33554083.0,1,8890
8881,43,56,33554083.0,1,8889
8882,43,49,33554083.0,1,8888
8883,17,25,33556183.0,1,8891
8884,49,56,33561033.0,1,8892
8885,49,67,33561033.0,1,8893
8886,49,43,33561033.0,1,8894
8887,17,25,33561691.0,1,8895
8888,57,76,33580983.0,1,8896
8889,57,80,33580983.0,1,8897
8890,23,59,33584332.0,1,8898
8891,23,30,33584332.0,1,8900
8892,23,58,33584332.0,1,8899
8893,25,17,33655279.0,1,8901
8894,76,57,33708496.0,1,8902
8895,47,30,33785579.0,1,8903
8896,89,25,33788078.0,1,8904
8897,89,2,33788078.0,1,8905
8898,89,35,33788078.0,1,8906
8899,80,57,33791943.0,1,8907
8900,52,5,33793120.0,1,8908
8901,71,9,33793585.0,1,8909
8902,71,1,33793585.0,1,8910
8903,80,70,33795582.0,1,8911
8904,80,43,33795582.0,1,8912
8905,2,25,33797349.0,1,8913
8906,35,25,33798484.0,1,8914
8907,25,35,33798662.0,1,8916
8908,25,2,33798662.0,1,8915
8909,43,49,33799710.0,1,8917
8910,35,2,33799711.0,1,8918
8911,35,25,33800971.0,1,8919
8912,49,78,33801505.0,1,8920
8913,25,17,33801951.0,1,8921
8914,60,73,33803446.0,1,8922
8915,49,56,33804093.0,1,8923
8916,83,71,33804297.0,1,8924
8917,25,17,33805636.0,1,8925
8918,17,25,33807080.0,1,8926
8919,17,25,33807647.0,1,8927
8920,25,17,33808240.0,1,8928
8921,48,54,33808840.0,1,8929
8922,76,18,33811716.0,1,8930
8923,78,52,33812721.0,1,8931
8924,49,56,33818526.0,1,8932
8925,52,78,33819551.0,1,8933
8926,25,17,33827210.0,1,8934
8927,25,78,33827369.0,1,8935
8928,17,25,33862749.0,1,8936
8929,60,16,33871229.0,1,8937
8930,82,1,33871559.0,1,8938
8931,1,71,33874989.0,1,8939
8932,1,82,33875009.0,1,8940
8933,1,82,33875080.0,1,8941
8934,60,22,33875582.0,1,8942
8935,49,60,33878461.0,1,8943
8936,71,1,33878572.0,1,8946
8937,71,9,33878572.0,1,8944
8938,71,66,33878572.0,1,8945
8939,71,66,33878744.0,1,8948
8940,71,1,33878744.0,1,8949
8941,71,58,33878744.0,1,8950
8942,71,9,33878744.0,1,8947
8943,71,30,33878744.0,1,8951
8944,71,1,33878802.0,1,8954
8945,71,66,33878802.0,1,8953
8946,71,9,33878802.0,1,8952
8947,15,35,33879531.0,1,8955
8948,24,53,33880112.0,1,8956
8949,52,78,33881159.0,1,8957
8950,52,18,33881365.0,1,8958
8951,15,25,33881726.0,1,8959
8952,15,35,33881726.0,1,8960
8953,52,54,33885839.0,1,8961
8954,52,12,33887154.0,1,8962
8955,30,60,33887496.0,1,8963
8956,54,63,33888061.0,1,8964
8957,54,52,33888362.0,1,8965
8958,49,17,33888868.0,1,8966
8959,52,24,33889574.0,1,8967
8960,60,30,33889686.0,1,8968
8961,30,60,33890224.0,1,8969
8962,60,30,33893565.0,1,8970
8963,60,54,33895143.0,1,8971
8964,25,24,33895776.0,1,8972
8965,25,24,33895824.0,1,8973
8966,30,60,33895996.0,1,8974
8967,25,24,33896011.0,1,8975
8968,24,52,33896463.0,1,8976
8969,24,25,33896501.0,1,8977
8970,60,30,33897071.0,1,8978
8971,52,24,33897637.0,1,8979
8972,78,52,33898139.0,1,8980
8973,24,46,33898183.0,1,8981
8974,25,17,33898321.0,1,8982
8975,52,78,33898499.0,1,8983
8976,60,73,33900319.0,1,8984
8977,30,60,33901628.0,1,8985
8978,57,48,33905316.0,1,8986
8979,35,15,33905672.0,1,8987
8980,17,25,33919738.0,1,8988
8981,17,49,33919738.0,1,8989
8982,17,25,33926885.0,1,8990
8983,1,82,33960101.0,1,8991
8984,1,71,33960112.0,1,8992
8985,1,39,33960130.0,1,8993
8986,1,82,33960239.0,1,8994
8987,49,25,33962985.0,1,8995
8988,25,49,33964412.0,1,8996
8989,37,52,33964576.0,1,8997
8990,48,57,33965089.0,1,8998
8991,12,52,33965595.0,1,8999
8992,52,37,33965702.0,1,9000
8993,37,52,33968178.0,1,9001
8994,82,1,33970992.0,1,9002
8995,82,1,33972155.0,1,9003
8996,2,83,33974667.0,1,9004
8997,2,83,33975402.0,1,9005
8998,12,60,33975998.0,1,9006
8999,77,25,33977491.0,1,9007
9000,63,54,33980812.0,1,9008
9001,25,35,33980884.0,1,9009
9002,25,35,33980954.0,1,9010
9003,25,17,33981169.0,1,9011
9004,54,63,33981991.0,1,9012
9005,77,73,33982213.0,1,9013
9006,52,37,33982344.0,1,9014
9007,54,73,33985238.0,1,9015
9008,73,77,33985678.0,1,9016
9009,17,25,33987309.0,1,9017
9010,25,17,33988297.0,1,9018
9011,19,14,33988830.0,1,9019
9012,54,64,33989669.0,1,9020
9013,49,80,33992705.0,1,9021
9014,80,25,33993250.0,1,9022
9015,25,80,33993446.0,1,9023
9016,25,80,33995558.0,1,9024
9017,80,25,33996012.0,1,9025
9018,71,58,33997928.0,1,9029
9019,71,30,33997928.0,1,9030
9020,71,9,33997928.0,1,9026
9021,71,1,33997928.0,1,9028
9022,71,66,33997928.0,1,9027
9023,3,43,34063253.0,1,9031
9024,3,43,34063412.0,1,9032
9025,71,30,34065468.0,1,9033
9026,71,66,34065468.0,1,9034
9027,71,1,34065469.0,1,9035
9028,71,8,34065469.0,1,9036
9029,71,9,34065471.0,1,9037
9030,3,43,34068382.0,1,9038
9031,57,48,34082947.0,1,9039
9032,24,48,34151657.0,1,9040
9033,24,48,34152527.0,1,9041
9034,24,48,34418590.0,1,9042
9035,24,48,34430622.0,1,9043
9036,3,24,34575304.0,1,9044
9037,24,48,34586209.0,1,9045
9038,3,25,34659353.0,1,9046
9039,25,48,35013391.0,1,9047
9040,3,15,35087562.0,1,9048
9041,3,15,35087583.0,1,9049
9042,25,48,35356673.0,1,9050
9043,20,25,35367190.0,1,9051
9044,24,48,35370660.0,1,9052
9045,24,48,35373709.0,1,9053
9046,20,70,35861114.0,1,9054
9047,3,82,35875678.0,1,9055
9048,5,38,36243322.0,1,9056
9049,52,60,36482124.0,1,9057
9050,60,13,36483041.0,1,9058
9051,76,54,36484393.0,1,9059
9052,35,13,36484821.0,1,9060
9053,87,42,36488260.0,1,9061
9054,42,87,36488304.0,1,9062
9055,87,42,36488364.0,1,9063
9056,42,87,36488440.0,1,9064
9057,87,42,36488507.0,1,9065
9058,35,15,36491099.0,1,9066
9059,60,16,36491362.0,1,9067
9060,15,35,36497798.0,1,9068
9061,15,35,36497825.0,1,9069
9062,67,25,36500216.0,1,9070
9063,48,54,36507255.0,1,9071
9064,48,54,36507370.0,1,9072
9065,80,67,36509443.0,1,9075
9066,80,56,36509443.0,1,9074
9067,80,70,36509443.0,1,9076
9068,80,43,36509443.0,1,9077
9069,80,49,36509443.0,1,9073
9070,54,48,36548032.0,1,9078
9071,54,52,36549548.0,1,9081
9072,54,48,36549548.0,1,9082
9073,54,76,36549548.0,1,9080
9074,54,32,36549548.0,1,9079
9075,8,57,36550978.0,1,9083
9076,8,85,36551729.0,1,9084
9077,67,80,36552301.0,1,9085
9078,63,18,36552828.0,1,9086
9079,60,17,36553547.0,1,9087
9080,60,25,36554269.0,1,9089
9081,60,54,36554269.0,1,9090
9082,60,16,36554269.0,1,9092
9083,60,53,36554269.0,1,9091
9084,60,17,36554269.0,1,9088
9085,60,25,36554469.0,1,9094
9086,60,53,36554469.0,1,9096
9087,60,16,36554469.0,1,9097
9088,60,17,36554469.0,1,9093
9089,60,54,36554469.0,1,9095
9090,60,73,36554516.0,1,9098
9091,89,35,36560132.0,1,9103
9092,89,64,36560132.0,1,9100
9093,89,74,36560132.0,1,9102
9094,89,2,36560132.0,1,9101
9095,89,25,36560132.0,1,9099
9096,32,54,36563813.0,1,9104
9097,52,54,36564582.0,1,9105
9098,13,39,36567323.0,1,9106
9099,13,80,36567323.0,1,9107
9100,35,15,36572786.0,1,9108
9101,15,35,36584265.0,1,9109
9102,71,66,36587940.0,1,9111
9103,71,9,36587940.0,1,9110
9104,71,1,36587940.0,1,9112
9105,85,8,36588776.0,1,9113
9106,57,8,36599837.0,1,9114
9107,48,54,36638102.0,1,9115
9108,87,39,36642048.0,1,9116
9109,48,54,36643248.0,1,9117
9110,49,17,36643431.0,1,9118
9111,54,17,36647475.0,1,9119
9112,89,17,36647666.0,1,9120
9113,71,66,36648282.0,1,9123
9114,71,58,36648282.0,1,9124
9115,71,9,36648282.0,1,9121
9116,71,8,36648282.0,1,9122
9117,71,66,36648402.0,1,9127
9118,71,8,36648402.0,1,9126
9119,71,9,36648402.0,1,9125
9120,71,18,36648402.0,1,9128
9121,32,54,36649786.0,1,9129
9122,15,59,36650272.0,1,9130
9123,77,16,36652596.0,1,9131
9124,54,67,36652876.0,1,9132
9125,54,52,36652876.0,1,9135
9126,54,48,36652876.0,1,9136
9127,54,76,36652876.0,1,9134
9128,54,32,36652876.0,1,9133
9129,48,54,36653324.0,1,9137
9130,54,48,36653556.0,1,9138
9131,32,54,36654000.0,1,9139
9132,54,32,36654223.0,1,9140
9133,54,60,36654574.0,1,9141
9134,52,18,36654824.0,1,9142
9135,30,57,36657717.0,1,9143
9136,18,45,36659417.0,1,9144
9137,48,24,36661596.0,1,9145
9138,24,63,36661676.0,1,9146
9139,12,60,36663127.0,1,9147
9140,73,17,36664765.0,1,9148
9141,85,73,36850486.0,1,9149
9142,83,56,36857220.0,1,9150
9143,1,70,36896530.0,1,9151
9144,1,89,36896530.0,1,9152
9145,76,57,36896920.0,1,9153
9146,88,73,36898943.0,1,9154
9147,54,48,36899225.0,1,9155
9148,82,1,36899315.0,1,9156
9149,35,57,36904393.0,1,9157
9150,60,53,36904723.0,1,9160
9151,60,54,36904723.0,1,9159
9152,60,17,36904723.0,1,9158
9153,60,16,36904723.0,1,9161
9154,35,69,36904769.0,1,9162
9155,54,48,36905276.0,1,9163
9156,54,48,36905320.0,1,9164
9157,12,13,36906301.0,1,9165
9158,54,48,36906635.0,1,9166
9159,54,60,36908484.0,1,9167
9160,66,9,36913521.0,1,9168
9161,66,8,36915050.0,1,9170
9162,66,9,36915050.0,1,9169
9163,37,60,36915460.0,1,9171
9164,12,60,36916016.0,1,9172
9165,77,14,36917319.0,1,9173
9166,64,85,36917562.0,1,9174
9167,60,53,36919487.0,1,9175
9168,60,37,36919487.0,1,9176
9169,12,78,36921103.0,1,9177
9170,19,85,36921222.0,1,9180
9171,19,46,36921222.0,1,9178
9172,19,53,36921222.0,1,9179
9173,19,27,36921222.0,1,9183
9174,19,26,36921222.0,1,9182
9175,19,37,36921222.0,1,9184
9176,19,38,36921222.0,1,9181
9177,19,5,36921274.0,1,9185
9178,37,60,36923646.0,1,9186
9179,37,19,36923855.0,1,9187
9180,80,70,36927410.0,1,9188
9181,37,60,36928824.0,1,9189
9182,60,17,36928970.0,1,9190
9183,60,37,36929085.0,1,9191
9184,57,76,36935797.0,1,9192
9185,57,30,36947728.0,1,9193
9186,14,44,36982094.0,1,9194
9187,76,57,36983062.0,1,9195
9188,3,43,36987116.0,1,9196
9189,80,76,36988658.0,1,9197
9190,87,39,36992250.0,1,9198
9191,19,37,36993026.0,1,9199
9192,63,73,36997388.0,1,9200
9193,48,54,36998896.0,1,9201
9194,54,48,36999461.0,1,9202
9195,60,73,37000309.0,1,9203
9196,3,43,37000692.0,1,9204
9197,19,58,37002888.0,1,9205
9198,43,54,37004332.0,1,9206
9199,17,73,37005650.0,1,9207
9200,64,85,37006691.0,1,9208
9201,83,39,37008753.0,1,9209
9202,22,58,37010102.0,1,9210
9203,17,60,37011249.0,1,9211
9204,14,58,37013363.0,1,9212
9205,83,56,37036266.0,1,9213
9206,63,54,37038486.0,1,9214
9207,85,64,37053389.0,1,9215
9208,1,70,37072061.0,1,9216
9209,54,52,37072534.0,1,9217
9210,33,15,37072551.0,1,9218
9211,70,20,37073540.0,1,9219
9212,70,1,37073540.0,1,9220
9213,70,20,37073673.0,1,9221
9214,70,1,37073673.0,1,9222
9215,70,20,37073696.0,1,9223
9216,70,1,37073696.0,1,9224
9217,70,20,37073754.0,1,9225
9218,70,1,37073754.0,1,9226
9219,70,1,37073966.0,1,9228
9220,70,20,37073966.0,1,9227
9221,70,20,37074667.0,1,9229
9222,13,12,37075471.0,1,9230
9223,26,24,37076029.0,1,9231
9224,26,35,37076206.0,1,9235
9225,26,27,37076206.0,1,9234
9226,26,46,37076206.0,1,9232
9227,26,24,37076206.0,1,9233
9228,12,52,37076953.0,1,9236
9229,77,67,37077349.0,1,9237
9230,37,19,37078790.0,1,9238
9231,38,5,37081240.0,1,9239
9232,35,13,37081999.0,1,9240
9233,13,35,37082222.0,1,9241
9234,43,80,37082231.0,1,9247
9235,43,56,37082231.0,1,9243
9236,43,70,37082231.0,1,9245
9237,43,49,37082231.0,1,9242
9238,43,67,37082231.0,1,9244
9239,43,55,37082231.0,1,9246
9240,3,39,37082764.0,1,9248
9241,71,66,37082900.0,1,9251
9242,71,8,37082900.0,1,9250
9243,71,9,37082900.0,1,9249
9244,71,1,37082900.0,1,9252
9245,71,1,37083021.0,1,9256
9246,71,8,37083021.0,1,9254
9247,71,66,37083021.0,1,9255
9248,71,9,37083021.0,1,9253
9249,71,30,37083046.0,1,9257
9250,71,18,37083046.0,1,9258
9251,71,58,37083379.0,1,9263
9252,71,8,37083379.0,1,9260
9253,71,1,37083379.0,1,9262
9254,71,9,37083379.0,1,9259
9255,71,30,37083379.0,1,9264
9256,71,18,37083379.0,1,9265
9257,71,66,37083379.0,1,9261
9258,71,8,37083501.0,1,9267
9259,71,9,37083501.0,1,9266
9260,71,66,37083501.0,1,9268
9261,71,1,37083605.0,1,9272
9262,71,66,37083605.0,1,9271
9263,71,9,37083605.0,1,9269
9264,71,8,37083605.0,1,9270
9265,71,8,37083752.0,1,9274
9266,71,66,37083752.0,1,9275
9267,71,9,37083752.0,1,9273
9268,71,1,37083862.0,1,9278
9269,71,9,37083862.0,1,9276
9270,71,66,37083862.0,1,9277
9271,71,1,37084654.0,1,9279
9272,71,9,37084782.0,1,9280
9273,71,1,37084782.0,1,9282
9274,71,66,37084782.0,1,9281
9275,71,1,37084908.0,1,9285
9276,71,8,37084908.0,1,9284
9277,71,9,37084908.0,1,9283
9278,5,38,37085901.0,1,9286
9279,71,66,37086019.0,1,9288
9280,71,9,37086019.0,1,9287
9281,71,1,37086019.0,1,9289
9282,39,3,37086803.0,1,9290
9283,83,56,37091866.0,1,9291
9284,70,20,37092549.0,1,9292
9285,70,1,37092549.0,1,9293
9286,54,67,37093175.0,1,9294
9287,54,56,37093175.0,1,9295
9288,54,67,37093227.0,1,9296
9289,54,49,37093227.0,1,9297
9290,82,2,37093345.0,1,9298
9291,5,38,37093770.0,1,9299
9292,43,3,37094116.0,1,9300
9293,43,37,37094174.0,1,9301
9294,5,38,37095374.0,1,9302
9295,54,57,37098710.0,1,9304
9296,54,50,37098710.0,1,9303
9297,50,54,37109896.0,1,9305
9298,54,43,37154077.0,1,9306
9299,54,43,37154244.0,1,9307
9300,18,11,37159267.0,1,9308
9301,76,63,37162222.0,1,9309
9302,49,60,37162766.0,1,9310
9303,24,63,37164912.0,1,9311
9304,3,43,37165117.0,1,9312
9305,43,3,37165691.0,1,9313
9306,73,60,37167256.0,1,9314
9307,60,49,37168542.0,1,9315
9308,67,54,37169010.0,1,9316
9309,19,58,37169990.0,1,9317
9310,38,5,37170299.0,1,9318
9311,42,58,37170947.0,1,9319
9312,67,54,37171935.0,1,9320
9313,30,60,37172737.0,1,9321
9314,17,64,37173330.0,1,9322
9315,48,63,37174011.0,1,9323
9316,82,1,37179129.0,1,9324
9317,80,76,37190561.0,1,9326
9318,80,39,37190561.0,1,9325
9319,57,35,37205766.0,1,9327
9320,80,57,37222071.0,1,9328
9321,57,80,37235568.0,1,9329
9322,60,49,37245391.0,1,9330
9323,49,60,37245814.0,1,9331
9324,36,60,37246005.0,1,9332
9325,36,16,37246025.0,1,9333
9326,60,16,37248500.0,1,9334
9327,35,17,37249366.0,1,9335
9328,77,60,37255438.0,1,9337
9329,77,49,37255438.0,1,9336
9330,77,73,37255438.0,1,9338
9331,49,77,37255903.0,1,9339
9332,15,33,37258215.0,1,9340
9333,20,17,37262008.0,1,9341
9334,60,49,37263193.0,1,9342
9335,25,2,37264139.0,1,9343
9336,44,85,37264584.0,1,9344
9337,25,86,37266599.0,1,9345
9338,17,20,37269713.0,1,9346
9339,85,44,37270098.0,1,9347
9340,5,15,37281639.0,1,9348
9341,64,85,37519901.0,1,1453
9342,12,13,37678742.0,1,1454
9343,66,71,37779966.0,1,1455
9344,66,88,37779967.0,1,1456
9345,51,26,37850928.0,1,1457
9346,88,60,37862090.0,1,1458
9347,88,16,37862090.0,1,1459
9348,83,39,37955109.0,1,9466
9349,58,47,38020683.0,1,9475
9350,58,28,38020683.0,1,9473
9351,58,14,38020683.0,1,9472
9352,58,66,38020683.0,1,9470
9353,58,23,38020683.0,1,9469
9354,58,9,38020683.0,1,9467
9355,58,39,38020683.0,1,9468
9356,58,30,38020683.0,1,9474
9357,58,71,38020683.0,1,9471
9358,63,54,38021088.0,1,9476
9359,45,54,38023065.0,1,9477
9360,52,54,38023236.0,1,9478
9361,45,42,38025096.0,1,9479
9362,45,42,38025178.0,1,9480
9363,73,17,38025184.0,1,9481
9364,60,14,38027493.0,1,9482
9365,60,66,38030921.0,1,9486
9366,60,44,38030921.0,1,9487
9367,60,14,38030921.0,1,9484
9368,60,9,38030921.0,1,9483
9369,60,8,38030921.0,1,9485
9370,54,56,38032518.0,1,9488
9371,35,15,38033407.0,1,9489
9372,42,45,38033577.0,1,9490
9373,15,17,38034677.0,1,9491
9374,15,60,38034677.0,1,9492
9375,15,44,38034677.0,1,9493
9376,15,17,38036173.0,1,9494
9377,15,35,38036560.0,1,9495
9378,54,63,38040665.0,1,9496
9379,54,63,38041716.0,1,9497
9380,23,49,38043552.0,1,9498
9381,54,17,38047616.0,1,9499
9382,54,3,38047665.0,1,9500
9383,83,2,38048053.0,1,9501
9384,1,72,38108322.0,1,9503
9385,1,64,38108322.0,1,9502
9386,35,26,38109688.0,1,9504
9387,60,73,38110510.0,1,9505
9388,44,60,38111859.0,1,9506
9389,60,44,38113649.0,1,9507
9390,70,1,38113934.0,1,9509
9391,70,20,38113934.0,1,9508
9392,76,73,38113989.0,1,9510
9393,76,80,38114050.0,1,9511
9394,43,49,38114233.0,1,9512
9395,58,30,38115505.0,1,9513
9396,73,76,38115667.0,1,9514
9397,73,60,38115776.0,1,9515
9398,23,31,38116523.0,1,9516
9399,24,8,38120190.0,1,9517
9400,24,46,38120190.0,1,9518
9401,24,26,38120190.0,1,9519
9402,24,27,38120190.0,1,9520
9403,26,35,38121256.0,1,9521
9404,77,73,38121277.0,1,9522
9405,43,49,38124127.0,1,9523
9406,75,85,38124226.0,1,9524
9407,35,26,38126170.0,1,9525
9408,58,23,38126286.0,1,9526
9409,48,17,38126547.0,1,9527
9410,26,35,38127011.0,1,9528
9411,64,17,38128116.0,1,9529
9412,83,39,38130578.0,1,9530
9413,20,17,38131714.0,1,9531
9414,77,16,38131941.0,1,9532
9415,77,16,38132313.0,1,9533
9416,5,38,38137582.0,1,9534
9417,80,31,38148785.0,1,9535
9418,42,45,38153323.0,1,9536
9419,45,42,38154700.0,1,9537
9420,45,63,38154700.0,1,9538
9421,1,64,38195211.0,1,9539
9422,1,82,38195211.0,1,9540
9423,42,45,38197763.0,1,9541
9424,42,83,38197763.0,1,9542
9425,42,87,38197763.0,1,9543
9426,42,47,38197763.0,1,9544
9427,87,42,38197842.0,1,9545
9428,42,45,38198123.0,1,9546
9429,42,47,38198123.0,1,9547
9430,87,42,38198463.0,1,9548
9431,87,45,38200748.0,1,9549
9432,87,42,38200748.0,1,9550
9433,64,1,38205087.0,1,9551
9434,64,85,38205154.0,1,9552
9435,31,33,38205634.0,1,9553
9436,45,24,38205798.0,1,9554
9437,45,24,38205842.0,1,9555
9438,42,45,38206156.0,1,9556
9439,45,42,38206467.0,1,9557
9440,45,42,38206513.0,1,9558
9441,45,63,38206817.0,1,9559
9442,33,31,38207473.0,1,9560
9443,73,60,38207517.0,1,9561
9444,42,45,38207613.0,1,9562
9445,45,42,38208374.0,1,9563
9446,45,42,38208482.0,1,9564
9447,42,45,38208692.0,1,9565
9448,87,42,38209489.0,1,9566
9449,73,60,38210251.0,1,9567
9450,60,73,38210768.0,1,9568
9451,31,33,38211478.0,1,9569
9452,83,2,38212059.0,1,9570
9453,48,54,38212315.0,1,9571
9454,15,35,38212952.0,1,9572
9455,48,17,38213735.0,1,9573
9456,54,48,38213797.0,1,9574
9457,48,63,38214328.0,1,9575
9458,17,48,38215207.0,1,9576
9459,44,15,38215560.0,1,9577
9460,44,33,38215560.0,1,9578
9461,44,14,38215560.0,1,9579
9462,70,20,38216817.0,1,9580
9463,17,54,38219293.0,1,9581
9464,47,11,38219483.0,1,9582
9465,47,74,38219483.0,1,9583
9466,47,28,38219483.0,1,9584
9467,32,25,38219911.0,1,9585
9468,60,73,38220966.0,1,9586
9469,17,10,38221689.0,1,9587
9470,54,48,38222737.0,1,9588
9471,24,45,38223155.0,1,9589
9472,49,48,38226116.0,1,9590
9473,45,87,38239313.0,1,9591
9474,48,49,38277948.0,1,9592
9475,54,48,38279698.0,1,9593
9476,48,54,38280806.0,1,9594
9477,66,9,38281517.0,1,9595
9478,49,23,38283400.0,1,9596
9479,49,66,38286583.0,1,9597
9480,35,26,38287304.0,1,9598
9481,35,27,38287304.0,1,9601
9482,35,24,38287304.0,1,9600
9483,35,25,38287304.0,1,9599
9484,35,57,38287304.0,1,9602
9485,26,35,38287386.0,1,9603
9486,26,24,38287974.0,1,9604
9487,26,35,38287974.0,1,9605
9488,23,49,38288701.0,1,9606
9489,49,54,38288725.0,1,9607
9490,49,38,38289403.0,1,9608
9491,42,56,38290651.0,1,9609
9492,35,17,38290764.0,1,9610
9493,2,17,38293670.0,1,9611
9494,30,71,38293683.0,1,9612
9495,33,31,38294195.0,1,9613
9496,5,49,38294548.0,1,9614
9497,31,33,38295177.0,1,9615
9498,49,5,38296389.0,1,9616
9499,24,63,38297084.0,1,9617
9500,17,25,38297264.0,1,9618
9501,17,73,38297546.0,1,9619
9502,12,13,38297724.0,1,9620
9503,45,24,38300883.0,1,9621
9504,45,63,38300883.0,1,9622
9505,45,24,38300898.0,1,9623
9506,45,63,38300898.0,1,9624
9507,43,49,38301405.0,1,9625
9508,5,49,38301637.0,1,9626
9509,54,17,38301991.0,1,9627
9510,49,43,38307495.0,1,9628
9511,71,9,38308423.0,1,9629
9512,71,8,38308423.0,1,9630
9513,71,30,38308423.0,1,9633
9514,71,1,38308423.0,1,9632
9515,71,66,38308423.0,1,9631
9516,71,18,38308423.0,1,9634
9517,71,1,38308938.0,1,9637
9518,71,8,38308938.0,1,9636
9519,71,9,38308938.0,1,9635
9520,71,30,38308938.0,1,9638
9521,80,76,38311273.0,1,9639
9522,80,76,38311281.0,1,9640
9523,76,54,38316249.0,1,9641
9524,57,24,38325997.0,1,9642
9525,54,76,38364508.0,1,9643
9526,9,71,38364614.0,1,9644
9527,23,59,38372610.0,1,9645
9528,54,80,38375000.0,1,9646
9529,54,48,38375143.0,1,9647
9530,48,54,38376205.0,1,9648
9531,48,54,38376248.0,1,9649
9532,48,54,38376360.0,1,9650
9533,82,1,38376927.0,1,9651
9534,82,1,38377186.0,1,9652
9535,80,54,38377671.0,1,9653
9536,5,52,38379794.0,1,9654
9537,63,24,38379826.0,1,9655
9538,38,5,38379886.0,1,9656
9539,5,22,38380074.0,1,9657
9540,35,2,38380219.0,1,9658
9541,5,19,38380415.0,1,9659
9542,25,5,38380701.0,1,9660
9543,5,87,38381066.0,1,9661
9544,5,30,38381249.0,1,9662
9545,24,63,38381664.0,1,9663
9546,5,88,38381769.0,1,9664
9547,5,20,38381838.0,1,9665
9548,20,5,38382215.0,1,9666
9549,45,42,38383083.0,1,9667
9550,42,45,38383244.0,1,9668
9551,48,54,38384225.0,1,9669
9552,54,48,38385507.0,1,9670
9553,88,60,38388195.0,1,9671
9554,88,60,38388212.0,1,9672
9555,33,15,38388349.0,1,9673
9556,5,25,38389935.0,1,9674
9557,5,20,38390273.0,1,9675
9558,66,58,38390289.0,1,9676
9559,5,27,38390403.0,1,9677
9560,35,25,38391057.0,1,9678
9561,25,80,38391303.0,1,9679
9562,73,77,38392692.0,1,9680
9563,73,54,38392830.0,1,9681
9564,80,25,38393256.0,1,9682
9565,25,35,38394217.0,1,9683
9566,15,33,38394266.0,1,9684
9567,42,45,38394564.0,1,9685
9568,25,5,38394909.0,1,9686
9569,60,88,38396874.0,1,9687
9570,5,38,38404846.0,1,9688
9571,23,59,38425043.0,1,9689
9572,23,66,38426469.0,1,9690
9573,42,45,38470114.0,1,9691
9574,83,2,38551137.0,1,9692
9575,83,2,38551855.0,1,9693
9576,42,45,38556362.0,1,9694
9577,54,48,38621709.0,1,9695
9578,54,48,38621717.0,1,9696
9579,39,80,38626999.0,1,9702
9580,39,12,38626999.0,1,9701
9581,39,83,38626999.0,1,9700
9582,39,2,38626999.0,1,9699
9583,39,13,38626999.0,1,9697
9584,39,76,38626999.0,1,9698
9585,52,57,38628393.0,1,9703
9586,52,5,38628504.0,1,9704
9587,54,45,38628666.0,1,9705
9588,70,20,38628704.0,1,9706
9589,35,46,38629480.0,1,9707
9590,35,27,38629480.0,1,9710
9591,35,33,38629480.0,1,9711
9592,35,26,38629480.0,1,9709
9593,35,24,38629480.0,1,9708
9594,33,60,38629642.0,1,9712
9595,35,13,38629969.0,1,9713
9596,73,60,38630290.0,1,9714
9597,35,10,38630352.0,1,9715
9598,88,25,38631517.0,1,9716
9599,33,23,38631681.0,1,9717
9600,88,25,38632003.0,1,9718
9601,5,52,38632068.0,1,9719
9602,77,73,38632114.0,1,9720
9603,52,5,38632524.0,1,9721
9604,77,73,38633012.0,1,9722
9605,5,52,38633581.0,1,9723
9606,43,70,38633834.0,1,9724
9607,43,56,38634052.0,1,9725
9608,70,20,38634550.0,1,9726
9609,70,1,38634550.0,1,9727
9610,70,43,38635816.0,1,9728
9611,42,45,38636287.0,1,9729
9612,9,66,38637846.0,1,9730
9613,43,56,38638073.0,1,9731
9614,43,49,38638387.0,1,9732
9615,46,27,38640434.0,1,9735
9616,46,35,38640434.0,1,9736
9617,46,24,38640434.0,1,9733
9618,46,26,38640434.0,1,9734
9619,2,39,38640511.0,1,9737
9620,1,70,38641480.0,1,9738
9621,1,82,38641752.0,1,9740
9622,1,70,38641752.0,1,9739
9623,1,2,38641932.0,1,9741
9624,1,70,38641951.0,1,9742
9625,60,47,38642065.0,1,9743
9626,88,60,38642289.0,1,9744
9627,5,38,38644828.0,1,9745
9628,45,42,38646857.0,1,9746
9629,45,42,38647718.0,1,9747
9630,60,33,38649839.0,1,9748
9631,82,1,38651796.0,1,9749
9632,82,1,38651858.0,1,9750
9633,12,73,38655406.0,1,9751
9634,18,19,38656623.0,1,9752
9635,80,76,38656654.0,1,9753
9636,48,54,38658312.0,1,9754
9637,83,2,38658964.0,1,9755
9638,54,48,38709516.0,1,9756
9639,67,32,38714256.0,1,9757
9640,67,54,38714256.0,1,9758
9641,67,52,38714256.0,1,9759
9642,35,59,38715317.0,1,9760
9643,42,45,38718519.0,1,9761
9644,2,10,38719735.0,1,9762
9645,43,56,38722851.0,1,9763
9646,44,60,38724197.0,1,9764
9647,25,44,38727357.0,1,9765
9648,44,25,38728114.0,1,9766
9649,43,49,38728391.0,1,9767
9650,87,2,38730660.0,1,9768
9651,13,48,38731222.0,1,9769
9652,48,13,38731675.0,1,9770
9653,5,27,38732051.0,1,9771
9654,88,5,38732446.0,1,9772
9655,88,5,38732529.0,1,9773
9656,64,2,38733852.0,1,9774
9657,5,88,38733940.0,1,9775
9658,26,24,38737623.0,1,9776
9659,45,48,38737943.0,1,9777
9660,2,87,38739286.0,1,9778
9661,42,56,38739298.0,1,9779
9662,48,54,38745045.0,1,9780
9663,83,87,38754145.0,1,9781
9664,42,87,38803710.0,1,9784
9665,42,83,38803710.0,1,9783
9666,42,45,38803710.0,1,9782
9667,26,24,38806224.0,1,9786
9668,26,35,38806224.0,1,9788
9669,26,27,38806224.0,1,9787
9670,26,46,38806224.0,1,9785
9671,30,5,38807015.0,1,9789
9672,44,30,38808535.0,1,9790
9673,30,23,38808623.0,1,9791
9674,60,73,38809315.0,1,9792
9675,82,1,38809658.0,1,9793
9676,35,25,38809729.0,1,9794
9677,70,43,38810288.0,1,9795
9678,1,71,38810368.0,1,9799
9679,1,64,38810368.0,1,9796
9680,1,82,38810368.0,1,9798
9681,1,2,38810368.0,1,9797
9682,1,70,38810680.0,1,9800
9683,15,73,38811982.0,1,9801
9684,12,60,38812645.0,1,9802
9685,44,60,38813086.0,1,9803
9686,44,73,38813086.0,1,9804
9687,26,24,38814182.0,1,9805
9688,24,26,38815220.0,1,9806
9689,12,58,38815837.0,1,9807
9690,5,30,38816309.0,1,9808
9691,5,11,38816311.0,1,9809
9692,42,45,38818658.0,1,9810
9693,30,9,38819273.0,1,9811
9694,30,23,38819273.0,1,9812
9695,30,59,38819273.0,1,9813
9696,30,66,38819273.0,1,9814
9697,30,71,38819273.0,1,9815
9698,5,27,38820169.0,1,9816
9699,77,73,38820498.0,1,9817
9700,73,15,38821630.0,1,9818
9701,73,15,38824113.0,1,9819
9702,35,23,38825359.0,1,9822
9703,35,33,38825359.0,1,9826
9704,35,28,38825359.0,1,9827
9705,35,10,38825359.0,1,9824
9706,35,59,38825359.0,1,9823
9707,35,13,38825359.0,1,9821
9708,35,11,38825359.0,1,9825
9709,35,58,38825359.0,1,9828
9710,35,18,38825359.0,1,9829
9711,35,19,38825359.0,1,9820
9712,49,43,38828788.0,1,9830
9713,54,60,38828892.0,1,9831
9714,23,30,38828895.0,1,9832
9715,15,73,38829018.0,1,9833
9716,5,38,38853604.0,1,9834
9717,45,63,38856382.0,1,9835
9718,45,48,38859608.0,1,9836
9719,1,70,38884576.0,1,9837
9720,70,20,38886339.0,1,9838
9721,80,70,38889899.0,1,9839
9722,54,48,38891132.0,1,9840
9723,48,54,38891942.0,1,9841
9724,43,54,38892116.0,1,9843
9725,43,17,38892116.0,1,9842
9726,24,54,38893401.0,1,9844
9727,60,88,38895588.0,1,9845
9728,43,49,38895589.0,1,9846
9729,43,56,38895589.0,1,9847
9730,43,49,38896259.0,1,9848
9731,13,25,38896487.0,1,9849
9732,44,14,38897549.0,1,9850
9733,25,13,38897879.0,1,9851
9734,13,25,38898587.0,1,9852
9735,25,13,38899009.0,1,9853
9736,48,24,38899510.0,1,9854
9737,25,13,38899724.0,1,9855
9738,54,48,38900434.0,1,9856
9739,25,77,38900833.0,1,9857
9740,13,25,38900882.0,1,9858
9741,25,13,38901291.0,1,9859
9742,48,54,38903059.0,1,9860
9743,25,35,38904064.0,1,9861
9744,9,66,38904076.0,1,9862
9745,9,71,38904076.0,1,9863
9746,1,2,38905836.0,1,9864
9747,49,43,38909552.0,1,9865
9748,52,76,38911782.0,1,9866
9749,35,64,38919315.0,1,9867
9750,35,46,38919315.0,1,9868
9751,25,16,38931975.0,1,9869
9752,89,1,38970300.0,1,9870
9753,89,1,38971444.0,1,9871
9754,89,1,38972097.0,1,9872
9755,11,5,38972473.0,1,9873
9756,60,44,38972537.0,1,9874
9757,60,30,38972617.0,1,9886
9758,60,49,38972617.0,1,9881
9759,60,71,38972617.0,1,9885
9760,60,68,38972617.0,1,9883
9761,60,44,38972617.0,1,9884
9762,60,23,38972617.0,1,9875
9763,60,21,38972617.0,1,9882
9764,60,8,38972617.0,1,9876
9765,60,62,38972617.0,1,9879
9766,60,66,38972617.0,1,9880
9767,60,59,38972617.0,1,9877
9768,60,72,38972617.0,1,9878
9769,35,66,38974422.0,1,9890
9770,35,19,38974422.0,1,9887
9771,35,13,38974422.0,1,9888
9772,35,59,38974422.0,1,9889
9773,35,12,38974422.0,1,9892
9774,35,33,38974422.0,1,9891
9775,33,64,38978762.0,1,9893
9776,54,49,38979694.0,1,9894
9777,49,54,38981029.0,1,9895
9778,54,49,38981520.0,1,9896
9779,49,47,38981901.0,1,9897
9780,49,33,38981995.0,1,9898
9781,25,16,38983292.0,1,9899
9782,77,25,38983640.0,1,9900
9783,73,58,38983979.0,1,9901
9784,73,14,38984058.0,1,9902
9785,49,47,38984542.0,1,9904
9786,49,33,38984542.0,1,9903
9787,88,60,38985526.0,1,9905
9788,88,25,38986206.0,1,9906
9789,25,60,38986271.0,1,9907
9790,25,88,38987078.0,1,9908
9791,77,73,38987225.0,1,9910
9792,77,60,38987225.0,1,9909
9793,24,26,38987815.0,1,9911
9794,80,70,38988857.0,1,9912
9795,77,73,38989055.0,1,9914
9796,77,60,38989055.0,1,9913
9797,78,44,38990703.0,1,9915
9798,83,39,38991284.0,1,9916
9799,83,2,38991284.0,1,9917
9800,83,87,38991285.0,1,9923
9801,83,2,38991285.0,1,9922
9802,83,39,38991285.0,1,9918
9803,83,64,38991285.0,1,9920
9804,83,85,38991285.0,1,9921
9805,83,56,38991285.0,1,9919
9806,80,76,38991348.0,1,9924
9807,74,11,38991853.0,1,9926
9808,74,47,38991853.0,1,9927
9809,74,9,38991853.0,1,9925
9810,73,77,38991909.0,1,9928
9811,80,70,38994460.0,1,9929
9812,1,2,38995047.0,1,9930
9813,48,54,38995914.0,1,9931
9814,56,43,38996157.0,1,9932
9815,77,73,39000132.0,1,9934
9816,77,60,39000132.0,1,9933
9817,73,77,39000817.0,1,9935
9818,15,17,39155571.0,1,9936
9819,15,16,39155571.0,1,9937
9820,15,5,39155844.0,1,9938
9821,49,86,39174345.0,1,9939
9822,48,54,39229783.0,1,9940
9823,82,1,39231136.0,1,9941
9824,54,48,39231143.0,1,9942
9825,35,17,39237740.0,1,9943
9826,77,49,39238605.0,1,9944
9827,24,45,39238798.0,1,9945
9828,5,15,39242538.0,1,9946
9829,5,15,39242691.0,1,9947
9830,15,5,39242703.0,1,9948
9831,49,77,39246196.0,1,9949
9832,42,45,39246683.0,1,9950
9833,31,68,39246987.0,1,9951
9834,12,60,39247935.0,1,9952
9835,12,60,39247988.0,1,9953
9836,77,49,39249574.0,1,9954
9837,48,87,39249635.0,1,9955
9838,31,64,39250178.0,1,9956
9839,12,60,39251223.0,1,9957
9840,64,85,39251839.0,1,9958
9841,17,10,39257534.0,1,9959
9842,63,54,39260556.0,1,9960
9843,5,18,39261879.0,1,9961
9844,5,22,39262309.0,1,9962
9845,5,9,39262344.0,1,9963
9846,1,70,39316480.0,1,9964
9847,1,70,39316604.0,1,9965
9848,1,82,39316856.0,1,9966
9849,18,45,39317579.0,1,9967
9850,71,58,39318582.0,1,9971
9851,71,9,39318582.0,1,9968
9852,71,30,39318582.0,1,9972
9853,71,1,39318582.0,1,9970
9854,71,66,39318582.0,1,9969
9855,54,63,39319074.0,1,9973
9856,54,48,39319405.0,1,9974
9857,83,2,39320147.0,1,9975
9858,60,17,39321113.0,1,9976
9859,60,54,39321113.0,1,9977
9860,60,16,39321113.0,1,9978
9861,88,20,39321988.0,1,9979
9862,45,24,39322586.0,1,9980
9863,54,32,39323873.0,1,9981
9864,54,52,39323873.0,1,9982
9865,54,48,39323873.0,1,9983
9866,5,10,39328059.0,1,9984
9867,49,60,39332234.0,1,9985
9868,49,60,39332283.0,1,9986
9869,25,80,39337839.0,1,9987
9870,80,25,39338041.0,1,9988
9871,87,35,39339733.0,1,9989
9872,36,60,39343317.0,1,9990
9873,36,16,39343317.0,1,9991
9874,54,24,39346531.0,1,9992
9875,63,54,39353582.0,1,9993
9876,24,54,39358224.0,1,9994
9877,15,35,39369354.0,1,9998
9878,15,33,39369354.0,1,9997
9879,15,44,39369354.0,1,9996
9880,15,14,39369354.0,1,9999
9881,15,11,39369354.0,1,9995
9882,76,12,39400363.0,1,10000
9883,70,20,39401110.0,1,10001
9884,8,59,39402849.0,1,10004
9885,8,9,39402849.0,1,10002
9886,8,23,39402849.0,1,10003
9887,8,71,39402849.0,1,10006
9888,8,66,39402849.0,1,10005
9889,1,70,39403469.0,1,10007
9890,1,71,39403720.0,1,10009
9891,1,82,39403720.0,1,10008
9892,1,70,39404120.0,1,10010
9893,1,82,39405768.0,1,10012
9894,1,70,39405768.0,1,10011
9895,35,87,39405870.0,1,10013
9896,13,39,39405938.0,1,10014
9897,12,76,39407172.0,1,10015
9898,11,47,39407178.0,1,10016
9899,87,35,39407180.0,1,10017
9900,76,12,39408855.0,1,10018
9901,80,76,39408974.0,1,10020
9902,80,39,39408974.0,1,10019
9903,76,39,39409745.0,1,10021
9904,5,38,39410731.0,1,10022
9905,5,25,39411232.0,1,10023
9906,48,80,39411325.0,1,10024
9907,54,63,39411808.0,1,10025
9908,54,24,39414200.0,1,10026
9909,5,11,39417165.0,1,10027
9910,5,11,39417280.0,1,10028
9911,49,56,39421590.0,1,10029
9912,49,43,39421590.0,1,10030
9913,26,27,39422818.0,1,10033
9914,26,35,39422818.0,1,10034
9915,26,24,39422818.0,1,10032
9916,26,46,39422818.0,1,10031
9917,70,20,39423217.0,1,10035
9918,70,1,39423217.0,1,10036
9919,49,56,39424404.0,1,10037
9920,49,43,39424404.0,1,10038
9921,24,48,39426198.0,1,10039
9922,54,24,39426221.0,1,10040
9923,75,14,39426468.0,1,10041
9924,48,24,39426593.0,1,10042
9925,24,48,39426941.0,1,10043
9926,24,57,39427334.0,1,10044
9927,60,30,39428208.0,1,10045
9928,25,32,39428733.0,1,10046
9929,30,71,39428857.0,1,10047
9930,42,45,39429094.0,1,10048
9931,48,54,39429139.0,1,10049
9932,63,54,39429221.0,1,10050
9933,87,1,39430403.0,1,10051
9934,5,30,39431319.0,1,10053
9935,5,19,39431319.0,1,10052
9936,5,18,39431319.0,1,10054
9937,24,63,39432841.0,1,10055
9938,5,25,39433165.0,1,10056
9939,32,25,39433766.0,1,10057
9940,63,24,39436130.0,1,10058
9941,32,25,39436151.0,1,10059
9942,17,25,39437286.0,1,10060
9943,63,18,39438254.0,1,10061
9944,5,87,39455322.0,1,10062
9945,54,48,39486445.0,1,10063
9946,48,54,39488707.0,1,10064
9947,1,70,39489646.0,1,10065
9948,1,71,39490591.0,1,10066
9949,82,1,39490728.0,1,10067
9950,1,64,39491017.0,1,10069
9951,1,70,39491017.0,1,10068
9952,71,1,39493252.0,1,10072
9953,71,9,39493252.0,1,10070
9954,71,8,39493252.0,1,10071
9955,54,60,39497784.0,1,10073
9956,24,54,39500942.0,1,10074
9957,80,76,39501057.0,1,10075
9958,33,14,39501824.0,1,10076
9959,67,54,39502246.0,1,10077
9960,25,32,39502932.0,1,10078
9961,32,25,39503366.0,1,10079
9962,20,2,39506020.0,1,10080
9963,2,20,39508085.0,1,10081
9964,83,39,39508321.0,1,10082
9965,3,43,39508863.0,1,10083
9966,20,85,39509175.0,1,10084
9967,20,85,39509363.0,1,10085
9968,18,63,39509491.0,1,10086
9969,54,48,39509879.0,1,10088
9970,54,52,39509879.0,1,10087
9971,54,24,39510178.0,1,10089
9972,17,20,39510899.0,1,10090
9973,60,22,39515312.0,1,10091
9974,60,22,39515343.0,1,10092
9975,48,25,39516820.0,1,10093
9976,54,48,39517675.0,1,10094
9977,12,60,39517823.0,1,10095
9978,48,54,39518298.0,1,10096
9979,25,48,39518327.0,1,10097
9980,48,25,39518490.0,1,10098
9981,63,18,39518720.0,1,10099
9982,5,11,39519762.0,1,10100
9983,39,14,39520102.0,1,10101
9984,77,67,39520667.0,1,10102
9985,24,25,39521995.0,1,10103
9986,60,17,39526038.0,1,10104
9987,9,66,39572991.0,1,10105
9988,9,71,39572991.0,1,10106
9989,87,25,39576644.0,1,10107
9990,52,81,39576873.0,1,10108
9991,52,81,39576902.0,1,10109
9992,54,80,39578873.0,1,10110
9993,82,1,39579091.0,1,10111
9994,80,76,39580326.0,1,10112
9995,43,49,39582291.0,1,10113
9996,43,56,39582291.0,1,10114
9997,43,80,39582291.0,1,10115
9998,43,56,39584997.0,1,10117
9999,43,49,39584997.0,1,10116
10000,43,80,39584997.0,1,10118
10001,48,24,39585049.0,1,10119
10002,56,25,39585105.0,1,10120
10003,54,24,39585525.0,1,10121
10004,10,5,39585922.0,1,10122
10005,25,87,39585953.0,1,10123
10006,87,25,39587183.0,1,10124
10007,43,49,39587204.0,1,10125
10008,24,54,39587483.0,1,10126
10009,5,88,39588312.0,1,10127
10010,5,10,39588377.0,1,10128
10011,54,24,39589162.0,1,10129
10012,54,24,39589308.0,1,10130
10013,54,63,39589578.0,1,10131
10014,12,25,39589599.0,1,10132
10015,25,12,39593148.0,1,10133
10016,30,71,39593594.0,1,10135
10017,30,60,39593594.0,1,10134
10018,19,46,39596756.0,1,10136
10019,19,38,39596756.0,1,10139
10020,19,85,39596756.0,1,10138
10021,19,53,39596756.0,1,10137
10022,19,26,39596756.0,1,10140
10023,19,37,39596756.0,1,10142
10024,19,27,39596756.0,1,10141
10025,19,5,39596800.0,1,10143
10026,60,30,39598058.0,1,10144
10027,58,78,39598829.0,1,10145
10028,5,11,39598926.0,1,10146
10029,5,19,39599381.0,1,10147
10030,63,54,39601027.0,1,10148
10031,60,17,39601237.0,1,10149
10032,77,67,39602309.0,1,10150
10033,45,25,39603836.0,1,10151
10034,42,25,39604006.0,1,10152
10035,35,14,39604781.0,1,10153
10036,58,23,39605264.0,1,10154
10037,15,25,39606501.0,1,10155
10038,85,44,39609940.0,1,10156
10039,60,17,39611107.0,1,10157
10040,60,17,39611485.0,1,10158
10041,83,25,39614582.0,1,10159
10042,63,58,39614821.0,1,10160
10043,71,60,39695946.0,1,10161
10044,71,1,39696051.0,1,10165
10045,71,30,39696051.0,1,10166
10046,71,9,39696051.0,1,10162
10047,71,8,39696051.0,1,10163
10048,71,66,39696051.0,1,10164
10049,24,54,39712952.0,1,10167
10050,61,55,39777252.0,1,10168
10051,5,11,39783803.0,1,10169
10052,54,63,39832902.0,1,10170
10053,26,27,39833716.0,1,10173
10054,26,24,39833716.0,1,10172
10055,26,46,39833716.0,1,10171
10056,26,35,39833716.0,1,10174
10057,26,46,39834214.0,1,10175
10058,54,48,39834218.0,1,10176
10059,80,54,39839431.0,1,10177
10060,35,25,39841741.0,1,10178
10061,70,1,39842020.0,1,10180
10062,70,20,39842020.0,1,10179
10063,15,25,39842557.0,1,10181
10064,66,71,39842781.0,1,10183
10065,66,30,39842781.0,1,10184
10066,66,9,39842781.0,1,10182
10067,25,15,39842924.0,1,10185
10068,66,30,39842942.0,1,10187
10069,66,71,39842942.0,1,10186
10070,66,71,39843336.0,1,10188
10071,48,54,39845472.0,1,10189
10072,32,54,39845479.0,1,10190
10073,48,54,39845707.0,1,10191
10074,35,14,39845992.0,1,10192
10075,15,25,39846502.0,1,10193
10076,5,88,39846701.0,1,10194
10077,35,74,39846824.0,1,10195
10078,70,1,39847552.0,1,10197
10079,70,20,39847552.0,1,10196
10080,23,60,39847994.0,1,10198
10081,24,54,39848005.0,1,10199
10082,30,23,39848525.0,1,10200
10083,30,71,39848525.0,1,10202
10084,30,66,39848525.0,1,10201
10085,26,24,39849079.0,1,10203
10086,49,43,39849110.0,1,10204
10087,2,83,39849269.0,1,10205
10088,35,14,39850878.0,1,10206
10089,23,66,39853499.0,1,10207
10090,52,24,39855218.0,1,10208
10091,71,1,39855611.0,1,10212
10092,71,66,39855611.0,1,10211
10093,71,9,39855611.0,1,10209
10094,71,8,39855611.0,1,10210
10095,49,43,39855677.0,1,10213
10096,44,23,39857186.0,1,10214
10097,80,67,39857234.0,1,10215
10098,43,67,39857287.0,1,10216
10099,17,20,39860299.0,1,10217
10100,23,58,39861332.0,1,10218
10101,24,52,39861386.0,1,10219
10102,73,17,39862869.0,1,10220
10103,17,20,39863193.0,1,10221
10104,23,60,39863680.0,1,10222
10105,73,54,39863963.0,1,10223
10106,77,60,39865211.0,1,10224
10107,77,60,39865253.0,1,10225
10108,66,23,39866037.0,1,10226
10109,66,30,39866165.0,1,10227
10110,58,23,39867248.0,1,10228
10111,9,8,39867939.0,1,10229
10112,9,71,39867939.0,1,10231
10113,9,66,39867939.0,1,10230
10114,2,71,39869887.0,1,10232
10115,2,71,39870810.0,1,10233
10116,46,26,39874136.0,1,10234
10117,63,54,39874251.0,1,10235
10118,26,46,39875177.0,1,10236
10119,5,38,39875989.0,1,10237
10120,20,17,39918926.0,1,10238
10121,20,25,39918926.0,1,10239
10122,54,63,39919655.0,1,10240
10123,54,63,39921247.0,1,10241
10124,88,5,39926003.0,1,10242
10125,77,49,39927196.0,1,10243
10126,77,73,39927196.0,1,10245
10127,77,60,39927196.0,1,10244
10128,77,73,39928116.0,1,10246
10129,48,54,39928666.0,1,10247
10130,5,10,39929454.0,1,10248
10131,83,39,39930671.0,1,10249
10132,52,54,39932419.0,1,10250
10133,60,12,39933359.0,1,10251
10134,83,87,39933850.0,1,10253
10135,83,2,39933850.0,1,10252
10136,60,16,39933970.0,1,10256
10137,60,17,39933970.0,1,10254
10138,60,54,39933970.0,1,10255
10139,54,60,39934082.0,1,10257
10140,83,87,39934323.0,1,10259
10141,83,2,39934323.0,1,10258
10142,85,64,39935777.0,1,10260
10143,73,53,39937108.0,1,10261
10144,66,71,39937526.0,1,10262
10145,54,24,39938020.0,1,10263
10146,13,12,39939249.0,1,10264
10147,54,45,39939467.0,1,10265
10148,24,54,39940152.0,1,10266
10149,60,77,39940210.0,1,10267
10150,70,1,39942416.0,1,10269
10151,70,20,39942416.0,1,10268
10152,20,17,39943794.0,1,10270
10153,17,73,39944106.0,1,10271
10154,73,17,39944681.0,1,10272
10155,49,73,39944832.0,1,10274
10156,49,60,39944832.0,1,10273
10157,49,23,39945877.0,1,10275
10158,23,49,39946068.0,1,10276
10159,60,73,39947879.0,1,10277
10160,17,20,39947892.0,1,10278
10161,12,60,39948686.0,1,10279
10162,10,5,39949200.0,1,10280
10163,24,54,39949978.0,1,10281
10164,25,17,39954042.0,1,10282
10165,63,54,39959652.0,1,10283
10166,54,48,40008424.0,1,10284
10167,1,70,40009409.0,1,10285
10168,1,82,40009506.0,1,10286
10169,1,70,40009555.0,1,10287
10170,1,70,40009787.0,1,10288
10171,1,70,40009953.0,1,10289
10172,1,70,40010045.0,1,10290
10173,1,82,40010227.0,1,10293
10174,1,70,40010227.0,1,10291
10175,1,89,40010227.0,1,10292
10176,1,82,40011024.0,1,10296
10177,1,71,40011024.0,1,10297
10178,1,89,40011024.0,1,10295
10179,1,70,40011024.0,1,10294
10180,32,73,40011397.0,1,10298
10181,35,85,40018853.0,1,10299
10182,2,25,40019097.0,1,10301
10183,2,64,40019097.0,1,10302
10184,2,89,40019097.0,1,10300
10185,2,20,40019097.0,1,10303
10186,2,35,40019097.0,1,10305
10187,2,74,40019097.0,1,10304
10188,66,60,40020022.0,1,10306
10189,12,60,40020707.0,1,10307
10190,60,22,40025189.0,1,10308
10191,85,38,40025819.0,1,10309
10192,24,54,40026368.0,1,10310
10193,30,60,40027478.0,1,10311
10194,60,30,40028805.0,1,10312
10195,73,48,40029615.0,1,10313
10196,85,64,40030321.0,1,10314
10197,30,73,40030358.0,1,10315
10198,25,17,40030362.0,1,10316
10199,52,18,40030743.0,1,10317
10200,25,52,40030861.0,1,10318
10201,87,25,40031005.0,1,10319
10202,30,60,40031035.0,1,10320
10203,25,22,40031181.0,1,10321
10204,25,45,40031715.0,1,10322
10205,25,42,40031723.0,1,10323
10206,73,30,40032071.0,1,10324
10207,82,1,40032114.0,1,10325
10208,54,24,40032960.0,1,10326
10209,42,25,40033680.0,1,10327
10210,54,24,40036016.0,1,10328
10211,52,25,40036257.0,1,10329
10212,38,5,40037758.0,1,10330
10213,24,45,40038471.0,1,10331
10214,45,25,40039109.0,1,10332
10215,17,73,40040356.0,1,10333
10216,17,85,40040570.0,1,10334
10217,5,38,40042610.0,1,10335
10218,63,54,40048244.0,1,10336
10219,54,5,40091724.0,1,10337
10220,66,9,40095839.0,1,10338
10221,66,71,40095839.0,1,10339
10222,66,58,40096486.0,1,10344
10223,66,23,40096486.0,1,10341
10224,66,8,40096486.0,1,10342
10225,66,71,40096486.0,1,10343
10226,66,9,40096486.0,1,10340
10227,66,30,40096486.0,1,10345
10228,77,17,40099399.0,1,10346
10229,80,76,40099663.0,1,10347
10230,54,63,40099750.0,1,10348
10231,54,17,40099973.0,1,10349
10232,45,63,40100048.0,1,10350
10233,85,38,40101261.0,1,10351
10234,85,38,40101917.0,1,10352
10235,32,54,40102480.0,1,10353
10236,66,30,40102548.0,1,10354
10237,26,46,40104830.0,1,10355
10238,26,24,40104830.0,1,10356
10239,26,35,40104830.0,1,10358
10240,26,27,40104830.0,1,10357
10241,63,45,40104956.0,1,10359
10242,44,60,40105435.0,1,10360
10243,48,76,40105818.0,1,10361
10244,38,85,40109002.0,1,10362
10245,52,18,40113186.0,1,10363
10246,25,80,40113202.0,1,10364
10247,75,23,40120471.0,1,10365
10248,25,17,40122311.0,1,10366
10249,47,23,40124714.0,1,10367
10250,70,1,40178740.0,1,10369
10251,70,20,40178740.0,1,10368
10252,1,82,40180489.0,1,10370
10253,52,54,40182117.0,1,10371
10254,26,24,40184133.0,1,10373
10255,26,46,40184133.0,1,10372
10256,11,47,40184725.0,1,10374
10257,11,47,40184917.0,1,10375
10258,11,47,40184989.0,1,10376
10259,11,47,40185044.0,1,10377
10260,60,73,40185743.0,1,10378
10261,47,74,40187900.0,1,10379
10262,63,54,40189189.0,1,10380
10263,77,73,40189617.0,1,10382
10264,77,60,40189617.0,1,10381
10265,77,73,40189705.0,1,10384
10266,77,60,40189705.0,1,10383
10267,54,60,40193977.0,1,10385
10268,73,15,40197938.0,1,10386
10269,54,63,40199100.0,1,10387
10270,54,60,40199963.0,1,10388
10271,47,42,40200211.0,1,10389
10272,47,74,40200211.0,1,10390
10273,54,48,40200252.0,1,10391
10274,63,54,40203021.0,1,10392
10275,60,6,40205647.0,1,10411
10276,60,22,40205647.0,1,10409
10277,60,62,40205647.0,1,10410
10278,60,16,40205647.0,1,10424
10279,60,9,40205647.0,1,10393
10280,60,11,40205647.0,1,10394
10281,60,47,40205647.0,1,10423
10282,60,71,40205647.0,1,10420
10283,60,12,40205647.0,1,10421
10284,60,30,40205647.0,1,10422
10285,60,21,40205647.0,1,10415
10286,60,56,40205647.0,1,10404
10287,60,23,40205647.0,1,10405
10288,60,15,40205647.0,1,10406
10289,60,8,40205647.0,1,10407
10290,60,72,40205647.0,1,10408
10291,60,44,40205647.0,1,10418
10292,60,68,40205647.0,1,10417
10293,60,43,40205647.0,1,10416
10294,60,58,40205647.0,1,10401
10295,60,86,40205647.0,1,10402
10296,60,28,40205647.0,1,10400
10297,60,42,40205647.0,1,10395
10298,60,14,40205647.0,1,10399
10299,60,33,40205647.0,1,10398
10300,60,87,40205647.0,1,10397
10301,60,83,40205647.0,1,10396
10302,60,29,40205647.0,1,10419
10303,60,49,40205647.0,1,10414
10304,60,31,40205647.0,1,10413
10305,60,66,40205647.0,1,10412
10306,60,13,40205647.0,1,10403
10307,13,39,40212774.0,1,10425
10308,71,9,40230482.0,1,10426
10309,71,1,40230482.0,1,10428
10310,71,66,40230482.0,1,10427
10311,2,83,40305757.0,1,10429
10312,11,47,40373890.0,1,10430
10313,11,47,40374119.0,1,10431
10314,11,47,40374185.0,1,10432
10315,54,48,40437084.0,1,10433
10316,54,52,40442652.0,1,10434
10317,54,52,40442666.0,1,10435
10318,54,60,40443121.0,1,10436
10319,52,54,40444079.0,1,10437
10320,88,60,40444812.0,1,10438
10321,88,73,40444812.0,1,10439
10322,54,60,40447201.0,1,10440
10323,48,24,40447325.0,1,10442
10324,48,54,40447325.0,1,10441
10325,54,24,40448232.0,1,10443
10326,70,20,40448335.0,1,10444
10327,70,1,40448335.0,1,10445
10328,70,20,40448829.0,1,10446
10329,70,1,40448829.0,1,10447
10330,85,64,40448902.0,1,10448
10331,76,80,40451365.0,1,10449
10332,67,43,40451749.0,1,10450
10333,43,67,40455034.0,1,10451
10334,15,60,40455197.0,1,10452
10335,15,73,40455197.0,1,10453
10336,47,23,40456783.0,1,10454
10337,74,23,40458439.0,1,10455
10338,76,39,40460026.0,1,10456
10339,76,80,40460026.0,1,10457
10340,26,46,40461625.0,1,10458
10341,26,24,40461625.0,1,10459
10342,73,17,40461788.0,1,10460
10343,73,60,40461988.0,1,10461
10344,63,54,40464967.0,1,10462
10345,32,42,40465270.0,1,10463
10346,54,63,40465444.0,1,10464
10347,1,70,40466110.0,1,10465
10348,25,73,40466303.0,1,10466
10349,24,54,40467445.0,1,10467
10350,42,25,40467909.0,1,10468
10351,25,42,40468620.0,1,10469
10352,42,25,40468817.0,1,10470
10353,24,26,40470337.0,1,10471
10354,26,24,40471091.0,1,10472
10355,76,57,40471344.0,1,10473
10356,25,20,40484441.0,1,10474
10357,54,48,40527080.0,1,10475
10358,25,30,40527808.0,1,10476
10359,47,23,40528384.0,1,10477
10360,47,23,40528540.0,1,10478
10361,26,46,40530307.0,1,10479
10362,26,24,40530307.0,1,10480
10363,11,74,40531557.0,1,10481
10364,73,77,40532891.0,1,10482
10365,54,15,40534112.0,1,10483
10366,10,18,40540295.0,1,10484
10367,44,30,40541094.0,1,10485
10368,54,45,40541208.0,1,10487
10369,54,48,40541208.0,1,10488
10370,54,32,40541208.0,1,10486
10371,48,54,40541559.0,1,10489
10372,80,54,40544749.0,1,10490
10373,80,43,40544920.0,1,10491
10374,85,35,40545793.0,1,10492
10375,43,80,40547538.0,1,10493
10376,48,73,40549434.0,1,10494
10377,52,54,40550443.0,1,10495
10378,73,48,40552256.0,1,10496
10379,35,73,40559362.0,1,10497
10380,24,26,40559634.0,1,10499
10381,24,46,40559634.0,1,10498
10382,26,24,40559943.0,1,10500
10383,73,35,40572373.0,1,10501
10384,54,48,40608645.0,1,10502
10385,48,54,40610752.0,1,10503
10386,73,77,40613276.0,1,10504
10387,35,25,40614749.0,1,10505
10388,54,15,40619152.0,1,10506
10389,87,42,40621457.0,1,10507
10390,54,48,40622757.0,1,10510
10391,54,52,40622757.0,1,10509
10392,54,32,40622757.0,1,10508
10393,48,54,40623640.0,1,10511
10394,52,54,40624688.0,1,10512
10395,63,54,40624764.0,1,10513
10396,87,45,40627193.0,1,10515
10397,87,39,40627193.0,1,10514
10398,87,42,40627193.0,1,10517
10399,87,2,40627193.0,1,10516
10400,54,63,40628997.0,1,10518
10401,83,2,40634296.0,1,10519
10402,83,2,40634297.0,1,10520
10403,54,52,40636578.0,1,10522
10404,54,32,40636578.0,1,10521
10405,54,48,40636578.0,1,10523
10406,52,54,40637609.0,1,10524
10407,54,24,40637783.0,1,10525
10408,32,54,40638816.0,1,10526
10409,54,60,40639937.0,1,10527
10410,24,54,40640703.0,1,10528
10411,24,54,40641008.0,1,10529
10412,24,54,40641125.0,1,10530
10413,24,54,40641965.0,1,10531
10414,54,24,40642245.0,1,10532
10415,25,13,40642326.0,1,10533
10416,35,33,40651274.0,1,10534
10417,89,1,40697134.0,1,10535
10418,1,82,40699968.0,1,10536
10419,1,82,40700076.0,1,10539
10420,1,70,40700076.0,1,10537
10421,1,89,40700076.0,1,10538
10422,15,54,40707618.0,1,10540
10423,54,58,40709728.0,1,10541
10424,70,20,40712504.0,1,10542
10425,70,1,40712504.0,1,10543
10426,54,24,40716047.0,1,10544
10427,23,30,40716171.0,1,10545
10428,54,24,40717362.0,1,10546
10429,54,48,40721518.0,1,10547
10430,1,71,40725407.0,1,10549
10431,1,82,40725407.0,1,10548
10432,85,73,40726263.0,1,10550
10433,26,46,40789141.0,1,10551
10434,26,27,40789141.0,1,10553
10435,26,24,40789141.0,1,10552
10436,26,35,40789141.0,1,10554
10437,43,25,40790748.0,1,10555
10438,2,83,40791387.0,1,10556
10439,60,23,40794843.0,1,10557
10440,23,60,40795100.0,1,10558
10441,54,48,40795929.0,1,10559
10442,76,39,40801391.0,1,10560
10443,54,3,40803390.0,1,10561
10444,52,54,40803699.0,1,10562
10445,17,73,40804117.0,1,10563
10446,12,58,40805599.0,1,10564
10447,24,46,40805659.0,1,10565
10448,24,26,40805659.0,1,10566
10449,24,35,40805659.0,1,10567
10450,48,16,40805974.0,1,10568
10451,26,24,40806125.0,1,10569
10452,48,54,40806324.0,1,10570
10453,35,24,40813467.0,1,10571
10454,58,12,40851478.0,1,10572
10455,12,60,40880893.0,1,10573
10456,64,14,40881665.0,1,10574
10457,73,22,40884596.0,1,10575
10458,66,9,40917558.0,1,10576
10459,66,71,40917558.0,1,10577
10460,66,9,40917758.0,1,10578
10461,66,71,40917758.0,1,10579
10462,76,39,40975061.0,1,10580
10463,76,24,40975061.0,1,10581
10464,12,35,41046261.0,1,10582
10465,13,58,41048449.0,1,10583
10466,73,17,41052533.0,1,10584
10467,22,14,41057201.0,1,10585
10468,44,14,41060409.0,1,10586
10469,77,73,41061985.0,1,10587
10470,71,9,41063811.0,1,10588
10471,71,1,41063811.0,1,10590
10472,71,66,41063811.0,1,10589
10473,71,8,41063960.0,1,10591
10474,71,1,41063960.0,1,10592
10475,23,66,41069763.0,1,10593
10476,15,60,41073400.0,1,10594
10477,15,88,41073400.0,1,10599
10478,15,16,41073400.0,1,10600
10479,15,17,41073400.0,1,10595
10480,15,25,41073400.0,1,10596
10481,15,44,41073400.0,1,10597
10482,15,35,41073400.0,1,10598
10483,5,38,41093951.0,1,10601
10484,5,38,41094338.0,1,10602
10485,24,26,41175123.0,1,10603
10486,24,26,41175145.0,1,10604
10487,54,24,41219822.0,1,10605
10488,54,52,41219915.0,1,10606
10489,54,48,41221188.0,1,10607
10490,35,12,41221275.0,1,10608
10491,35,17,41222176.0,1,10609
10492,48,24,41222240.0,1,10610
10493,15,25,41222385.0,1,10611
10494,15,49,41222385.0,1,10612
10495,22,14,41223088.0,1,10613
10496,25,15,41225748.0,1,10614
10497,63,54,41227316.0,1,10615
10498,20,17,41227952.0,1,10616
10499,17,35,41229177.0,1,10617
10500,52,76,41229255.0,1,10618
10501,17,73,41229291.0,1,10619
10502,15,25,41230846.0,1,10620
10503,77,25,41232137.0,1,10621
10504,25,49,41232563.0,1,10622
10505,12,60,41233014.0,1,10623
10506,54,24,41233129.0,1,10624
10507,45,24,41238842.0,1,10625
10508,45,24,41238860.0,1,10626
10509,24,45,41239284.0,1,10627
10510,45,87,41240774.0,1,10628
10511,25,16,41241180.0,1,10629
10512,57,76,41241213.0,1,10630
10513,43,45,41242410.0,1,10631
10514,43,80,41242525.0,1,10632
10515,43,80,41244954.0,1,10633
10516,43,45,41244993.0,1,10634
10517,43,45,41245180.0,1,10635
10518,26,27,41245640.0,1,10638
10519,26,24,41245640.0,1,10637
10520,26,46,41245640.0,1,10636
10521,26,35,41245640.0,1,10639
10522,25,20,41245928.0,1,10640
10523,76,57,41246981.0,1,10641
10524,43,49,41249486.0,1,10642
10525,46,26,41259525.0,1,10643
10526,50,76,41269027.0,1,10644
10527,73,29,41303236.0,1,10645
10528,73,63,41303442.0,1,10646
10529,73,57,41303783.0,1,10647
10530,54,63,41304695.0,1,10648
10531,66,58,41304886.0,1,10650
10532,66,71,41304886.0,1,10649
10533,76,50,41305717.0,1,10651
10534,45,43,41309375.0,1,10652
10535,73,21,41310073.0,1,10653
10536,26,35,41310938.0,1,10657
10537,26,24,41310938.0,1,10655
10538,26,46,41310938.0,1,10654
10539,26,27,41310938.0,1,10656
10540,85,89,41312343.0,1,10658
10541,85,89,41312363.0,1,10659
10542,63,54,41313090.0,1,10660
10543,33,14,41313545.0,1,10661
10544,54,63,41315274.0,1,10662
10545,85,89,41316948.0,1,10663
10546,15,35,41317163.0,1,10664
10547,19,27,41317549.0,1,10670
10548,19,46,41317549.0,1,10665
10549,19,85,41317549.0,1,10667
10550,19,53,41317549.0,1,10666
10551,19,37,41317549.0,1,10671
10552,19,26,41317549.0,1,10669
10553,19,38,41317549.0,1,10668
10554,19,5,41317592.0,1,10672
10555,35,74,41318194.0,1,10673
10556,5,19,41318900.0,1,10674
10557,73,17,41319133.0,1,10675
10558,89,2,41319261.0,1,10676
10559,5,25,41320820.0,1,10677
10560,85,2,41321203.0,1,10678
10561,58,23,41321460.0,1,10680
10562,58,9,41321460.0,1,10679
10563,58,28,41321460.0,1,10684
10564,58,18,41321460.0,1,10687
10565,58,30,41321460.0,1,10685
10566,58,47,41321460.0,1,10686
10567,58,71,41321460.0,1,10682
10568,58,14,41321460.0,1,10683
10569,58,66,41321460.0,1,10681
10570,15,25,41322092.0,1,10688
10571,63,54,41323643.0,1,10689
10572,35,46,41323899.0,1,10690
10573,54,63,41324238.0,1,10691
10574,18,63,41324652.0,1,10692
10575,35,33,41324856.0,1,10693
10576,23,47,41325292.0,1,10694
10577,48,60,41325433.0,1,10695
10578,39,83,41326428.0,1,10696
10579,85,12,41326669.0,1,10697
10580,47,18,41326708.0,1,10698
10581,80,70,41326921.0,1,10699
10582,25,12,41327182.0,1,10700
10583,63,18,41327757.0,1,10701
10584,58,8,41329927.0,1,10702
10585,73,64,41331211.0,1,10703
10586,63,73,41333064.0,1,10704
10587,45,43,41333966.0,1,10705
10588,2,85,41334114.0,1,10706
10589,80,70,41334631.0,1,10707
10590,43,45,41337260.0,1,10708
10591,57,73,41360271.0,1,10709
10592,73,57,41391290.0,1,10710
10593,9,66,41392381.0,1,10711
10594,73,13,41393164.0,1,10712
10595,18,10,41394335.0,1,10713
10596,25,35,41399109.0,1,10714
10597,35,17,41400604.0,1,10715
10598,48,5,41400894.0,1,10716
10599,18,63,41402445.0,1,10717
10600,17,2,41407772.0,1,10718
10601,32,25,41408582.0,1,10719
10602,48,54,41408602.0,1,10720
10603,43,16,41409043.0,1,10721
10604,49,54,41409891.0,1,10722
10605,2,74,41410008.0,1,10723
10606,49,15,41411144.0,1,10724
10607,44,78,41412415.0,1,10725
10608,85,2,41414755.0,1,10726
10609,35,15,41415335.0,1,10727
10610,63,76,41418175.0,1,10728
10611,74,35,41420470.0,1,10729
10612,76,63,41421467.0,1,10730
10613,17,2,41421701.0,1,10731
10614,5,11,41425323.0,1,10732
10615,5,11,41425859.0,1,10733
10616,73,76,41597187.0,1,10734
10617,9,66,41648625.0,1,10735
10618,9,71,41648625.0,1,10736
10619,54,63,41649067.0,1,10737
10620,54,60,41650573.0,1,10738
10621,54,24,41650951.0,1,10739
10622,49,43,41651481.0,1,10740
10623,82,1,41651791.0,1,10741
10624,82,1,41651813.0,1,10742
10625,49,76,41652629.0,1,10743
10626,35,25,41654582.0,1,10744
10627,52,18,41655029.0,1,10745
10628,25,35,41655289.0,1,10746
10629,35,17,41655703.0,1,10747
10630,49,25,41655808.0,1,10748
10631,43,56,41655902.0,1,10749
10632,63,54,41656197.0,1,10750
10633,77,60,41657466.0,1,10751
10634,48,54,41659285.0,1,10752
10635,15,33,41659363.0,1,10753
10636,54,48,41659633.0,1,10754
10637,5,11,41659905.0,1,10755
10638,80,43,41661305.0,1,10756
10639,25,17,41666084.0,1,10757
10640,5,11,41667691.0,1,10758
10641,15,25,41669358.0,1,10759
10642,15,35,41669358.0,1,10760
10643,48,18,41672140.0,1,10761
10644,49,54,41672899.0,1,10762
10645,35,25,41674262.0,1,10763
10646,60,73,41674401.0,1,10764
10647,60,17,41674506.0,1,10765
10648,60,54,41674506.0,1,10766
10649,60,54,41674735.0,1,10768
10650,60,17,41674735.0,1,10767
10651,49,43,41675653.0,1,10769
10652,49,60,41675756.0,1,10770
10653,35,25,41676427.0,1,10771
10654,57,24,41679057.0,1,10772
10655,35,25,41679777.0,1,10773
10656,24,57,41680951.0,1,10774
10657,57,24,41681246.0,1,10775
10658,24,45,41681823.0,1,10776
10659,43,5,41682656.0,1,10777
10660,24,57,41683879.0,1,10778
10661,25,17,41687794.0,1,10779
10662,57,73,41689675.0,1,10780
10663,57,24,41710828.0,1,10781
10664,54,32,41732690.0,1,10782
10665,54,52,41732690.0,1,10783
10666,54,48,41732690.0,1,10784
10667,54,49,41733188.0,1,10785
10668,76,73,41736388.0,1,10786
10669,76,49,41736681.0,1,10787
10670,77,73,41739819.0,1,10788
10671,48,63,41741377.0,1,10792
10672,48,45,41741377.0,1,10790
10673,48,54,41741377.0,1,10789
10674,48,24,41741377.0,1,10791
10675,85,2,41741713.0,1,10793
10676,85,2,41741748.0,1,10794
10677,35,15,41741837.0,1,10795
10678,73,77,41742598.0,1,10796
10679,35,17,41742742.0,1,10797
10680,24,48,41742907.0,1,10798
10681,73,60,41742936.0,1,10799
10682,48,24,41743105.0,1,10800
10683,35,2,41743121.0,1,10801
10684,74,35,41743348.0,1,10802
10685,35,74,41743473.0,1,10803
10686,15,35,41743755.0,1,10804
10687,77,73,41745177.0,1,10805
10688,20,64,41746797.0,1,10806
10689,54,24,41748964.0,1,10807
10690,2,17,41749079.0,1,10808
10691,80,54,41749864.0,1,10809
10692,56,49,41752255.0,1,10810
10693,5,11,41752846.0,1,10811
10694,49,56,41752860.0,1,10812
10695,15,35,41752875.0,1,10813
10696,60,66,41753012.0,1,10814
10697,60,71,41753012.0,1,10815
10698,32,54,41753056.0,1,10816
10699,15,33,41754957.0,1,10818
10700,15,14,41754957.0,1,10819
10701,15,11,41754957.0,1,10817
10702,63,54,41755546.0,1,10820
10703,20,25,41756548.0,1,10821
10704,45,54,41757299.0,1,10822
10705,25,24,41758170.0,1,10823
10706,49,80,41759793.0,1,10826
10707,49,43,41759793.0,1,10825
10708,49,70,41759793.0,1,10824
10709,56,43,41759975.0,1,10827
10710,52,54,41762419.0,1,10828
10711,49,73,41763237.0,1,10830
10712,49,60,41763237.0,1,10829
10713,43,49,41763596.0,1,10831
10714,74,35,41763628.0,1,10832
10715,17,60,41766144.0,1,10833
10716,73,57,41766165.0,1,10834
10717,73,25,41766787.0,1,10835
10718,25,17,41767533.0,1,10836
10719,25,20,41767533.0,1,10837
10720,25,73,41767643.0,1,10838
10721,60,17,41767754.0,1,10839
10722,39,83,41769472.0,1,10840
10723,39,83,41769596.0,1,10843
10724,39,13,41769596.0,1,10841
10725,39,2,41769596.0,1,10842
10726,39,13,41769624.0,1,10844
10727,39,2,41769624.0,1,10845
10728,73,25,41783307.0,1,10846
10729,48,25,41821346.0,1,10847
10730,48,54,41822956.0,1,10848
10731,25,48,41823424.0,1,10849
10732,48,25,41823860.0,1,10850
10733,54,63,41826072.0,1,10851
10734,87,56,41827067.0,1,10852
10735,54,60,41827559.0,1,10853
10736,67,54,41827996.0,1,10854
10737,35,25,41828984.0,1,10855
10738,24,25,41830575.0,1,10856
10739,63,54,41830664.0,1,10857
10740,44,60,41832659.0,1,10858
10741,24,54,41835322.0,1,10859
10742,49,54,41836357.0,1,10860
10743,48,24,41837086.0,1,10861
10744,25,24,41837180.0,1,10862
10745,52,5,41838429.0,1,10863
10746,45,24,41839798.0,1,10864
10747,73,76,41840901.0,1,10865
10748,80,25,41843414.0,1,10866
10749,73,60,41843577.0,1,10867
10750,5,52,41844327.0,1,10868
10751,5,52,41844675.0,1,10869
10752,52,5,41846364.0,1,10870
10753,24,54,41847836.0,1,10871
10754,35,17,41850878.0,1,10872
10755,25,20,41852080.0,1,10873
10756,25,49,41852265.0,1,10874
10757,25,20,41852265.0,1,10875
10758,49,25,41852731.0,1,10876
10759,25,49,41853200.0,1,10877
10760,25,20,41853229.0,1,10878
10761,49,25,41853354.0,1,10879
10762,25,49,41853769.0,1,10880
10763,49,25,41854383.0,1,10881
10764,25,49,41855042.0,1,10882
10765,17,16,41855639.0,1,10883
10766,60,23,41910171.0,1,10884
10767,60,53,41911758.0,1,10887
10768,60,17,41911758.0,1,10885
10769,60,54,41911758.0,1,10886
10770,60,16,41911758.0,1,10888
10771,80,49,41915976.0,1,10889
10772,5,38,41918845.0,1,10890
10773,66,71,41918886.0,1,10891
10774,66,71,41919121.0,1,10892
10775,58,23,41919993.0,1,10893
10776,66,71,41921963.0,1,10896
10777,66,9,41921963.0,1,10894
10778,66,8,41921963.0,1,10895
10779,60,14,41925552.0,1,10903
10780,60,86,41925552.0,1,10906
10781,60,13,41925552.0,1,10907
10782,60,56,41925552.0,1,10908
10783,60,23,41925552.0,1,10909
10784,60,15,41925552.0,1,10910
10785,60,21,41925552.0,1,10919
10786,60,43,41925552.0,1,10920
10787,60,28,41925552.0,1,10904
10788,60,16,41925552.0,1,10928
10789,60,8,41925552.0,1,10911
10790,60,6,41925552.0,1,10915
10791,60,66,41925552.0,1,10916
10792,60,62,41925552.0,1,10914
10793,60,72,41925552.0,1,10912
10794,60,49,41925552.0,1,10918
10795,60,31,41925552.0,1,10917
10796,60,44,41925552.0,1,10922
10797,60,68,41925552.0,1,10921
10798,60,71,41925552.0,1,10924
10799,60,12,41925552.0,1,10925
10800,60,30,41925552.0,1,10926
10801,60,29,41925552.0,1,10923
10802,60,87,41925552.0,1,10901
10803,60,9,41925552.0,1,10897
10804,60,42,41925552.0,1,10899
10805,60,11,41925552.0,1,10898
10806,60,33,41925552.0,1,10902
10807,60,83,41925552.0,1,10900
10808,60,58,41925552.0,1,10905
10809,60,22,41925552.0,1,10913
10810,60,47,41925552.0,1,10927
10811,49,60,41926359.0,1,10929
10812,23,60,41927532.0,1,10930
10813,13,60,41930144.0,1,10931
10814,48,24,41930815.0,1,10932
10815,60,86,41931287.0,1,10942
10816,60,83,41931287.0,1,10936
10817,60,6,41931287.0,1,10951
10818,60,42,41931287.0,1,10935
10819,60,66,41931287.0,1,10952
10820,60,44,41931287.0,1,10958
10821,60,68,41931287.0,1,10957
10822,60,49,41931287.0,1,10954
10823,60,31,41931287.0,1,10953
10824,60,43,41931287.0,1,10956
10825,60,21,41931287.0,1,10955
10826,60,15,41931287.0,1,10946
10827,60,23,41931287.0,1,10945
10828,60,72,41931287.0,1,10948
10829,60,8,41931287.0,1,10947
10830,60,56,41931287.0,1,10944
10831,60,13,41931287.0,1,10943
10832,60,22,41931287.0,1,10949
10833,60,62,41931287.0,1,10950
10834,60,29,41931287.0,1,10959
10835,60,9,41931287.0,1,10933
10836,60,58,41931287.0,1,10941
10837,60,28,41931287.0,1,10940
10838,60,14,41931287.0,1,10939
10839,60,33,41931287.0,1,10938
10840,60,87,41931287.0,1,10937
10841,60,16,41931287.0,1,10964
10842,60,11,41931287.0,1,10934
10843,60,30,41931287.0,1,10962
10844,60,12,41931287.0,1,10961
10845,60,47,41931287.0,1,10963
10846,60,71,41931287.0,1,10960
10847,54,49,41931352.0,1,10965
10848,15,73,41931633.0,1,10967
10849,15,60,41931633.0,1,10966
10850,13,60,41932917.0,1,10968
10851,25,85,41933906.0,1,10969
10852,39,2,41933956.0,1,10970
10853,39,83,41933956.0,1,10971
10854,48,54,41934943.0,1,10972
10855,60,17,41936066.0,1,10973
10856,60,25,41936066.0,1,10974
10857,60,17,41942309.0,1,10975
10858,60,16,41942309.0,1,10977
10859,60,54,41942309.0,1,10976
10860,35,74,41943332.0,1,10978
10861,17,60,41945247.0,1,10979
10862,82,1,41992686.0,1,10980
10863,82,1,41993135.0,1,10981
10864,54,60,41993531.0,1,10982
10865,76,73,41994322.0,1,10983
10866,60,54,41994513.0,1,10984
10867,54,48,41995447.0,1,10985
10868,54,60,41995842.0,1,10986
10869,54,60,41996127.0,1,10987
10870,26,46,41999046.0,1,10988
10871,26,24,41999046.0,1,10989
10872,58,60,41999451.0,1,10990
10873,58,60,41999929.0,1,10991
10874,45,87,42002476.0,1,10993
10875,45,24,42002476.0,1,10992
10876,13,12,42002721.0,1,10994
10877,87,60,42003077.0,1,10995
10878,73,88,42004107.0,1,10996
10879,49,23,42006570.0,1,10997
10880,78,44,42007032.0,1,10998
10881,15,44,42007055.0,1,10999
10882,56,83,42007341.0,1,11000
10883,71,9,42007571.0,1,11001
10884,71,58,42007571.0,1,11005
10885,71,1,42007571.0,1,11004
10886,71,66,42007571.0,1,11002
10887,71,2,42007571.0,1,11003
10888,71,2,42007840.0,1,11006
10889,73,33,42008117.0,1,11007
10890,73,47,42008263.0,1,11008
10891,73,11,42008474.0,1,11009
10892,12,60,42008514.0,1,11010
10893,64,73,42009541.0,1,11011
10894,73,64,42009908.0,1,11012
10895,83,56,42010583.0,1,11013
10896,25,80,42010585.0,1,11014
10897,73,35,42010672.0,1,11015
10898,14,60,42011225.0,1,11016
10899,80,25,42011679.0,1,11017
10900,82,1,42013909.0,1,11018
10901,73,33,42015063.0,1,11019
10902,15,33,42015766.0,1,11020
10903,56,43,42016352.0,1,11021
10904,52,73,42016765.0,1,11022
10905,74,73,42017427.0,1,11023
10906,56,83,42017433.0,1,11024
10907,35,73,42017450.0,1,11025
10908,44,60,42018117.0,1,11026
10909,30,60,42018566.0,1,11027
10910,73,74,42019473.0,1,11028
10911,73,52,42019582.0,1,11029
10912,25,86,42019670.0,1,11030
10913,52,18,42019705.0,1,11031
10914,33,60,42021764.0,1,11032
10915,12,58,42022020.0,1,11033
10916,60,73,42023347.0,1,11034
10917,49,52,42023388.0,1,11035
10918,5,48,42023638.0,1,11036
10919,5,48,42023743.0,1,11037
10920,83,2,42024379.0,1,11039
10921,83,39,42024379.0,1,11038
10922,83,60,42024395.0,1,11040
10923,83,39,42024405.0,1,11041
10924,83,2,42024405.0,1,11042
10925,71,1,42025214.0,1,11044
10926,71,66,42025214.0,1,11043
10927,71,1,42025312.0,1,11048
10928,71,9,42025312.0,1,11045
10929,71,66,42025312.0,1,11046
10930,71,2,42025312.0,1,11047
10931,71,9,42026059.0,1,11049
10932,71,66,42026059.0,1,11050
10933,12,60,42026261.0,1,11051
10934,66,60,42027433.0,1,11052
10935,23,49,42028712.0,1,11053
10936,23,58,42030136.0,1,11054
10937,63,54,42032989.0,1,11055
10938,2,89,42041810.0,1,11056
10939,47,73,42046280.0,1,11057
10940,2,89,42088324.0,1,11058
10941,60,49,42187225.0,1,11059
10942,45,42,42252776.0,1,11060
10943,87,25,42254952.0,1,11061
10944,85,12,42255786.0,1,11062
10945,82,1,42255985.0,1,11063
10946,26,46,42256038.0,1,11064
10947,26,24,42256038.0,1,11065
10948,26,35,42256038.0,1,11067
10949,26,27,42256038.0,1,11066
10950,82,1,42256060.0,1,11068
10951,88,16,42257919.0,1,11069
10952,71,60,42257938.0,1,11070
10953,26,35,42257944.0,1,11074
10954,26,24,42257944.0,1,11072
10955,26,27,42257944.0,1,11073
10956,26,46,42257944.0,1,11071
10957,35,20,42259279.0,1,11082
10958,35,25,42259279.0,1,11077
10959,35,89,42259279.0,1,11075
10960,35,2,42259279.0,1,11081
10961,35,17,42259279.0,1,11076
10962,35,64,42259279.0,1,11078
10963,35,85,42259279.0,1,11080
10964,35,10,42259279.0,1,11079
10965,35,74,42259279.0,1,11083
10966,35,2,42259361.0,1,11084
10967,60,73,42261066.0,1,11085
10968,60,73,42261077.0,1,11086
10969,54,48,42263261.0,1,11089
10970,54,52,42263261.0,1,11088
10971,54,32,42263261.0,1,11087
10972,38,5,42263633.0,1,11090
10973,25,87,42264678.0,1,11091
10974,52,54,42265786.0,1,11092
10975,11,5,42266147.0,1,11093
10976,43,70,42266438.0,1,11094
10977,11,5,42266682.0,1,11095
10978,49,60,42268340.0,1,11096
10979,54,52,42268954.0,1,11097
10980,49,60,42269721.0,1,11098
10981,83,64,42270499.0,1,11100
10982,83,39,42270499.0,1,11099
10983,83,87,42270499.0,1,11102
10984,83,42,42270499.0,1,11101
10985,52,18,42270623.0,1,11103
10986,25,88,42272089.0,1,11104
10987,25,16,42272089.0,1,11105
10988,54,24,42273696.0,1,11106
10989,5,11,42274356.0,1,11107
10990,22,52,42277155.0,1,11108
10991,52,22,42277361.0,1,11109
10992,35,64,42279602.0,1,11110
10993,24,54,42279909.0,1,11111
10994,83,39,42282174.0,1,11112
10995,22,73,42283375.0,1,11114
10996,22,60,42283375.0,1,11113
10997,64,17,42283823.0,1,11115
10998,43,70,42286765.0,1,11116
10999,49,48,42287569.0,1,11117
11000,49,16,42287569.0,1,11118
11001,88,60,42294271.0,1,11119
11002,60,88,42299902.0,1,11120
11003,88,25,42333239.0,1,11121
11004,88,60,42337187.0,1,11122
11005,70,43,42340553.0,1,11123
11006,60,73,42345579.0,1,11124
11007,2,17,42345751.0,1,11125
11008,60,88,42347582.0,1,11126
11009,49,60,42348162.0,1,11127
11010,60,16,42350273.0,1,11128
11011,63,73,42353295.0,1,11129
11012,60,54,42355076.0,1,11130
11013,60,25,42356119.0,1,11131
11014,60,73,42356220.0,1,11132
11015,5,30,42357733.0,1,11133
11016,5,10,42357890.0,1,11134
11017,10,5,42359490.0,1,11135
11018,48,54,42359951.0,1,11136
11019,24,54,42359989.0,1,11137
11020,54,24,42360323.0,1,11138
11021,85,17,42360626.0,1,11139
11022,63,54,42361279.0,1,11140
11023,52,54,42362723.0,1,11141
11024,32,54,42362835.0,1,11142
11025,54,60,42363863.0,1,11143
11026,5,10,42364556.0,1,11144
11027,60,73,42365705.0,1,11145
11028,22,25,42365792.0,1,11146
11029,73,63,42367254.0,1,11147
11030,42,45,42367651.0,1,11148
11031,88,47,42368942.0,1,11149
11032,25,47,42370018.0,1,11150
11033,80,70,42372792.0,1,11151
11034,25,60,42373355.0,1,11152
11035,60,16,42376276.0,1,11154
11036,60,73,42376276.0,1,11153
11037,80,18,42377684.0,1,11155
11038,25,35,42399485.0,1,11156
11039,25,73,42399627.0,1,11157
11040,25,35,42425932.0,1,11158
11041,88,86,42426898.0,1,11159
11042,88,15,42427176.0,1,11160
11043,76,49,42427604.0,1,11161
11044,73,25,42428768.0,1,11162
11045,82,1,42429690.0,1,11163
11046,15,12,42430517.0,1,11164
11047,15,88,42430912.0,1,11165
11048,15,25,42432348.0,1,11166
11049,35,20,42434040.0,1,11167
11050,20,25,42434273.0,1,11170
11051,20,2,42434273.0,1,11174
11052,20,64,42434273.0,1,11171
11053,20,85,42434273.0,1,11173
11054,20,10,42434273.0,1,11172
11055,20,89,42434273.0,1,11168
11056,20,17,42434273.0,1,11169
11057,20,35,42434273.0,1,11175
11058,23,58,42436010.0,1,11187
11059,23,30,42436010.0,1,11188
11060,23,47,42436010.0,1,11189
11061,23,6,42436010.0,1,11181
11062,23,62,42436010.0,1,11180
11063,23,59,42436010.0,1,11179
11064,23,71,42436010.0,1,11186
11065,23,66,42436010.0,1,11182
11066,23,49,42436010.0,1,11183
11067,23,44,42436010.0,1,11184
11068,23,29,42436010.0,1,11185
11069,23,8,42436010.0,1,11178
11070,23,60,42436010.0,1,11177
11071,23,9,42436010.0,1,11176
11072,85,20,42436265.0,1,11190
11073,54,32,42437043.0,1,11191
11074,54,63,42438241.0,1,11192
11075,88,15,42438284.0,1,11193
11076,87,56,42438610.0,1,11194
11077,77,73,42438861.0,1,11195
11078,63,54,42439424.0,1,11196
11079,88,5,42440832.0,1,11197
11080,2,47,42441779.0,1,11198
11081,25,20,42442111.0,1,11199
11082,54,63,42442171.0,1,11200
11083,25,85,42442250.0,1,11201
11084,63,54,42443157.0,1,11202
11085,25,20,42443445.0,1,11203
11086,85,25,42443873.0,1,11204
11087,20,25,42444487.0,1,11205
11088,20,25,42445415.0,1,11206
11089,83,56,42446311.0,1,11207
11090,67,80,42446670.0,1,11208
11091,80,67,42446801.0,1,11209
11092,48,34,42448168.0,1,11210
11093,15,88,42448324.0,1,11211
11094,49,76,42449512.0,1,11212
11095,54,17,42449741.0,1,11213
11096,5,11,42450834.0,1,11214
11097,20,25,42451762.0,1,11215
11098,48,34,42451812.0,1,11216
11099,54,56,42451973.0,1,11217
11100,34,48,42453183.0,1,11218
11101,76,49,42453520.0,1,11219
11102,71,66,42453743.0,1,11221
11103,71,9,42453743.0,1,11220
11104,54,17,42454025.0,1,11222
11105,71,1,42454133.0,1,11225
11106,71,66,42454133.0,1,11224
11107,71,9,42454133.0,1,11223
11108,71,66,42454241.0,1,11227
11109,71,1,42454241.0,1,11228
11110,71,9,42454241.0,1,11226
11111,71,9,42454411.0,1,11229
11112,71,1,42454411.0,1,11230
11113,43,70,42454486.0,1,11231
11114,32,25,42454909.0,1,11232
11115,48,34,42454917.0,1,11233
11116,39,2,42458296.0,1,11234
11117,39,83,42458296.0,1,11235
11118,25,35,42459472.0,1,11236
11119,25,35,42460687.0,1,11237
11120,24,6,42461458.0,1,11238
11121,9,66,42462100.0,1,11239
11122,54,63,42505320.0,1,11240
11123,54,52,42508343.0,1,11241
11124,88,49,42509106.0,1,11242
11125,80,76,42513421.0,1,11244
11126,80,39,42513421.0,1,11243
11127,80,31,42513421.0,1,11245
11128,49,88,42515099.0,1,11246
11129,52,18,42515835.0,1,11247
11130,76,73,42516235.0,1,11248
11131,76,80,42516366.0,1,11249
11132,76,39,42516853.0,1,11250
11133,36,49,42517194.0,1,11251
11134,49,36,42517269.0,1,11252
11135,31,64,42517331.0,1,11253
11136,31,64,42517437.0,1,11254
11137,52,54,42517625.0,1,11255
11138,54,52,42517872.0,1,11256
11139,31,64,42518947.0,1,11257
11140,23,9,42522407.0,1,11258
11141,23,29,42522407.0,1,11267
11142,23,60,42522407.0,1,11259
11143,23,8,42522407.0,1,11260
11144,23,44,42522407.0,1,11266
11145,23,49,42522407.0,1,11265
11146,23,59,42522407.0,1,11261
11147,23,62,42522407.0,1,11262
11148,23,6,42522407.0,1,11263
11149,23,66,42522407.0,1,11264
11150,23,30,42522407.0,1,11270
11151,23,47,42522407.0,1,11271
11152,23,58,42522407.0,1,11269
11153,23,71,42522407.0,1,11268
11154,48,43,42523333.0,1,11272
11155,82,1,42524990.0,1,11273
11156,80,76,42525274.0,1,11274
11157,76,80,42529239.0,1,11275
11158,88,5,42530950.0,1,11276
11159,88,16,42531261.0,1,11277
11160,31,80,42531573.0,1,11278
11161,88,17,42532132.0,1,11279
11162,26,35,42533504.0,1,11283
11163,26,24,42533504.0,1,11281
11164,26,27,42533504.0,1,11282
11165,26,46,42533504.0,1,11280
11166,80,31,42536550.0,1,11284
11167,1,87,42537792.0,1,11285
11168,83,56,42538621.0,1,11286
11169,88,8,42539380.0,1,11287
11170,88,6,42539482.0,1,11288
11171,88,16,42540790.0,1,11289
11172,15,14,42542699.0,1,11290
11173,30,47,42542863.0,1,11291
11174,5,16,42544390.0,1,11293
11175,5,88,42544390.0,1,11292
11176,17,35,42546686.0,1,11294
11177,88,80,42595997.0,1,11295
11178,88,20,42596422.0,1,11296
11179,47,30,42600838.0,1,11297
11180,88,17,42602620.0,1,11298
11181,88,17,42603802.0,1,11299
11182,35,20,42605156.0,1,11300
11183,20,88,42607283.0,1,11301
11184,2,17,42610218.0,1,11302
11185,5,88,42613285.0,1,11303
11186,5,16,42613285.0,1,11304
11187,80,88,42614396.0,1,11305
11188,25,35,42614580.0,1,11306
11189,35,25,42614742.0,1,11308
11190,35,15,42614742.0,1,11307
11191,35,25,42615200.0,1,11309
11192,80,32,42615987.0,1,11310
11193,12,58,42617287.0,1,11311
11194,6,88,42619108.0,1,11312
11195,15,35,42619544.0,1,11313
11196,49,60,42620279.0,1,11314
11197,49,16,42620279.0,1,11315
11198,88,8,42621402.0,1,11316
11199,15,17,42622593.0,1,11317
11200,47,60,42623566.0,1,11318
11201,87,56,42625679.0,1,11319
11202,46,26,42626821.0,1,11320
11203,5,11,42630504.0,1,11321
11204,35,17,42631000.0,1,11322
11205,17,35,42632130.0,1,11323
11206,17,64,42632466.0,1,11324
11207,17,85,42632466.0,1,11325
11208,25,86,42639756.0,1,11326
11209,88,86,42700845.0,1,11327
11210,85,17,42702312.0,1,11328
11211,60,54,42712073.0,1,11330
11212,60,17,42712073.0,1,11329
11213,88,16,42726306.0,1,11331
11214,88,16,42768744.0,1,11332
11215,52,18,42808298.0,1,11333
11216,35,64,42858710.0,1,11334
11217,35,85,42858710.0,1,11335
11218,89,20,42859403.0,1,11336
11219,66,23,42860901.0,1,11337
11220,66,71,42860901.0,1,11339
11221,66,58,42860901.0,1,11340
11222,66,30,42860901.0,1,11341
11223,66,8,42860901.0,1,11338
11224,39,60,42864600.0,1,11342
11225,35,85,42865316.0,1,11343
11226,70,20,42866273.0,1,11344
11227,70,1,42866273.0,1,11345
11228,43,70,42867061.0,1,11348
11229,43,56,42867061.0,1,11347
11230,43,49,42867061.0,1,11346
11231,43,80,42867061.0,1,11349
11232,5,25,42868183.0,1,11350
11233,63,54,42868280.0,1,11351
11234,23,60,42868803.0,1,11352
11235,43,56,42870150.0,1,11354
11236,43,80,42870150.0,1,11356
11237,43,70,42870150.0,1,11355
11238,43,49,42870150.0,1,11353
11239,13,60,42872201.0,1,11357
11240,35,15,42873018.0,1,11358
11241,11,47,42875194.0,1,11359
11242,11,47,42875407.0,1,11360
11243,11,47,42875748.0,1,11361
11244,11,47,42875907.0,1,11362
11245,11,47,42876115.0,1,11363
11246,11,47,42876184.0,1,11364
11247,11,47,42876235.0,1,11365
11248,11,47,42876557.0,1,11366
11249,11,47,42876626.0,1,11368
11250,11,74,42876626.0,1,11367
11251,11,47,42876672.0,1,11369
11252,11,47,42876745.0,1,11370
11253,23,60,42877236.0,1,11371
11254,23,66,42877818.0,1,11372
11255,52,18,42878227.0,1,11373
11256,77,73,42878604.0,1,11375
11257,77,49,42878604.0,1,11374
11258,49,77,42879498.0,1,11376
11259,48,78,42880801.0,1,11377
11260,58,60,42883142.0,1,11378
11261,25,5,42883326.0,1,11379
11262,60,17,42883774.0,1,11380
11263,77,67,42884353.0,1,11381
11264,73,60,42885334.0,1,11382
11265,85,31,42885482.0,1,11383
11266,48,5,42885575.0,1,11384
11267,20,17,42885751.0,1,11385
11268,49,54,42886882.0,1,11386
11269,48,34,42887571.0,1,11387
11270,71,66,42889533.0,1,11389
11271,71,1,42889533.0,1,11390
11272,71,9,42889533.0,1,11388
11273,83,56,42897224.0,1,11391
11274,60,30,42898665.0,1,11392
11275,1,82,43206283.0,1,11393
11276,1,82,43206325.0,1,11394
11277,1,82,43206374.0,1,11395
11278,34,48,43206669.0,1,11396
11279,35,23,43206700.0,1,11397
11280,78,48,43206765.0,1,11398
11281,1,74,43206844.0,1,11399
11282,1,64,43206904.0,1,11400
11283,60,17,43207734.0,1,11401
11284,31,85,43209442.0,1,11402
11285,85,25,43210902.0,1,11403
11286,88,9,43211503.0,1,11404
11287,77,60,43217628.0,1,11405
11288,77,73,43217628.0,1,11406
11289,83,87,43217811.0,1,11407
11290,5,48,43219659.0,1,11408
11291,5,11,43221811.0,1,11409
11292,77,73,43221860.0,1,11410
11293,24,6,43225476.0,1,11411
11294,49,43,43225854.0,1,11412
11295,23,18,43230201.0,1,11413
11296,22,88,43231537.0,1,11414
11297,74,1,43231658.0,1,11415
11298,83,2,43234079.0,1,11416
11299,26,24,43291093.0,1,11417
11300,67,54,43294285.0,1,11418
11301,60,73,43296546.0,1,11419
11302,26,46,43297686.0,1,11420
11303,26,27,43297686.0,1,11422
11304,26,35,43297686.0,1,11423
11305,26,24,43297686.0,1,11421
11306,24,26,43298206.0,1,11424
11307,26,24,43298489.0,1,11425
11308,63,54,43300579.0,1,11426
11309,5,25,43301206.0,1,11427
11310,60,16,43303918.0,1,11431
11311,60,54,43303918.0,1,11429
11312,60,53,43303918.0,1,11430
11313,60,17,43303918.0,1,11428
11314,11,47,43306309.0,1,11432
11315,70,20,43311818.0,1,11433
11316,70,1,43311818.0,1,11434
11317,83,2,43313676.0,1,11435
11318,24,45,43314820.0,1,11436
11319,87,46,43316554.0,1,11437
11320,77,16,43317029.0,1,11438
11321,77,60,43320141.0,1,11439
11322,57,73,43324730.0,1,11440
11323,47,60,43335896.0,1,11441
11324,88,73,43372902.0,1,11442
11325,48,67,43379771.0,1,11443
11326,85,78,43390765.0,1,11444
11327,48,24,43391754.0,1,11445
11328,48,5,43391769.0,1,11446
11329,5,48,43394053.0,1,11447
11330,77,60,43399477.0,1,11448
11331,77,73,43399477.0,1,11449
11332,88,16,43400578.0,1,11450
11333,1,82,43402148.0,1,11451
11334,9,18,43402901.0,1,11452
11335,77,60,43402905.0,1,11453
11336,77,73,43402905.0,1,11454
11337,77,60,43403568.0,1,11455
11338,77,73,43403568.0,1,11456
11339,83,39,43405058.0,1,11457
11340,25,74,43406359.0,1,11463
11341,25,85,43406359.0,1,11461
11342,25,20,43406359.0,1,11462
11343,25,10,43406359.0,1,11460
11344,25,89,43406359.0,1,11458
11345,25,64,43406359.0,1,11459
11346,25,86,43409306.0,1,11464
11347,34,48,43410667.0,1,11465
11348,88,73,43412610.0,1,11466
11349,88,73,43412931.0,1,11467
11350,76,73,43463774.0,1,11468
11351,73,76,43464381.0,1,11469
11352,76,73,43465584.0,1,11470
11353,83,87,43465860.0,1,11476
11354,83,42,43465860.0,1,11475
11355,83,64,43465860.0,1,11473
11356,83,56,43465860.0,1,11472
11357,83,39,43465860.0,1,11471
11358,83,85,43465860.0,1,11474
11359,67,54,43466116.0,1,11477
11360,77,60,43466684.0,1,11478
11361,77,73,43466684.0,1,11479
11362,77,60,43471876.0,1,11480
11363,77,73,43471876.0,1,11481
11364,1,82,43471983.0,1,11482
11365,14,16,43472061.0,1,11483
11366,73,77,43473468.0,1,11484
11367,77,60,43474130.0,1,11485
11368,77,73,43474130.0,1,11486
11369,24,67,43475421.0,1,11487
11370,77,73,43477685.0,1,11488
11371,43,80,43478714.0,1,11489
11372,80,43,43478844.0,1,11490
11373,26,35,43484356.0,1,11494
11374,26,24,43484356.0,1,11492
11375,26,27,43484356.0,1,11493
11376,26,46,43484356.0,1,11491
11377,77,60,43485491.0,1,11495
11378,77,73,43485491.0,1,11496
11379,22,88,43485856.0,1,11497
11380,80,73,43486115.0,1,11498
11381,88,22,43488342.0,1,11499
11382,77,73,43489160.0,1,11501
11383,77,60,43489160.0,1,11500
11384,57,52,43489582.0,1,11502
11385,77,14,43490815.0,1,11503
11386,52,57,43491529.0,1,11504
11387,6,60,43492124.0,1,11505
11388,83,56,43492516.0,1,11506
11389,83,2,43492809.0,1,11507
11390,25,17,43497269.0,1,11508
11391,25,32,43517052.0,1,11509
11392,25,74,43521008.0,1,11517
11393,25,20,43521008.0,1,11516
11394,25,85,43521008.0,1,11514
11395,25,10,43521008.0,1,11513
11396,25,2,43521008.0,1,11515
11397,25,64,43521008.0,1,11512
11398,25,17,43521008.0,1,11511
11399,25,89,43521008.0,1,11510
11400,25,35,43521008.0,1,11518
11401,58,12,43573938.0,1,11519
11402,14,16,43719355.0,1,11520
11403,39,80,43722980.0,1,11521
11404,52,62,43724637.0,1,11522
11405,77,14,43725229.0,1,11523
11406,52,5,43726052.0,1,11524
11407,77,73,43727134.0,1,11526
11408,77,60,43727134.0,1,11525
11409,13,48,43728469.0,1,11527
11410,13,12,43728604.0,1,11528
11411,25,80,43730257.0,1,11529
11412,73,49,43731013.0,1,11530
11413,73,49,43731042.0,1,11531
11414,73,49,43731079.0,1,11532
11415,25,80,43731322.0,1,11533
11416,87,56,43731669.0,1,11534
11417,80,25,43731784.0,1,11535
11418,38,5,43732161.0,1,11536
11419,25,80,43732564.0,1,11537
11420,38,5,43732994.0,1,11538
11421,38,5,43733543.0,1,11539
11422,49,73,43736851.0,1,11540
11423,87,56,43746483.0,1,11541
11424,77,60,43747421.0,1,11542
11425,56,87,43748659.0,1,11543
11426,44,14,43750005.0,1,11544
11427,5,38,43750314.0,1,11545
11428,73,60,43751723.0,1,11546
11429,54,49,43752370.0,1,11547
11430,77,60,43752732.0,1,11548
11431,66,9,43752827.0,1,11549
11432,66,71,43752827.0,1,11551
11433,66,58,43752827.0,1,11552
11434,66,30,43752827.0,1,11553
11435,66,8,43752827.0,1,11550
11436,83,2,43762040.0,1,11554
11437,80,25,43762709.0,1,11555
11438,38,5,43766396.0,1,11556
11439,11,5,43769023.0,1,11557
11440,11,47,43771190.0,1,11558
11441,11,47,43771272.0,1,11559
11442,11,47,43771374.0,1,11560
11443,11,47,43771494.0,1,11562
11444,11,74,43771494.0,1,11561
11445,11,47,43771672.0,1,11563
11446,14,23,43806004.0,1,11564
11447,48,54,43809425.0,1,11565
11448,82,1,43810241.0,1,11566
11449,82,1,43810588.0,1,11567
11450,82,1,43810770.0,1,11568
11451,82,1,43811029.0,1,11569
11452,47,9,43811703.0,1,11570
11453,87,56,43811811.0,1,11571
11454,54,48,43813328.0,1,11572
11455,49,73,43813904.0,1,11573
11456,38,5,43813958.0,1,11574
11457,43,80,43814398.0,1,11575
11458,43,56,43814410.0,1,11576
11459,43,3,43814477.0,1,11577
11460,35,73,43816180.0,1,11578
11461,35,74,43816524.0,1,11579
11462,73,49,43817415.0,1,11580
11463,1,82,43818940.0,1,11581
11464,1,82,43819366.0,1,11582
11465,1,82,43819582.0,1,11583
11466,1,82,43819632.0,1,11584
11467,64,20,43820025.0,1,11585
11468,23,58,43820212.0,1,11597
11469,23,29,43820212.0,1,11595
11470,23,44,43820212.0,1,11594
11471,23,9,43820212.0,1,11586
11472,23,8,43820212.0,1,11588
11473,23,71,43820212.0,1,11596
11474,23,49,43820212.0,1,11593
11475,23,60,43820212.0,1,11587
11476,23,47,43820212.0,1,11599
11477,23,6,43820212.0,1,11591
11478,23,62,43820212.0,1,11590
11479,23,30,43820212.0,1,11598
11480,23,66,43820212.0,1,11592
11481,23,59,43820212.0,1,11589
11482,1,82,43820276.0,1,11600
11483,1,82,43820370.0,1,11601
11484,1,82,43820503.0,1,11602
11485,1,82,43820589.0,1,11603
11486,89,23,43820686.0,1,11604
11487,26,46,43821070.0,1,11605
11488,26,27,43821070.0,1,11607
11489,26,24,43821070.0,1,11606
11490,26,35,43821070.0,1,11608
11491,25,17,43821259.0,1,11609
11492,26,46,43821428.0,1,11610
11493,26,27,43821428.0,1,11612
11494,26,24,43821428.0,1,11611
11495,26,35,43821428.0,1,11613
11496,26,46,43821776.0,1,11614
11497,26,27,43821776.0,1,11616
11498,26,24,43821776.0,1,11615
11499,26,35,43821776.0,1,11617
11500,26,24,43822005.0,1,11619
11501,26,46,43822005.0,1,11618
11502,26,27,43822005.0,1,11620
11503,26,35,43822005.0,1,11621
11504,74,23,43822097.0,1,11622
11505,35,23,43823318.0,1,11623
11506,74,35,43823785.0,1,11624
11507,54,63,43824107.0,1,11625
11508,63,54,43826025.0,1,11626
11509,44,60,43828813.0,1,11627
11510,26,25,43833209.0,1,11628
11511,24,48,43834242.0,1,11629
11512,49,25,43834889.0,1,11630
11513,83,2,43835245.0,1,11632
11514,83,64,43835245.0,1,11631
11515,83,64,43835252.0,1,11634
11516,83,71,43835252.0,1,11636
11517,83,39,43835252.0,1,11633
11518,83,2,43835252.0,1,11635
11519,80,25,43835911.0,1,11637
11520,25,35,43837520.0,1,11638
11521,43,70,43838340.0,1,11639
11522,48,16,43838898.0,1,11640
11523,25,60,43840602.0,1,11641
11524,60,25,43858028.0,1,11642
11525,1,82,43896888.0,1,11643
11526,1,70,43897009.0,1,11644
11527,1,82,43897434.0,1,11645
11528,82,1,43898228.0,1,11646
11529,82,1,43898365.0,1,11647
11530,35,23,43900907.0,1,11648
11531,35,66,43900907.0,1,11649
11532,35,2,43900907.0,1,11650
11533,35,71,43900907.0,1,11651
11534,11,17,43903134.0,1,11653
11535,11,88,43903134.0,1,11652
11536,3,43,43903274.0,1,11654
11537,60,25,43903422.0,1,11655
11538,23,35,43905152.0,1,11656
11539,23,35,43906280.0,1,11657
11540,23,33,43906403.0,1,11658
11541,23,2,43906540.0,1,11659
11542,23,12,43906626.0,1,11660
11543,58,23,43906733.0,1,11661
11544,48,54,43908558.0,1,11662
11545,63,54,43909146.0,1,11663
11546,49,54,43909462.0,1,11664
11547,54,63,43910536.0,1,11665
11548,25,80,43910796.0,1,11666
11549,25,5,43911776.0,1,11667
11550,25,49,43912098.0,1,11668
11551,77,60,43914005.0,1,11670
11552,77,49,43914005.0,1,11669
11553,70,20,43914210.0,1,11671
11554,70,1,43914210.0,1,11672
11555,70,1,43914368.0,1,11674
11556,70,20,43914368.0,1,11673
11557,80,25,43914477.0,1,11675
11558,71,1,43914757.0,1,11676
11559,70,1,43915153.0,1,11678
11560,70,20,43915153.0,1,11677
11561,70,20,43915349.0,1,11679
11562,70,1,43915349.0,1,11680
11563,25,80,43915755.0,1,11681
11564,3,37,43916126.0,1,11682
11565,26,25,43916819.0,1,11683
11566,5,25,43923716.0,1,11684
11567,87,25,43926053.0,1,11685
11568,25,80,43926480.0,1,11686
11569,80,70,43931459.0,1,11687
11570,17,35,43932013.0,1,11688
11571,17,35,43932069.0,1,11689
11572,25,80,43935769.0,1,11690
11573,1,80,43982505.0,1,11691
11574,77,60,43984650.0,1,11692
11575,77,73,43984650.0,1,11693
11576,12,23,43986360.0,1,11694
11577,25,78,43986364.0,1,11695
11578,48,34,43986595.0,1,11696
11579,11,47,43986733.0,1,11697
11580,11,47,43986830.0,1,11698
11581,18,10,43992444.0,1,11699
11582,44,14,43994969.0,1,11700
11583,11,47,43996942.0,1,11701
11584,44,60,43998940.0,1,11702
11585,35,46,44001307.0,1,11705
11586,35,64,44001307.0,1,11704
11587,35,85,44001307.0,1,11707
11588,35,24,44001307.0,1,11706
11589,35,2,44001307.0,1,11709
11590,35,6,44001307.0,1,11708
11591,35,30,44001307.0,1,11712
11592,35,26,44001307.0,1,11710
11593,35,13,44001307.0,1,11703
11594,35,12,44001307.0,1,11711
11595,42,87,44009098.0,1,11713
11596,48,34,44009164.0,1,11714
11597,42,83,44010484.0,1,11715
11598,15,35,44012432.0,1,11716
11599,26,46,44013609.0,1,11717
11600,46,26,44020122.0,1,11718
11601,82,1,44066499.0,1,11719
11602,58,60,44068053.0,1,11720
11603,26,46,44069250.0,1,11721
11604,67,54,44069798.0,1,11722
11605,19,27,44070496.0,1,11728
11606,19,85,44070496.0,1,11725
11607,19,53,44070496.0,1,11724
11608,19,26,44070496.0,1,11727
11609,19,38,44070496.0,1,11726
11610,19,37,44070496.0,1,11729
11611,19,46,44070496.0,1,11723
11612,19,5,44070537.0,1,11730
11613,33,23,44075676.0,1,11731
11614,83,42,44076409.0,1,11732
11615,83,71,44076413.0,1,11739
11616,83,42,44076413.0,1,11737
11617,83,2,44076413.0,1,11736
11618,83,64,44076413.0,1,11734
11619,83,85,44076413.0,1,11735
11620,83,39,44076413.0,1,11733
11621,83,87,44076413.0,1,11738
11622,73,64,44078402.0,1,11740
11623,77,60,44079078.0,1,11741
11624,54,52,44079097.0,1,11742
11625,71,66,44079098.0,1,11744
11626,71,1,44079098.0,1,11745
11627,71,9,44079098.0,1,11743
11628,80,43,44079759.0,1,11746
11629,3,37,44080375.0,1,11748
11630,3,43,44080375.0,1,11747
11631,5,19,44080659.0,1,11749
11632,60,16,44080893.0,1,11750
11633,43,3,44080905.0,1,11751
11634,83,42,44081650.0,1,11752
11635,83,42,44081651.0,1,11753
11636,73,64,44081848.0,1,11754
11637,11,47,44081964.0,1,11755
11638,11,47,44082217.0,1,11757
11639,11,74,44082217.0,1,11756
11640,54,25,44087856.0,1,11758
11641,49,25,44088293.0,1,11759
11642,33,25,44088654.0,1,11760
11643,19,5,44088672.0,1,11761
11644,3,25,44088824.0,1,11762
11645,73,60,44089290.0,1,11763
11646,25,2,44091981.0,1,11765
11647,25,89,44091981.0,1,11764
11648,57,25,44093244.0,1,11766
11649,44,28,44094669.0,1,11767
11650,44,25,44095127.0,1,11768
11651,73,17,44096477.0,1,11769
11652,73,54,44096527.0,1,11770
11653,15,33,44098750.0,1,11772
11654,15,64,44098750.0,1,11771
11655,88,60,44257171.0,1,11773
11656,74,2,44264759.0,1,11774
11657,38,5,44282955.0,1,11775
11658,54,73,44329388.0,1,11776
11659,11,74,44332314.0,1,11777
11660,26,46,44333835.0,1,11778
11661,5,87,44337199.0,1,11779
11662,19,38,44338480.0,1,11783
11663,19,85,44338480.0,1,11782
11664,19,53,44338480.0,1,11781
11665,19,26,44338480.0,1,11784
11666,19,27,44338480.0,1,11785
11667,19,37,44338480.0,1,11786
11668,19,46,44338480.0,1,11780
11669,19,5,44338554.0,1,11787
11670,70,20,44340892.0,1,11788
11671,70,1,44340892.0,1,11789
11672,87,5,44346056.0,1,11790
11673,5,19,44348802.0,1,11791
11674,5,87,44348832.0,1,11792
11675,17,73,44350380.0,1,11793
11676,48,54,44351383.0,1,11794
11677,73,17,44352740.0,1,11795
11678,23,44,44352743.0,1,11796
11679,35,74,44352841.0,1,11797
11680,26,46,44353055.0,1,11798
11681,26,35,44353055.0,1,11801
11682,26,24,44353055.0,1,11799
11683,26,27,44353055.0,1,11800
11684,2,60,44355467.0,1,11802
11685,60,2,44355943.0,1,11803
11686,23,44,44356264.0,1,11812
11687,23,58,44356264.0,1,11815
11688,23,47,44356264.0,1,11817
11689,23,62,44356264.0,1,11808
11690,23,6,44356264.0,1,11809
11691,23,29,44356264.0,1,11813
11692,23,9,44356264.0,1,11804
11693,23,71,44356264.0,1,11814
11694,23,8,44356264.0,1,11806
11695,23,66,44356264.0,1,11810
11696,23,49,44356264.0,1,11811
11697,23,59,44356264.0,1,11807
11698,23,30,44356264.0,1,11816
11699,23,60,44356264.0,1,11805
11700,49,74,44357890.0,1,11820
11701,49,11,44357890.0,1,11819
11702,49,19,44357890.0,1,11818
11703,49,58,44357890.0,1,11822
11704,49,14,44357890.0,1,11821
11705,49,35,44358714.0,1,11824
11706,49,23,44358714.0,1,11823
11707,35,15,44361996.0,1,11825
11708,17,73,44362419.0,1,11826
11709,2,60,44364627.0,1,11827
11710,82,1,44411666.0,1,11828
11711,54,52,44413837.0,1,11829
11712,26,27,44414194.0,1,11832
11713,26,24,44414194.0,1,11831
11714,26,46,44414194.0,1,11830
11715,26,35,44414194.0,1,11833
11716,26,35,44414311.0,1,11837
11717,26,46,44414311.0,1,11834
11718,26,24,44414311.0,1,11835
11719,26,27,44414311.0,1,11836
11720,26,35,44414441.0,1,11841
11721,26,46,44414441.0,1,11838
11722,26,24,44414441.0,1,11839
11723,26,27,44414441.0,1,11840
11724,1,82,44414853.0,1,11842
11725,1,82,44415268.0,1,11843
11726,3,37,44417749.0,1,11845
11727,3,43,44417749.0,1,11844
11728,35,49,44417813.0,1,11846
11729,52,37,44417894.0,1,11847
11730,47,9,44419719.0,1,11848
11731,9,47,44423067.0,1,11849
11732,60,13,44426319.0,1,11850
11733,43,70,44427529.0,1,11851
11734,36,73,44427636.0,1,11852
11735,25,80,44429484.0,1,11853
11736,44,60,44430353.0,1,11854
11737,5,38,44432126.0,1,11855
11738,5,38,44432152.0,1,11856
11739,5,38,44432186.0,1,11857
11740,5,38,44432201.0,1,11858
11741,80,25,44432472.0,1,11859
11742,77,17,44442308.0,1,11860
11743,5,11,44447155.0,1,11861
11744,60,17,44453292.0,1,11862
11745,57,52,44457014.0,1,11863
11746,57,52,44457036.0,1,11864
11747,25,80,44501442.0,1,11865
11748,26,46,44504043.0,1,11866
11749,26,35,44504043.0,1,11869
11750,26,24,44504043.0,1,11867
11751,26,27,44504043.0,1,11868
11752,26,35,44504099.0,1,11873
11753,26,24,44504099.0,1,11871
11754,26,46,44504099.0,1,11870
11755,26,27,44504099.0,1,11872
11756,60,16,44505175.0,1,11876
11757,60,54,44505175.0,1,11875
11758,60,17,44505175.0,1,11874
11759,80,25,44505660.0,1,11877
11760,35,85,44505709.0,1,11878
11761,80,25,44507087.0,1,11879
11762,60,13,44509189.0,1,11880
11763,49,73,44509889.0,1,11881
11764,73,49,44510167.0,1,11882
11765,52,57,44510641.0,1,11883
11766,23,35,44510681.0,1,11885
11767,23,33,44510681.0,1,11884
11768,35,23,44512151.0,1,11886
11769,48,54,44512341.0,1,11887
11770,85,12,44512347.0,1,11888
11771,64,1,44513079.0,1,11889
11772,73,17,44513177.0,1,11890
11773,24,63,44513445.0,1,11891
11774,12,85,44514136.0,1,11892
11775,54,48,44514956.0,1,11893
11776,48,54,44515147.0,1,11894
11777,48,34,44515147.0,1,11895
11778,48,54,44515284.0,1,11896
11779,48,73,44515340.0,1,11897
11780,1,82,44517210.0,1,11898
11781,73,48,44517703.0,1,11899
11782,48,73,44517819.0,1,11900
11783,73,48,44518163.0,1,11901
11784,11,47,44518818.0,1,11903
11785,11,74,44518818.0,1,11902
11786,11,74,44519057.0,1,11904
11787,11,74,44519131.0,1,11905
11788,11,47,44519460.0,1,11906
11789,87,18,44525668.0,1,11923
11790,87,71,44525668.0,1,11919
11791,87,45,44525668.0,1,11913
11792,87,23,44525668.0,1,11910
11793,87,63,44525668.0,1,11921
11794,87,58,44525668.0,1,11920
11795,87,26,44525668.0,1,11917
11796,87,83,44525668.0,1,11916
11797,87,42,44525668.0,1,11915
11798,87,2,44525668.0,1,11914
11799,87,10,44525668.0,1,11912
11800,87,46,44525668.0,1,11911
11801,87,19,44525668.0,1,11907
11802,87,13,44525668.0,1,11908
11803,87,35,44525668.0,1,11918
11804,87,39,44525668.0,1,11909
11805,87,80,44525668.0,1,11922
11806,80,87,44525904.0,1,11924
11807,26,87,44526252.0,1,11925
11808,23,87,44526299.0,1,11926
11809,87,26,44526772.0,1,11927
11810,87,76,44526882.0,1,11928
11811,26,87,44527654.0,1,11929
11812,39,87,44527972.0,1,11930
11813,76,87,44528228.0,1,11931
11814,19,87,44529586.0,1,11932
11815,57,52,44530582.0,1,11933
11816,77,60,44531099.0,1,11934
11817,49,73,44531373.0,1,11935
11818,42,87,44532373.0,1,11936
11819,87,42,44585142.0,1,11937
11820,83,2,44586210.0,1,11938
11821,77,60,44588217.0,1,11939
11822,77,73,44588217.0,1,11940
11823,60,17,44588924.0,1,11941
11824,60,54,44588924.0,1,11942
11825,60,16,44588924.0,1,11943
11826,63,87,44589589.0,1,11944
11827,36,60,44589617.0,1,11945
11828,36,16,44589617.0,1,11946
11829,77,36,44590079.0,1,11947
11830,80,25,44590628.0,1,11948
11831,60,17,44590782.0,1,11949
11832,88,60,44591066.0,1,11950
11833,48,5,44591119.0,1,11951
11834,88,15,44591306.0,1,11952
11835,11,74,44592273.0,1,11953
11836,11,47,44592273.0,1,11954
11837,11,47,44592599.0,1,11955
11838,80,25,44593540.0,1,11956
11839,26,27,44595971.0,1,11959
11840,26,24,44595971.0,1,11958
11841,26,46,44595971.0,1,11957
11842,26,27,44596125.0,1,11962
11843,26,24,44596125.0,1,11961
11844,26,46,44596125.0,1,11960
11845,88,86,44596198.0,1,11963
11846,13,60,44596589.0,1,11964
11847,5,11,44596825.0,1,11965
11848,77,60,44598904.0,1,11966
11849,87,42,44598946.0,1,11967
11850,78,23,44600244.0,1,11968
11851,24,63,44600756.0,1,11969
11852,36,77,44601319.0,1,11970
11853,77,36,44602138.0,1,11971
11854,60,8,44602483.0,1,11972
11855,83,39,44603779.0,1,11973
11856,83,85,44603779.0,1,11974
11857,45,24,44604462.0,1,11975
11858,45,42,44604462.0,1,11976
11859,45,87,44604462.0,1,11977
11860,23,78,44607506.0,1,11978
11861,20,88,44611078.0,1,11979
11862,82,1,44611954.0,1,11980
11863,5,11,44614228.0,1,11981
11864,5,48,44619602.0,1,11982
11865,48,54,44670790.0,1,11983
11866,18,52,44674931.0,1,11984
11867,36,77,44675812.0,1,11985
11868,80,25,44677306.0,1,11986
11869,11,74,44677357.0,1,11987
11870,52,18,44677576.0,1,11988
11871,11,74,44677652.0,1,11989
11872,11,47,44677652.0,1,11990
11873,77,36,44679314.0,1,11991
11874,43,48,44682420.0,1,11992
11875,39,45,44683119.0,1,11993
11876,64,16,44691119.0,1,11994
11877,77,64,44691795.0,1,11995
11878,18,52,44692135.0,1,11996
11879,36,77,44692185.0,1,11997
11880,47,60,44692190.0,1,11999
11881,47,9,44692190.0,1,11998
11882,47,11,44692190.0,1,12000
11883,47,28,44692190.0,1,12001
11884,77,36,44692397.0,1,12002
11885,77,64,44694916.0,1,12003
11886,66,9,44697457.0,1,12004
11887,85,53,44699146.0,1,12005
11888,87,26,44703513.0,1,12016
11889,87,35,44703513.0,1,12017
11890,87,19,44703513.0,1,12006
11891,87,18,44703513.0,1,12023
11892,87,45,44703513.0,1,12012
11893,87,12,44703513.0,1,12019
11894,87,71,44703513.0,1,12018
11895,87,46,44703513.0,1,12010
11896,87,10,44703513.0,1,12011
11897,87,23,44703513.0,1,12009
11898,87,42,44703513.0,1,12014
11899,87,2,44703513.0,1,12013
11900,87,58,44703513.0,1,12020
11901,87,63,44703513.0,1,12021
11902,87,80,44703513.0,1,12022
11903,87,39,44703513.0,1,12008
11904,87,13,44703513.0,1,12007
11905,87,83,44703513.0,1,12015
11906,80,87,44710824.0,1,12024
11907,83,87,44778492.0,1,12025
11908,88,16,44849320.0,1,12027
11909,88,60,44849320.0,1,12026
11910,25,80,44902175.0,1,12028
11911,1,82,44933212.0,1,12029
11912,39,87,44933901.0,1,12030
11913,26,46,44935187.0,1,12031
11914,26,35,44935187.0,1,12034
11915,26,27,44935187.0,1,12033
11916,26,24,44935187.0,1,12032
11917,54,32,44936914.0,1,12035
11918,2,20,44938863.0,1,12036
11919,48,34,44939614.0,1,12037
11920,15,88,44940290.0,1,12038
11921,22,88,44940853.0,1,12039
11922,54,52,44940880.0,1,12040
11923,63,87,44941432.0,1,12041
11924,87,63,44941586.0,1,12042
11925,80,25,44942033.0,1,12043
11926,2,17,44942750.0,1,12044
11927,44,30,44943673.0,1,12045
11928,32,54,44946153.0,1,12046
11929,83,39,44948495.0,1,12047
11930,15,88,44952887.0,1,12048
11931,54,43,44953723.0,1,12049
11932,80,25,44954802.0,1,12050
11933,43,54,44955276.0,1,12051
11934,39,83,44955532.0,1,12052
11935,54,73,44956237.0,1,12053
11936,83,39,44961444.0,1,12054
11937,83,2,44961444.0,1,12055
11938,34,48,44966305.0,1,12056
11939,12,87,44972325.0,1,12057
11940,83,2,44974376.0,1,12058
11941,83,39,44974563.0,1,12059
11942,83,2,44974563.0,1,12060
11943,25,80,45000859.0,1,12061
11944,87,24,45016790.0,1,12062
11945,88,85,45019182.0,1,12063
11946,73,25,45020159.0,1,12064
11947,54,63,45020289.0,1,12065
11948,54,63,45020370.0,1,12066
11949,43,37,45022702.0,1,12068
11950,43,3,45022702.0,1,12067
11951,87,6,45023124.0,1,12069
11952,15,44,45028340.0,1,12070
11953,15,14,45028340.0,1,12072
11954,15,33,45028340.0,1,12071
11955,2,89,45029289.0,1,12073
11956,23,60,45029335.0,1,12074
11957,6,87,45034781.0,1,12075
11958,45,42,45034970.0,1,12076
11959,45,87,45034970.0,1,12077
11960,87,11,45035888.0,1,12078
11961,87,47,45035888.0,1,12079
11962,32,54,45035942.0,1,12080
11963,87,45,45040308.0,1,12081
11964,70,43,45040886.0,1,12082
11965,15,88,45043633.0,1,12083
11966,26,46,45043926.0,1,12084
11967,26,24,45043926.0,1,12085
11968,26,27,45043926.0,1,12086
11969,85,78,45044904.0,1,12087
11970,48,34,45045463.0,1,12088
11971,87,2,45047882.0,1,12090
11972,87,83,45047882.0,1,12091
11973,87,39,45047882.0,1,12089
11974,60,13,45049074.0,1,12092
11975,2,87,45049628.0,1,12093
11976,54,64,45105531.0,1,12094
11977,48,73,45107460.0,1,12095
11978,48,73,45108817.0,1,12096
11979,48,49,45109373.0,1,12097
11980,3,37,45110201.0,1,12098
11981,73,48,45110450.0,1,12099
11982,3,43,45110586.0,1,12100
11983,3,37,45110586.0,1,12101
11984,3,43,45110679.0,1,12102
11985,39,87,45113907.0,1,12103
11986,26,27,45114498.0,1,12106
11987,26,24,45114498.0,1,12105
11988,26,46,45114498.0,1,12104
11989,48,54,45114513.0,1,12107
11990,26,27,45114687.0,1,12109
11991,26,46,45114687.0,1,12108
11992,26,27,45114894.0,1,12112
11993,26,24,45114894.0,1,12111
11994,26,46,45114894.0,1,12110
11995,15,88,45116689.0,1,12113
11996,11,74,45118805.0,1,12114
11997,11,47,45118911.0,1,12116
11998,11,74,45118911.0,1,12115
11999,24,73,45119531.0,1,12117
12000,88,15,45120095.0,1,12118
12001,49,64,45120725.0,1,12119
12002,15,73,45121454.0,1,12120
12003,6,60,45121781.0,1,12121
12004,12,13,45121872.0,1,12122
12005,48,54,45122399.0,1,12123
12006,48,52,45122399.0,1,12124
12007,60,73,45124352.0,1,12125
12008,49,48,45124874.0,1,12126
12009,48,49,45128066.0,1,12127
12010,1,82,45128195.0,1,12128
12011,60,30,45129501.0,1,12129
12012,73,24,45130164.0,1,12130
12013,87,24,45134300.0,1,12131
12014,23,60,45158008.0,1,12132
12015,54,48,45188717.0,1,12133
12016,82,1,45188901.0,1,12134
12017,48,54,45189751.0,1,12135
12018,60,16,45191769.0,1,12136
12019,85,12,45192639.0,1,12137
12020,52,18,45193652.0,1,12138
12021,80,25,45195994.0,1,12139
12022,60,66,45196528.0,1,12140
12023,71,30,45197318.0,1,12144
12024,71,1,45197318.0,1,12143
12025,71,9,45197318.0,1,12141
12026,71,66,45197318.0,1,12142
12027,71,30,45197394.0,1,12149
12028,71,66,45197394.0,1,12146
12029,71,1,45197394.0,1,12147
12030,71,18,45197394.0,1,12150
12031,71,9,45197394.0,1,12145
12032,71,87,45197394.0,1,12148
12033,71,66,45198074.0,1,12152
12034,71,2,45198074.0,1,12153
12035,71,9,45198074.0,1,12151
12036,87,24,45198419.0,1,12154
12037,24,87,45199195.0,1,12155
12038,20,89,45199458.0,1,12156
12039,20,85,45199458.0,1,12160
12040,20,2,45199458.0,1,12161
12041,20,74,45199458.0,1,12162
12042,20,35,45199458.0,1,12163
12043,20,64,45199458.0,1,12158
12044,20,17,45199458.0,1,12157
12045,20,10,45199458.0,1,12159
12046,77,60,45199494.0,1,12164
12047,1,82,45202096.0,1,12165
12048,1,82,45202473.0,1,12166
12049,82,1,45203159.0,1,12167
12050,82,1,45203382.0,1,12168
12051,47,9,45204648.0,1,12169
12052,52,43,45206488.0,1,12170
12053,22,88,45209879.0,1,12171
12054,23,60,45210375.0,1,12172
12055,54,52,45211716.0,1,12173
12056,1,82,45212712.0,1,12174
12057,1,70,45212810.0,1,12175
12058,1,82,45212810.0,1,12176
12059,1,82,45213001.0,1,12177
12060,5,38,45213488.0,1,12178
12061,23,60,45214088.0,1,12179
12062,88,85,45214156.0,1,12180
12063,38,5,45215350.0,1,12181
12064,19,73,45216692.0,1,12182
12065,73,19,45217845.0,1,12183
12066,15,60,45219013.0,1,12184
12067,15,16,45219013.0,1,12185
12068,43,70,45219941.0,1,12186
12069,60,23,45219985.0,1,12187
12070,70,43,45279378.0,1,12188
12071,39,2,45279817.0,1,12189
12072,39,83,45279817.0,1,12190
12073,47,63,45281882.0,1,12191
12074,47,63,45281936.0,1,12192
12075,35,26,45281978.0,1,12196
12076,35,24,45281978.0,1,12195
12077,35,13,45281978.0,1,12193
12078,35,12,45281978.0,1,12197
12079,35,46,45281978.0,1,12194
12080,83,2,45282275.0,1,12198
12081,83,2,45282280.0,1,12199
12082,51,76,45283920.0,1,12200
12083,22,73,45287910.0,1,12201
12084,15,44,45289979.0,1,12202
12085,35,64,45290651.0,1,12203
12086,15,44,45294141.0,1,12204
12087,73,22,45297456.0,1,12205
12088,63,58,45297789.0,1,12208
12089,63,23,45297789.0,1,12206
12090,63,10,45297789.0,1,12207
12091,63,18,45297789.0,1,12209
12092,36,60,45298674.0,1,12210
12093,85,17,45299697.0,1,12211
12094,26,46,45301515.0,1,12212
12095,46,26,45301553.0,1,12213
12096,17,73,45304269.0,1,12214
12097,30,60,45305184.0,1,12215
12098,66,71,45310383.0,1,12216
12099,58,42,68905594.0,1,9349
12100,52,54,69049054.0,1,9350
12101,22,58,69052554.0,1,9351
12102,38,5,69053364.0,1,9352
12103,88,73,69053521.0,1,9353
12104,38,5,69053551.0,1,9354
12105,25,85,69054911.0,1,9355
12106,64,17,69055806.0,1,9356
12107,73,88,69060020.0,1,9357
12108,80,70,69060689.0,1,9358
12109,15,35,69061072.0,1,9359
12110,24,45,69063972.0,1,9360
12111,22,58,69064153.0,1,9361
12112,45,42,69065694.0,1,9362
12113,45,18,69065694.0,1,9363
12114,24,57,69066070.0,1,9364
12115,42,45,69066475.0,1,9365
12116,45,42,69066714.0,1,9366
12117,42,45,69066881.0,1,9367
12118,80,70,69069054.0,1,9368
12119,45,42,69069163.0,1,9369
12120,42,45,69069362.0,1,9370
12121,45,42,69069568.0,1,9371
12122,42,45,69069666.0,1,9372
12123,45,42,69069857.0,1,9373
12124,42,45,69070011.0,1,9374
12125,42,45,69070328.0,1,9375
12126,45,42,69070605.0,1,9376
12127,42,45,69070639.0,1,9377
12128,17,10,69072058.0,1,9378
12129,48,24,69123250.0,1,9379
12130,48,24,69123329.0,1,9380
12131,8,59,69126659.0,1,9381
12132,36,16,69127867.0,1,9382
12133,70,1,69132906.0,1,9384
12134,70,20,69132906.0,1,9383
12135,70,56,69132962.0,1,9385
12136,70,80,69132962.0,1,9387
12137,70,43,69132962.0,1,9386
12138,60,21,69137589.0,1,9409
12139,60,72,69137589.0,1,9403
12140,60,22,69137589.0,1,9404
12141,60,62,69137589.0,1,9405
12142,60,6,69137589.0,1,9406
12143,60,31,69137589.0,1,9407
12144,60,49,69137589.0,1,9408
12145,60,15,69137589.0,1,9401
12146,60,8,69137589.0,1,9402
12147,60,16,69137589.0,1,9418
12148,60,47,69137589.0,1,9417
12149,60,58,69137589.0,1,9396
12150,60,56,69137589.0,1,9399
12151,60,13,69137589.0,1,9398
12152,60,86,69137589.0,1,9397
12153,60,11,69137589.0,1,9389
12154,60,43,69137589.0,1,9410
12155,60,68,69137589.0,1,9411
12156,60,44,69137589.0,1,9412
12157,60,29,69137589.0,1,9413
12158,60,71,69137589.0,1,9414
12159,60,30,69137589.0,1,9416
12160,60,12,69137589.0,1,9415
12161,60,33,69137589.0,1,9393
12162,60,14,69137589.0,1,9394
12163,60,28,69137589.0,1,9395
12164,60,9,69137589.0,1,9388
12165,60,23,69137589.0,1,9400
12166,60,42,69137589.0,1,9390
12167,60,83,69137589.0,1,9391
12168,60,87,69137589.0,1,9392
12169,5,38,69138076.0,1,9419
12170,5,38,69138089.0,1,9420
12171,45,42,69138604.0,1,9421
12172,88,16,69138831.0,1,9422
12173,88,16,69139142.0,1,9423
12174,42,45,69139322.0,1,9424
12175,26,24,69139755.0,1,9425
12176,24,26,69139920.0,1,9426
12177,26,24,69140914.0,1,9427
12178,24,26,69141372.0,1,9428
12179,43,60,69141912.0,1,9429
12180,26,24,69142174.0,1,9430
12181,26,24,69142448.0,1,9431
12182,77,88,69144094.0,1,9432
12183,73,47,69145778.0,1,9433
12184,5,38,69148317.0,1,9434
12185,49,73,69149941.0,1,9435
12186,2,25,69153992.0,1,9436
12187,26,24,69155385.0,1,9438
12188,26,46,69155385.0,1,9437
12189,26,46,69155755.0,1,9439
12190,60,29,69159006.0,1,9440
12191,83,2,69180060.0,1,9441
12192,1,70,69210600.0,1,9442
12193,1,82,69210600.0,1,9443
12194,54,48,69211491.0,1,9444
12195,13,48,69221274.0,1,9445
12196,54,52,69224547.0,1,9446
12197,24,57,69226777.0,1,9447
12198,48,54,69227310.0,1,9448
12199,42,45,69229201.0,1,9449
12200,48,60,69229552.0,1,9450
12201,80,76,69231423.0,1,9451
12202,1,70,69231566.0,1,9452
12203,1,82,69231566.0,1,9453
12204,1,70,69232194.0,1,9454
12205,49,73,69232293.0,1,9455
12206,47,73,69241701.0,1,9456
12207,85,25,69253538.0,1,9457
12208,1,82,69298669.0,1,9458
12209,54,52,69298742.0,1,9459
12210,73,47,69302551.0,1,9460
12211,47,73,69303497.0,1,9461
12212,73,17,69307256.0,1,9462
12213,73,17,69315093.0,1,9463
12214,17,73,69316181.0,1,9464
12215,88,16,69317577.0,1,9465
